RowId,ChestNo,ContentFinderConditionId,MapId,TerritoryTypeId,TreasureId,DungeonBossId,Position
1,1,4,31,1036,93,3,-324.51367;5.569519;348.989
2,2,4,31,1036,94,1,65.62903;32.791626;-32.211792
3,3,4,31,1036,95,2,-32.059265;23.910828;62.027832
4,4,4,31,1036,98,0,132.61609;27.817139;-100.1145
5,5,4,31,1036,99,0,-0.35101318;15.304749;177.08093
6,6,4,31,1036,100,2,-15.793152;20.09607;100.175415
7,7,4,31,1036,101,0,-163.56152;19.302612;124.49829
8,1,2,8,1037,11,7,-46.64691;14.02301;-15.121765
9,2,2,8,1037,15,0,70.11511;23.788818;3.5552979
10,3,2,8,1037,16,4,-7.827942;30.807983;-16.464539
11,4,2,8,1037,17,5,-22.90387;24.704224;20.706482
12,5,2,8,1037,62,6,-89.52472;13.839905;7.583679
13,6,2,8,1037,118,6,8.590759;23.453125;75.45581
14,7,2,8,1037,119,0,-154.284;16.586548;106.09595
15,1,3,40,1038,52,8,41.916504;-9.811584;-69.108154
16,2,3,40,1038,65,0,63.736816;-9.903137;-38.651123
17,3,3,41,1038,51,10,-100.54175;-57.90808;-4.409851
18,4,3,41,1038,53,9,14.877502;-38.040833;110.154785
19,5,3,41,1038,57,0,97.642456;-41.641907;70.42041
20,6,3,41,1038,58,9,-97.45941;-38.254395;110.12427
21,7,3,41,1038,59,0,-65.20184;-42.008118;167.193
22,1,7,46,1245,86,0,156.9674;6.278364;-66.08765
23,2,7,46,1245,87,0,30.685791;-15.823608;-132.49414
24,3,7,46,1245,88,0,-122.972534;9.811523;-1.0529175
25,4,7,46,1245,89,11,35.66028;0.9002075;128.25195
26,5,7,46,1245,90,0,-183.94751;-15.335327;-134.44727
27,6,7,46,1245,91,11,-183.24567;-15.335327;-135.75952
28,7,7,46,1245,92,13,-277.18018;17.196838;19.882507
29,8,7,46,1245,113,0,74.784424;-10.940796;-107.74402
30,9,7,46,1245,114,11,41.641846;-10.910278;-84.30609
31,10,7,46,1245,115,0,18.142944;-10.940796;-190.41736
32,11,7,46,1245,116,0,-39.68878;-11.062805;-129.25922
33,12,7,46,1245,117,0,-82.93286;-10.940796;-113.69501
34,1,1,9,1039,19,14,50.492065;-16.06781;62.241577
35,2,1,9,1039,21,14,-103.868225;-4.196289;111.95532
36,3,1,9,1039,22,0,-44.78528;-4.0742188;104.72266
37,4,1,9,1039,23,15,-90.196106;-8.194153;-47.837036
38,5,1,9,1039,25,0,54.12378;-20.035156;-99.83978
39,6,1,9,1039,27,16,234.2107;-39.292053;-144.30463
40,7,1,9,1039,29,15,8.132996;-11.856262;-45.12097
41,1,6,48,1040,68,0,-66.78876;-0.015319824;-50.675232
42,2,6,48,1040,73,17,16.433899;-0.015319824;-0.045776367
43,3,6,48,1040,77,18,16.189758;-18.814392;1.6937256
44,4,6,54,1040,69,0,2.670288;16.983276;107.377686
45,5,6,54,1040,79,20,-2.5482788;16.983276;17.959839
46,6,6,55,1040,70,0,-46.40277;-18.814392;-53.910156
47,7,6,55,1040,71,0,47.16565;-18.814392;37.308228
48,1,8,45,1041,105,0,43.900146;6.94281;-75.27283
49,2,8,45,1041,106,22,65.56799;3.189148;-59.739075
50,3,8,45,1041,107,23,19.33313;15.762573;-62.790894
51,4,8,45,1041,108,0,65.56799;3.189148;-59.739075
52,5,8,45,1041,109,21,113.969604;-3.189148;-25.68097
53,6,8,45,1041,110,22,-15.182739;5.722107;-92.8512
54,7,8,45,1041,111,23,-113.26776;-1.4191895;-51.010986
55,8,8,45,1041,112,24,-18.72284;35.477173;-234.85168
56,1,9,43,1267,131,0,151.68994;-1.0223389;46.67737
57,2,9,43,1267,133,25,196.30725;-4.0131226;-37.094727
58,3,9,43,1267,134,26,187.79272;-4.0131226;-45.822937
59,4,9,43,1267,135,0,-136.85822;-18.020935;-13.870483
60,5,9,43,1267,136,25,-63.035095;-12.008911;-53.055664
61,6,9,43,1267,138,0,249.98853;-4.0131226;-0.015319824
62,7,9,44,1267,137,26,48.02002;-48.477966;11.215393
63,1,12,52,1303,164,28,-14.816589;-9.567444;209.46057
64,2,12,52,1303,166,29,-143.02283;-4.287842;139.97095
65,3,12,96,1303,159,0,240.61938;-0.045776367;-65.32391
66,4,12,96,1303,161,0,274.79968;5.508484;-198.3216
67,5,12,97,1303,162,0,-117.47925;-5.9052734;-217.7005
68,6,12,97,1303,163,0,-233.0816;-5.6000977;-75.24231
69,7,12,97,1303,167,30,-180.71259;-4.623535;-218.00574
70,1,11,37,1042,179,0,55.039307;4.989685;53.147095
71,2,11,37,1042,180,0,-8.377258;-0.015319824;-20.126648
72,3,11,37,1042,181,0,-22.324036;0.045776367;-142.01575
73,4,11,37,1042,182,31,-0.07635498;-0.015319824;105.088745
74,5,11,37,1042,183,0,47.592896;3.982544;-81.101746
75,6,11,37,1042,184,0,47.714844;3.982544;-79.02649
76,7,11,37,1042,185,0,-0.015319824;0.07623291;-264.27106
77,1,13,50,171,170,0,81.83411;1.9378662;127.39758
78,2,13,50,171,174,34,25.986084;-13.962036;61.264893
79,3,13,86,171,172,0,-225.69629;-23.117432;42.557373
80,4,13,86,171,173,0,-140.03204;-25.80304;56.10742
81,5,13,86,171,175,0,-98.46649;-30.136597;-36.270752
82,6,13,86,171,176,0,-95.018005;-30.319702;-36.30127
83,7,13,86,171,177,36,79.14844;-39.017395;-178.69849
84,1,5,38,172,148,39,-400.44257;-31.693054;-111.55878
85,2,5,38,172,149,37,18.57019;-9.445435;-42.954163
86,3,5,38,172,151,38,-170.51965;-30.014526;-161.30316
87,4,5,38,172,153,0,-44.327515;-15.793152;-128.31317
88,5,5,38,172,154,0,-116.28906;-29.098999;-111.10095
89,6,5,38,172,155,38,-211.4748;-26.108215;-210.49823
90,7,5,38,172,156,0,-334.9508;-33.463074;-113.54242
91,1,10,32,159,139,42,73.014404;5.996765;-461.9364
92,2,10,32,159,140,40,125.01709;-12.008911;92.11865
93,3,10,32,159,141,41,37.79651;-0.015319824;-249.01202
94,4,10,32,159,144,0,106.06543;-14.023071;266.83447
95,5,10,32,159,145,40,-35.29419;-0.015319824;-156.2677
96,6,10,32,159,146,41,121.11084;-0.015319824;-156.42023
97,7,10,32,159,147,0,37.735474;4.989685;-319.05096
98,1,14,49,167,186,0,-81.1933;-2.02948;-52.10962
99,2,14,49,167,189,45,-13.382202;-0.015319824;-0.015319824
100,3,14,84,167,187,45,-34.62274;22.293396;-33.37152
101,4,14,84,167,188,46,200.73242;21.957703;93.40039
102,5,14,84,167,190,46,198.74878;21.957703;-161.05902
103,6,14,84,167,213,0,294.05652;21.957703;-3.768982
104,7,14,85,167,192,47,-8.224609;47.989624;-0.015319824
105,1,17,108,160,230,48,-5.935791;1.3884888;-28.885437
106,2,17,130,160,231,0,-41.428284;29.984009;54.672974
107,3,17,130,160,232,0,-4.409851;29.984009;-15.365906
108,4,17,130,160,234,48,42.130127;29.984009;-69.993164
109,5,17,131,160,233,50,42.526855;59.983154;-9.018127
110,6,17,132,160,235,49,-18.204102;89.98242;-0.015319824
111,7,17,133,160,236,50,-0.015319824;139.97095;-18.32611
112,8,17,134,160,237,51,-13.931519;194.01843;-0.015319824
113,1,18,141,349,238,0,56.351562;-8.438293;-143.0534
114,2,18,141,349,242,52,61.997314;-12.130981;-48.41687
115,3,18,142,349,239,53,28.18335;-38.132385;64.0116
116,4,18,142,349,240,0,-78.477234;-41.703003;133.56213
117,5,18,142,349,241,0,-96.75751;-38.4375;111.55859
118,6,18,142,349,243,53,13.046387;-38.07129;112.50476
119,7,18,142,349,245,54,-101.335205;-56.992493;-11.673218
120,1,19,137,350,247,56,70.11511;-0.015319824;-48.90515
121,2,19,137,350,251,56,-15.823608;-0.015319824;1.5106201
122,3,19,138,350,246,55,-41.763977;16.983276;15.854065
123,4,19,138,350,250,55,12.313965;16.983276;0.503479
124,5,19,139,350,248,0,-43.076294;-18.814392;47.348755
125,6,19,139,350,249,0,-21.5;-18.814392;47.86743
126,7,19,139,350,253,57,13.717773;-18.692383;-0.015319824
127,1,22,151,363,300,58,207.04956;73.99097;-22.537598
128,2,22,151,363,301,59,125.10864;58.27417;18.753235
129,3,22,151,363,302,0,-32.700073;19.241516;-1.8463745
130,4,22,151,363,304,58,98.68005;41.97754;-48.539
131,5,22,151,363,306,59,-38.4375;11.9782715;72.3125
132,6,22,152,363,303,0,71.885254;-261.0056;-19.241638
133,7,22,152,363,307,60,-5.6916504;-280.01837;-13.687378
134,1,21,145,360,283,0,30.044922;-15.6710205;-133.98956
135,2,21,145,360,284,62,108.84253;-2.6398926;94.2854
136,3,21,145,360,285,0,87.57141;1.9073486;137.34644
137,4,21,145,360,286,0,-272.1447;-0.10687256;158.67847
138,5,21,145,360,287,61,-79.39276;-10.208313;-93.7973
139,6,21,145,360,288,62,164.4159;4.501404;230.94519
140,7,21,145,360,290,63,-272.4804;17.593567;18.844849
141,1,20,146,362,267,0,64.530396;3.3721924;-9.750549
142,2,20,146,362,268,65,66.422485;4.257263;-56.351562
143,3,20,146,362,269,0,65.171265;18.295532;-86.99176
144,4,20,146,362,270,0,-42.37433;18.478638;-119.06616
145,5,20,146,362,271,64,110.61267;-1.5717163;-49.69867
146,6,20,146,362,272,65,-24.002502;25.528198;-176.47064
147,7,20,146,362,274,66,-29.404175;35.202515;-229.08374
148,1,23,168,361,275,67,231.70813;65.78162;-144.21307
149,2,23,168,361,276,68,67.91785;53.69641;-210.25409
150,3,23,168,361,277,0,39.53601;44.174805;-127.64172
151,4,23,168,361,278,0,-294.48395;6.210388;-44.846252
152,5,23,168,361,279,67,219.56201;64.68298;-29.770386
153,6,23,168,361,280,68,-94.31604;44.174805;-123.00299
154,7,23,168,361,282,69,-327.152;2;35.92964
155,1,24,165,373,332,70,-18.478699;23.330994;41.000854
156,2,24,165,373,333,71,81.986694;16.403442;140.15405
157,3,24,165,373,334,0,132.31091;16.433899;78.84338
158,4,24,165,373,335,0,-150.89648;15.762573;91.26416
159,5,24,165,373,336,70,38.712036;16.281311;97.30664
160,6,24,165,373,337,71,86.93054;22.079773;-46.891052
161,7,24,165,373,339,72,-48.966248;14.053467;-13.290649
162,1,25,157,365,291,73,8.46875;-0.015319824;-110.70422
163,2,25,157,365,292,74,-7.888916;-0.015319824;-177.11151
164,3,25,157,365,293,0,-25.92511;0.1373291;-104.29547
165,4,25,157,365,294,0,-23.819397;0.045776367;-102.83057
166,5,25,157,365,295,73,-39.383606;-3.8911133;24.002441
167,6,25,157,365,296,74,-1.8158569;3.7994385;-229.48047
168,7,25,157,365,298,75,-134.29468;-7.9804688;-56.01587
169,1,27,174,1062,392,77,59.830566;-2.5177612;-103.65454
170,2,27,174,1062,393,0,-106.30963;10.452393;-99.71777
171,3,27,174,1062,394,0,-108.72058;10.421875;-100.93848
172,4,27,174,1062,395,79,14.450195;40.05493;66.819214
173,1,28,169,387,353,80,148.1803;13.992493;-77.6532
174,2,28,169,387,354,0,-116.13641;15.548889;149.64526
175,3,28,169,387,355,0,-117.29614;15.548889;148.42444
176,4,28,169,387,356,82,-322.4079;5.508484;320.05798
177,1,26,182,367,346,0,222.18652;-4.0131226;2.5787354
178,2,26,182,367,347,0,222.21704;-4.0131226;-2.5482788
179,3,26,182,367,348,85,124.65088;-4.0131226;-0.07635498
180,4,26,183,367,345,83,-34.592224;-51.010986;-13.565308
181,1,32,201,1063,413,86,179.4613;7.0648804;-13.473755
182,2,32,201,1063,417,86,5.3253784;26.474365;-10.482971
183,3,32,202,1063,414,87,-84.18408;338.70447;-192.82831
184,4,32,202,1063,415,0,-69.993164;338.4298;-233.99713
185,5,32,202,1063,418,87,10.330261;345.9983;-135.08813
186,6,32,203,1063,416,0,45.395508;620.1113;-21.25586
187,7,32,203,1063,420,88,-40.787415;641.01624;-90.92853
188,1,30,188,188,357,89,173.9767;-18;386.0976
189,2,30,188,188,358,0,27.66455;-0.015319824;-155.71838
190,3,30,188,188,359,0,93.79712;-12.100403;-336.44617
191,4,30,188,188,360,0,192.95032;-12.008911;-325.97852
192,5,30,188,188,362,89,125.01709;-12.008911;92.11865
193,6,30,188,188,364,90,37.79651;-0.015319824;-249.01202
194,7,30,188,188,365,91,73.014404;5.996765;-461.9364
195,1,29,189,189,396,92,-196.79565;-0.80877686;-85.61841
196,2,29,189,189,397,93,-9.903137;-0.015319824;-75.27283
197,3,29,189,189,400,92,-124.74249;-2.822998;4.6539917
198,4,29,190,189,398,0,99.56506;43.9917;17.56311
199,5,29,190,189,399,0,222.49182;44.174805;-23.849854
200,6,29,190,189,401,93,197.34485;43.9917;-164.44653
201,7,29,191,189,403,94,200.18298;-0.015319824;235.52295
202,1,36,243,1366,431,95,130.08313;-7.9804688;-4.3183594
203,2,36,243,1366,432,96,228.83948;-8.0720825;-44.60211
204,3,36,243,1366,433,0,74.021484;23.971863;-270.40515
205,4,36,243,1366,434,0,-43.99182;32.73047;-279.71313
206,5,36,243,1366,435,95,-0.289917;-0.015319824;-14.572449
207,6,36,243,1366,436,96,192.00415;-8.011047;-135.91211
208,7,36,243,1366,437,97,-69.77954;31.998047;-398.73352
209,1,37,227,1064,427,98,-126.84833;11.9782715;149.0653
210,2,37,228,1064,423,98,270.40503;120.89722;-101.36572
211,3,37,228,1064,424,99,163.68347;136.18665;-34.77533
212,4,37,228,1064,428,99,174.15112;137.59058;-110.49066
213,5,37,229,1064,425,0,-90.13507;344.13672;-360.43335
214,6,37,229,1064,426,0,-88.76172;344.13672;-358.66333
215,7,37,229,1064,429,100,-95.44525;348.16492;-406.42407
216,1,39,252,1065,456,101,182.51306;1.1443481;-79.27063
217,2,39,252,1065,457,102,154.65015;37.582886;9.323181
218,3,39,252,1065,458,0,77.164795;108.23218;-29.892456
219,4,39,252,1065,459,0,90.01294;123.24707;-107.49988
220,5,39,252,1065,460,101,322.13306;93.98035;-183.4898
221,6,39,252,1065,461,102,-8.407776;59.983154;57.968994
222,7,39,252,1065,462,103,34.98889;148.39392;-289.02118
223,1,34,248,1066,452,104,-0.015319824;-291.98145;-112.65735
224,2,34,249,1066,448,104,76.157715;-263.99634;-31.601501
225,3,34,250,1066,449,105,67.97888;-263.99634;-14.969177
226,4,34,250,1066,453,105,-12.893921;-0.015319824;72.06836
227,5,34,251,1066,450,0,-78.11096;-0.015319824;-15.518433
228,6,34,251,1066,451,0,-59.769653;284.99268;-18.020935
229,7,34,251,1066,454,106,-0.07635498;299.97705;-5.6306763
230,1,31,241,1109,440,107,101.85388;-8.011047;-25.436829
231,2,31,241,1109,441,108,49.881714;-9.018127;75.82202
232,3,31,241,1109,442,0,248.85938;-24.002502;-21.25586
233,4,31,241,1109,443,0,224.44495;-40.024475;-50.980408
234,5,31,241,1109,444,107,12.191956;-0.015319824;0.045776367
235,6,31,241,1109,445,108,177.96594;-8.011047;9.567322
236,7,31,241,1109,446,109,385.7328;-39.047913;-59.739075
237,1,33,230,420,464,115,153.24634;54.184692;156.87793
238,2,33,230,420,465,116,84.122925;60.04419;84.03137
239,3,33,230,420,466,0,156.69482;64.042114;-99.13794
240,4,33,230,420,467,0,142.80908;61.17334;-237.20148
241,5,33,230,420,468,115,69.90149;38.16284;215.16736
242,6,33,230,420,469,116,179.91907;64.07251;-24.124573
243,7,33,230,420,470,117,172.0149;58.51831;-353.71942
244,1,35,245,430,410,118,109.69714;2.7313232;52.109497
245,2,35,246,430,406,118,-313.0694;0.10675049;138.323
246,3,35,246,430,407,119,-242.54218;0.1373291;106.1875
247,4,35,246,430,411,119,-146.77661;0.045776367;87.6936
248,5,35,247,430,408,0,-166.76587;53.08606;-446.5553
249,6,35,247,430,409,0,166.91846;53.08606;-446.15857
250,7,35,247,430,412,120,-0.015319824;46.585815;-359.9756
251,1,41,268,511,516,121,-150.07251;-12.375122;-50.644714
252,2,41,268,511,517,122,-205.70691;-28.397034;-199.93903
253,3,41,268,511,520,121,-11.947815;2.9754639;-82.230896
254,4,41,268,511,521,122,-264.33203;-46.00598;-116.3501
255,5,41,273,511,518,0,-69.50488;-356.80176;3.7994385
256,6,41,273,511,519,0,-60.868286;-360.15875;-68.2536
257,7,41,273,511,522,123,8.102478;-349.99622;5.722107
258,1,40,263,510,499,124,13.351624;90.13501;-0.015319824
259,2,40,264,510,495,124,6.94281;63.58423;-58.18268
260,3,40,265,510,496,125,-12.863403;32.08972;-34.226013
261,4,40,265,510,500,125,56.01587;29.984009;-56.01587
262,5,40,266,510,497,0,-37.979797;6.240906;-196.15479
263,6,40,266,510,498,0,-132.40259;2.090454;-200.03058
264,7,40,266,510,501,126,-95.384155;-5.6000977;-301.31995
265,1,141,277,1111,724,128,-364.95007;324.97144;-262.28735
266,2,141,278,1111,720,128,191.42432;7.9804688;230.97571
267,3,141,278,1111,721,129,151.26257;-4.0131226;168.16968
268,4,141,278,1111,725,129,199.72534;-22.01886;137.4685
269,5,141,279,1111,722,0,261.12756;0.07623291;-64.37781
270,6,141,279,1111,723,0,280.20142;0.07623291;-148.8518
271,7,141,279,1111,726,130,220.7522;-9.506409;-181.38397
272,1,140,280,519,699,131,-234.02765;11.917236;-280.20142
273,2,140,281,519,695,131,-125.597046;-261.1277;-369.9245
274,3,140,281,519,696,132,-203.6012;-280.96442;-293.4463
275,4,140,281,519,700,132,-278.49243;-278.67554;-213.67212
276,5,140,282,519,697,0,142.25977;-856.199;316.73157
277,6,140,282,519,698,0,225.26892;-844.99884;206.43921
278,7,140,282,519,701,133,231.3114;-854.551;411.33728
279,1,171,292,1112,748,134,-399.8932;7.9804688;-170.42804
280,2,171,293,1112,744,134,392.96558;-0.015319824;282.6123
281,3,171,293,1112,745,135,412.06982;8.407715;173.9375
282,4,171,293,1112,749,135,400.01514;24.948364;88.12085
283,5,171,294,1112,746,0,445.76172;-38.71222;-220.59973
284,6,171,294,1112,747,0,358.75476;-40.024475;-207.2633
285,7,171,294,1112,750,136,399.98462;-55.00885;-410.0252
286,1,172,297,557,766,137,58.365723;81.80359;-0.13739014
287,2,172,297,557,767,141,-33.64618;44.907227;-131.36493
288,3,172,297,557,768,0,-200.12213;1.1138916;-50.125977
289,4,172,297,557,769,0,-300.77063;0.9002075;2.243042
290,5,172,297,557,770,137,202.28882;64.68298;-12.008911
291,6,172,297,557,771,141,-97.550964;44.205322;-123.79651
292,7,172,297,557,772,142,-358.69385;7.94989;64.83557
293,1,182,313,1113,774,143,137.16321;55.649536;-48.783142
294,2,182,313,1113,775,144,185.01562;55.680176;-62.60785
295,3,182,313,1113,776,0,336.29358;143.99939;-151.14062
296,4,182,313,1113,777,0,402.54822;151.35425;-253.74231
297,5,182,313,1113,778,143,-62.668823;27.969727;-79.6369
298,6,182,313,1113,779,144,257.2517;113.48132;1.3274536
299,7,182,313,1113,780,145,310.20056;166.64368;-418.53973
300,1,196,311,578,794,147,131.70056;-8.011047;94.49902
301,2,196,311,578,795,146,48.966187;-9.018127;65.537476
302,3,196,311,578,798,146,12.191956;-0.015319824;0.045776367
303,4,196,311,578,799,147,177.96594;-7.9194946;43.74756
304,5,196,312,578,796,0,132.00574;-7.888916;-172.47278
305,6,196,312,578,797,0,184.37476;-7.888916;-138.47565
306,7,196,312,578,800,148,374.16638;0.015197754;-154.03986
307,1,219,337,1114,848,149,-158.98376;2.9144287;72.98389
308,2,219,338,1114,844,149,-13.382202;-300.0077;13.290527
309,3,219,339,1114,849,0,130.60193;-299.9771;0.015197754
310,4,219,340,1114,845,0,312.00122;168.96313;216.51025
311,5,219,340,1114,846,0,364.0343;202.99072;274.73865
312,6,219,340,1114,847,0,384.63403;202.99072;332.47876
313,7,219,340,1114,850,150,342.61072;211.99353;392.01953
314,1,221,351,617,875,151,283.1311;120.59204;244.89197
315,2,221,351,617,876,152,334.76758;113.969604;175.21924
316,3,221,351,617,879,151,162.40173;137.74304;274.61658
317,4,221,351,617,880,152,284.99268;111.98596;110.85681
318,5,221,352,617,877,0,139.45215;121.20239;-150.01147
319,6,221,352,617,878,0,71.30542;116.349976;-192.88934
320,7,221,352,617,881,153,127.885864;107.34717;-316.64
321,1,238,359,1142,951,154,3.189148;6.0578003;-97.64252
322,2,238,359,1142,952,155,-84.7334;12.466553;-29.129578
323,3,238,359,1142,953,0,23.330994;-3.7080078;226.6117
324,4,238,359,1142,954,0,-25.467346;9.689453;349.41626
325,5,238,359,1142,955,154,-2.7008667;2.8839111;-206.71399
326,6,238,359,1142,956,155,-8.011047;4.4403076;89.21948
327,7,238,359,1142,957,156,-44.51062;7.736328;473.53308
328,1,235,336,1367,893,157,-36.270752;25.986084;-89.67731
329,2,235,336,1367,894,158,-7.9194946;26.077637;-166.09448
330,3,235,336,1367,895,0,59.00659;35.90442;-318.1659
331,4,235,336,1367,896,0,-30.777527;40.9093;-360.09766
332,5,235,336,1367,897,157,-0.16790771;18.478638;51.92639
333,6,235,336,1367,898,158,-14.969177;27.237305;-208.30096
334,7,235,336,1367,899,159,-4.867676;45.914307;-442.92365
335,1,240,375,1143,901,160,-25.436829;-32.12024;186.05322
336,2,240,375,1143,902,161,-30.075562;-44.205383;85.67932
337,3,240,375,1143,903,0,-5.4780884;-185.74817;-267.50598
338,4,240,375,1143,904,0,36.728394;-172.71692;-397.1466
339,5,240,375,1143,905,160,3.982544;-0.5036011;230.0907
340,6,240,375,1143,906,161,-28.244446;-45.02942;-28.397034
341,7,240,375,1143,907,162,23.941406;-167.52887;-483.23798
342,1,241,396,1144,909,163,12.802246;39.993896;133.47058
343,2,241,396,1144,910,164,-103.349365;41.97754;146.83752
344,3,241,396,1144,911,0,-202.8382;55.98523;-43.686646
345,4,241,396,1144,912,0,-246.90625;65.99524;-124.1322
346,5,241,396,1144,913,163,111.71118;40.57373;13.992493
347,6,241,396,1144,914,164,-240.07025;45.48706;115.55652
348,7,241,396,1144,915,165,-239.94812;66.9718;-205.18817
349,1,242,397,1145,942,166,-101.51831;5.996765;282.45972
350,2,242,397,1145,943,167,-3.2197266;9.994568;297.2915
351,3,242,397,1145,944,0,177.56921;19.97406;86.59485
352,4,242,397,1145,945,0,272.17517;19.97406;55.71057
353,5,242,397,1145,946,166,-212.9397;-2.02948;204.54712
354,6,242,397,1145,947,167,28.18335;13.961914;186.26685
355,7,242,397,1145,948,168,285.78613;19.97406;-39.658203
356,1,247,373,1146,922,169,-178.51532;34.86682;71.885254
357,2,247,374,1146,918,169,255.90906;96.60486;66.11731
358,3,247,374,1146,919,170,282.15454;106.370605;-24.185547
359,4,247,374,1146,920,0,134.203;115.983765;-212.32928
360,5,247,374,1146,921,0,282.00195;119.98157;-264.17944
361,6,247,374,1146,923,170,249.98853;106.43164;-85.00806
362,7,247,374,1146,924,171,250.04956;121.99585;-365.04163
363,1,262,360,662,963,172,-142.50409;0.07623291;-0.015319824
364,2,262,361,662,959,0,269.27588;-94.92645;-149.55371
365,3,262,361,662,960,173,234.27173;-92.94275;-51.71283
366,4,262,361,662,961,0,274.1588;-78.99603;212.48181
367,5,262,361,662,962,0,296.2234;-74.02161;278.0652
368,6,262,361,662,964,173,279.98767;-90.77594;63.279175
369,7,262,361,662,965,174,279.98767;-75.88312;366.4453
370,1,236,362,663,888,175,438.16272;65.140625;461.1123
371,2,236,363,663,884,175,-377.92023;288.6853;-7.5532227
372,3,236,363,663,885,177,-234.14972;295.97925;-36.453857
373,4,236,363,663,886,0,-251.05676;299.97705;-260.029
374,5,236,363,663,887,0,-155.99298;299.97705;-329.03033
375,6,236,363,663,889,177,-249.92749;295.97925;-112.38275
376,7,236,363,663,890,178,-250.04962;275.98987;-472.03784
377,1,279,413,1172,969,179,-82.01727;3.9520264;-69.108154
378,2,279,413,1172,970,180,-12.741333;3.982544;20.706482
379,3,279,413,1172,973,179,-207.75165;-1.9074707;3.982544
380,4,279,413,1172,974,180,128.95398;8.987488;3.982544
381,5,279,415,1172,971,0,251.88062;-7.950012;7.4310913
382,6,279,415,1172,972,0,363.45447;-12.008911;-37.766113
383,7,279,415,1172,975,181,486.19812;-13.962036;3.982544
384,1,284,439,742,991,182,34.042847;-16.494995;51.68225
385,2,284,439,742,992,183,30.807983;-25.528381;-64.2558
386,3,284,439,742,993,0,65.78162;-97.032104;-234.8211
387,4,284,439,742,994,0,69.29114;-96.910095;-332.53986
388,5,284,439,742,995,182,-71.39697;-3.0060425;115.67859
389,6,284,439,742,996,183,59.220215;-26.016663;-137.31598
390,7,284,439,742,997,184,62.05847;-88.0293;-484.24512
391,1,285,441,743,1003,185,-0.015319824;46.585815;-367.02527
392,2,285,442,743,999,185,-263.69116;-2.2736206;120.408936
393,3,285,442,743,1000,186,-344.13672;1.4800415;154.52808
394,4,285,442,743,1004,186,-357.32056;-13.931519;249.98853
395,5,285,443,743,1001,0,77.46997;19.97406;222.46118
396,6,285,443,743,1002,0,19.638367;11.9782715;363.02734
397,7,285,443,743,1005,187,-0.015319824;-0.015319824;289.05164
398,1,536,464,768,1029,188,-240.03973;-480.00305;-9.475891
399,2,536,465,768,1025,188,215.7168;-454.0017;-0.5340576
400,3,536,465,768,1026,189,291.70667;-471.54956;-163.1648
401,4,536,466,768,1027,0,-54.032227;-0.3204956;156.35913
402,5,536,466,768,1028,0,23.575134;0.62561035;-47.715027
403,6,536,466,768,1030,189,11.428955;-0.015319824;313.95435
404,7,536,466,768,1031,190,14.999573;72.98389;-258.3506
405,1,585,480,1173,1064,191,45.548096;19.97406;97.67297
406,2,585,480,1173,1065,192,8.0720215;35.99597;-22.293457
407,3,585,480,1173,1066,0,-107.1947;26.596436;-196.15479
408,4,585,480,1173,1067,0,-293.72095;15.701477;-305.623
409,5,585,480,1173,1068,191,173.9375;12.985352;161.8219
410,6,585,480,1173,1069,192,-0.015319824;34.195435;-78.01941
411,7,585,480,1173,1070,193,-300.0077;9.994568;-410.0252
412,1,584,481,788,1093,194,-0.015319824;2.9754639;-64.98822
413,2,584,482,788,1089,194,-63.98114;-359.94507;-74.69299
414,3,584,482,788,1090,195,8.0720215;-360.4029;-104.78375
415,4,584,482,788,1091,0,185.47339;-346.15094;-215.50323
416,5,584,482,788,1092,0,291.27942;-346.15094;-281.17804
417,6,584,482,788,1094,195,99.1073;-358.66333;-96.910095
418,7,584,482,788,1095,196,360.34167;-345.5406;-358.48022
419,1,611,500,1174,1101,197,22.171326;60.318848;49.118774
420,2,611,500,1174,1102,198,135.17957;34.958374;30.319702
421,3,611,500,1174,1103,0,318.8982;14.846985;-113.11517
422,4,611,500,1174,1104,0,367.2389;6.576599;-177.2641
423,5,611,500,1174,1105,197,-167.83398;59.983154;65.32385
424,6,611,500,1174,1106,198,144.48767;29.984009;-45.39563
425,7,611,500,1174,1107,199,370.99243;-15.030151;-269.61163
426,1,676,544,837,1203,0,-4.867676;-1.2664795;106.40112
427,2,676,544,837,1204,0,64.98816;-6.088379;0.62561035
428,3,676,544,837,1205,0,86.13721;0.503479;-189.47137
429,4,676,544,837,1206,0,71.42737;1.4800415;-326.37524
430,5,676,544,837,1207,201,-14.694458;-0.015319824;227.37463
431,6,676,544,837,1208,202,77.98877;-0.015319824;-94.28558
432,7,676,544,837,1209,203,133.98938;22.9953;-477.01233
433,1,649,528,821,1139,0,-54.52057;1.7241821;-105.27203
434,2,649,528,821,1140,0,6.515503;12.405518;-233.87512
435,3,649,528,821,1143,204,-0.015319824;6.8512573;16.159302
436,4,649,528,821,1144,205,7.156433;23.025818;-358.14453
437,5,649,529,821,1141,0,-177.01996;-182.75739;31.448853
438,6,649,529,821,1142,0,-119.676575;-156.02356;-169.6651
439,7,649,529,821,1145,206,-128.58783;-144.54877;-256.0312
440,1,651,510,823,1163,0,133.07385;-8.743469;187.64014
441,2,651,510,823,1164,0,46.98242;-11.001831;78.99597
442,3,651,510,823,1167,207,-0.015319824;5.3253784;300.98413
443,4,651,510,823,1168,208,61.69214;-21.011719;-45.02942
444,5,651,511,823,1165,0,41.794434;-60.013794;-302.72375
445,6,651,511,823,1166,0,-6.9733887;-57.02301;-424.76538
446,7,651,511,823,1169,209,16.983276;-77.01239;-552.02563
447,1,656,541,836,1155,0,149.49255;-9.781128;230.42651
448,2,656,541,836,1156,0,134.1726;-20.035156;295.42993
449,3,656,541,836,1159,210,278.37024;16.983276;192.70618
450,4,656,542,836,1157,0,205.5542;-84.00098;123.97949
451,5,656,542,836,1158,0,206.46973;-80.00305;35.110962
452,6,656,542,836,1160,211,206.5918;-86.0152;260.5172
453,7,656,542,836,1161,212,196.09363;-93.40051;-105.54663
454,1,659,536,822,1175,213,170.1228;-48.020203;-169.97028
455,2,659,537,822,1171,0,-83.14642;172.68628;-250.5379
456,3,659,537,822,1172,0,-239.73456;201.98364;-99.046326
457,4,659,537,822,1173,0,-288.1667;193.98792;87.11377
458,5,659,537,822,1174,0,-254.38324;201.98364;140.0625
459,6,659,537,822,1176,214,-240.03973;209.97937;-39.96344
460,7,659,537,822,1177,215,-240.00916;209.97937;246.26526
461,1,652,532,838,1132,0,47.16565;728.96924;-225.33002
462,2,652,532,838,1135,216,-80.03363;748.2261;67.79578
463,3,652,532,838,1136,0,60.01367;727.9927;-365.07214
464,4,652,533,838,1133,216,5.7526245;-730.00684;182.78784
465,5,652,533,838,1134,0,5.630554;-732.02106;49.149292
466,6,652,533,838,1137,218,-0.045776367;-720.02747;-55.89386
467,1,655,530,840,1148,0,208.23987;5.996765;121.171875
468,2,655,530,840,1151,219,200;316.9756;269.97778
469,3,655,530,840,1152,0,200;11.9782715;53.97119
470,4,655,531,840,1149,219,-5.56958;-844.0223;-104.1734
471,5,655,531,840,1150,0,6.210388;-844.0223;-221.78992
472,6,655,531,840,1153,221,-0.015319824;-848.02014;-340.04736
473,1,661,538,841,1180,0,-257.5876;-30.533386;3.7384033
474,2,661,538,841,1181,222,-64.62195;-38.010254;-161.883
475,3,661,538,841,1182,0,-30.014526;-38.010254;-258.01483
476,4,661,538,841,1183,222,-305.07367;-30.411255;194.29309
477,5,661,538,841,1184,0,-223.98718;-27.023743;-52.292664
478,6,661,539,841,1185,225,-0.22894287;300.98413;-388.4184
479,1,692,567,884,1217,0,69.99304;-7.0039062;115.49548
480,2,692,567,884,1218,227,57.99951;-14.023071;-23.025879
481,3,692,567,884,1219,0,50.5531;7.9804688;-197.5586
482,4,692,567,884,1220,0,34.958374;7.9804688;-239.2157
483,5,692,567,884,1221,0,-0.015319824;-0.015319824;176.98938
484,6,692,567,884,1222,227,-0.015319824;-12.527649;-75.02869
485,7,692,567,884,1223,228,-0.015319824;7.9804688;-355.00116
486,1,714,586,898,1238,0,37.43042;99.99231;140.55078
487,2,714,586,898,1239,230,53.543823;104.99719;16.494995
488,3,714,586,898,1240,0,70.2677;91.99658;-244.83105
489,4,714,586,898,1241,0,-21.927307;91.99658;-216.6629
490,5,714,586,898,1242,0,-40.024475;94.98743;274.9828
491,6,714,586,898,1243,230,19.97406;109.97168;-90.013
492,7,714,595,898,1244,231,-0.015319824;-200;-458.0301
493,1,737,592,916,1283,232,-679.89624;-24.03302;445.97546
494,2,737,593,916,1279,232,-690.11975;8.712891;-703.151
495,3,737,593,916,1280,233,-530.3273;2.090454;-528.37415
496,4,737,593,916,1284,233,-433.15784;-0.015319824;-528.8014
497,5,737,594,916,1281,0,550.71326;5.722107;505.6687
498,6,737,594,916,1282,0,672.02246;6.576599;531.9752
499,7,737,594,916,1285,234,750.02673;7.9804688;470.6034
500,1,746,627,933,1302,237,-0.015319824;-0.015319824;-7.0039062
501,2,746,628,933,1300,0,-180.01074;-220.01984;-145.00653
502,3,746,629,933,1296,0,58.121582;233.78345;-181.23145
503,4,746,629,933,1297,236,-32.669617;201.98364;-198.96246
504,5,746,630,933,1301,236,-0.015319824;149.98083;-155.53528
505,6,746,639,933,1298,0,178.97302;-598.9624;106.85889
506,7,746,639,933,1299,0,173.38818;-597.68066;-8.377258
507,1,777,666,938,1355,0,-334.43207;-10.025269;166.94885
508,2,777,666,938,1356,239,-197.65015;-23.025879;122.63672
509,3,777,666,938,1357,0,-76.34094;-25.162231;3.7384033
510,4,777,666,938,1359,0,-505.42462;-0.015319824;145.09802
511,5,777,666,938,1360,239,-175.06683;-25.009583;30.929932
512,6,777,667,938,1358,0,721.8584;-55.00885;-121.1109
513,7,777,667,938,1361,240,807.76685;-57.02301;-97.39838
514,1,783,701,952,1382,241,67.97888;-442.98468;-137.0108
515,2,783,702,952,1378,0,-342.5193;-180.83472;77.31738
516,3,783,702,952,1379,0,-225.78778;-171.83191;65.56799
517,4,783,702,952,1383,242,-258.01483;-169.02423;-40.024475
518,5,783,703,952,1380,0,22.62909;535.5764;-38.529114
519,6,783,703,952,1381,0,40.085327;539.08594;-100.1145
520,7,783,703,952,1384,243,-24.093994;546.07446;-52.933594
521,1,785,724,969,1417,246,-300.0077;-175.0058;56.687256
522,2,785,726,969,1413,0,342.3667;-0.015319824;378.1643
523,3,785,726,969,1414,0,210.43713;-0.015319824;372.9762
524,4,785,726,969,1418,247,220.99634;0.9613037;289.99768
525,5,785,727,969,1415,0,-0.015319824;492.97314;-62.119568
526,6,785,727,969,1416,0,-43.01526;483.97034;-118.21167
527,7,785,727,969,1419,248,-0.015319824;479.9724;-188.00641
528,1,789,739,970,1392,0,-340.99335;41.550293;-196.39893
529,2,789,739,970,1393,0,-309.5293;41.275635;-265.156
530,3,789,739,970,1396,249,-375.2652;14.480774;73.380615
531,4,789,739,970,1397,250,-295.12476;41.489136;-370.8095
532,5,789,740,970,1394,0,307.1183;53.87964;-6.1799316
533,6,789,740,970,1395,0,291.5846;54.48987;-110.36853
534,7,789,740,970,1398,251,300.00757;54.97815;-171.37408
535,1,787,710,974,1410,252,-144.39618;496.11658;37.03357
536,2,787,711,974,1406,0,-105.241516;623.9872;118.94409
537,3,787,711,974,1407,0,5.3864136;623.926;121.690674
538,4,787,711,974,1411,253,-0.015319824;629.96875;34.836304
539,5,787,713,974,1408,0,38.101685;-600.0305;-43.74768
540,6,787,714,974,1409,0,-44.90735;-140.00159;29.526123
541,7,787,715,974,1412,0,0.10675049;-0.015319824;-62.119568
542,1,786,719,978,1403,255,-5.996826;163.98865;466.20886
543,2,786,720,978,1400,0,-5.5390625;-212.02417;223.25464
544,3,786,720,978,1404,0,10.940674;-211.41376;128.37415
545,4,786,721,978,1401,255,-15.06073;-235.95032;-219.13489
546,5,786,721,978,1402,0,-17.868408;-238.45276;-431.99817
547,6,786,721,978,1405,0,10.910156;-236.01135;-501.24365
548,1,792,736,973,1424,258,266.49878;500.9994;-195.26971
549,2,792,737,973,1421,0,-83.48212;-0.015319824;-163.0122
550,3,792,737,973,1425,0,-105.02789;0.19836426;-224.84174
551,4,792,738,973,1422,258,-301.50305;-610.1625;91.99658
552,5,792,738,973,1423,0,-396.7804;-587.5181;-34.25659
553,6,792,738,973,1426,260,-380.02594;-577.0199;-146.31879
554,1,794,706,976,1389,261,-45.059937;195.97156;-24.03302
555,2,794,707,976,1386,0,27.847656;-23.025879;-18.905945
556,3,794,707,976,1390,0,63.95056;-38.986816;-123.52179
557,4,794,708,976,1387,261,110.85681;-445.39557;101.15198
558,5,794,708,976,1388,0,54.97815;-460.16632;-51.3161
559,6,794,708,976,1391,263,-27.69519;-465.01874;-44.022278
560,1,784,716,986,1375,264,-144.06049;684.04663;-150.01147
561,2,784,717,986,1372,0,-7.7058716;-705.9892;98.55798
562,3,784,717,986,1376,0,-0.015319824;-712.0012;-12.039368
563,4,784,718,986,1373,264,8.194031;0.99176025;206.0426
564,5,784,718,986,1374,0,4.989685;0.99176025;86.47278
565,6,784,718,986,1377,266,-0.015319824;-3.830017;-18.387146
566,1,844,752,1050,1449,0,124.04053;303.39502;-126.17688
567,2,844,753,1050,1445,0,58.6709;-0.015319824;110.91785
568,3,844,753,1050,1446,0,-12.64978;-0.015319824;-22.476562
569,4,844,753,1050,1450,0,-0.015319824;-16.006714;-195.05609
570,5,844,754,1050,1447,0,-26.993225;-350.1183;-24.887512
571,6,844,754,1050,1448,0,115.983765;-350.1183;6.240906
572,7,844,754,1050,1451,0,109.88013;-350.02673;-79.02649
573,1,869,768,1070,1470,0,183.7644;-700.0076;89.98242
574,2,869,769,1070,1466,0,-165.88086;-700.0076;5.5999756
575,3,869,769,1070,1467,0,12.069824;-698.024;-82.993835
576,4,869,769,1070,1471,270,-0.015319824;-698.024;-164.72119
577,5,869,770,1070,1468,0,-0.015319824;359.182;-107.95758
578,6,869,770,1070,1469,0,-28.000305;385.18335;-221.36267
579,7,869,770,1070,1472,0,-35.01947;385.00024;-306.8742
580,1,896,816,1097,1536,0,23.75824;386.03796;-759.7925
581,2,896,817,1097,1532,0,344.74695;42.374268;-291.58472
582,3,896,817,1097,1533,0,340.93237;34.286987;-336.4157
583,4,896,817,1097,1537,273,349.90454;33.98181;-418.2956
584,5,896,824,1097,1534,0,-341.93945;-142.68713;255.17651
585,6,896,824,1097,1535,0,-257.74017;-165.63672;208.20923
586,7,896,824,1097,1538,0,-249.80548;-173.02203;116.89929
587,1,822,831,1126,1560,0,-322.01117;-0.015319824;103.990234
588,2,822,832,1126,1556,0,232.71533;2.243042;-5.294922
589,3,822,832,1126,1557,0,386.92297;41.428223;-89.951965
590,4,822,832,1126,1561,276,424.97888;19.97406;-452.018
591,5,822,833,1126,1558,0,-384.32898;-801.66327;-45.853394
592,6,822,833,1126,1559,0,-389.08984;-814.35876;-173.57141
593,7,822,833,1126,1562,277,-370.01605;-873.0144;-344.89972
594,1,823,864,1164,1642,0,-400.99182;-550.7134;-242.17596
595,2,823,865,1164,1638,0,6.240906;232.86792;296.19275
596,3,823,865,1164,1639,0,-9.140198;207.99573;167.92542
597,4,823,865,1164,1640,0,-6.1799316;200.27454;-79.60632
598,5,823,865,1164,1641,0,-40.05493;199.90845;-272.02258
599,6,823,865,1164,1643,0,-0.07635498;199.8778;44.327393
600,7,823,865,1164,1644,280,-0.015319824;219.8977;-432.02875
601,1,826,898,1167,1667,0,150.04187;-195.08667;-20.187744
602,2,826,898,1167,1668,0,202.86865;-158.67859;116.62463
603,3,826,898,1167,1669,0,11.123779;-110.85681;149.2179
604,4,826,898,1167,1670,0,-97.45941;-115.22089;336.6903
605,5,826,898,1167,1671,281,34.98889;-203.02136;-112.596375
606,6,826,898,1167,1672,282,66.60559;-134.02002;40.512573
607,7,826,898,1167,1673,0,-107.0116;-118.028625;252.7351
608,1,824,902,1193,1650,284,-108.04913;10.971252;102.79993
609,2,824,903,1193,1646,0,-94.83484;69.962524;48.41687
610,3,824,903,1193,1647,0,-160.75385;79.972534;34.317505
611,4,824,904,1193,1648,0,-153.30743;334.67603;0.869751
612,5,824,904,1193,1649,0,-69.44385;357.99182;-91.99664
613,6,824,904,1193,1651,285,-69.0166;322.98767;-57.02301
614,7,824,904,1193,1652,0,-54.032227;377.9812;-213.24487
615,1,829,915,1194,1692,287,-105.02789;-52.018066;-169.02423
616,2,829,916,1194,1688,0,-216.35767;-210.00995;-49.66815
617,3,829,916,1194,1689,0,-78.202515;-210.00995;-92.33234
618,4,829,916,1194,1690,0,110.36853;-189.74597;-214.00781
619,5,829,916,1194,1691,0,136.98022;-184.92413;-335.04236
620,6,829,916,1194,1693,288,-70.02368;-210.00995;-155.01642
621,7,829,916,1194,1694,289,99.99231;-192.00433;-437.0031
622,1,831,899,1198,1674,0,-41.4588;6.9733276;94.31604
623,2,831,899,1198,1675,0,5.661072;6.9733276;-46.463745
624,3,831,899,1198,1676,0,19.150085;6.9733276;-327.2298
625,4,831,899,1198,1677,0,99.13782;7.034363;-347.95148
626,5,831,899,1198,1678,290,-100.02289;6.9733276;190.99707
627,6,831,899,1198,1679,291,-0.015319824;6.9733276;-119.523926
628,7,831,899,1198,1680,292,89.98242;11.9782715;-438.74268
629,1,825,907,1208,1664,293,-74.93713;-120.042725;-180.01074
630,2,825,908,1208,1661,0,-187.09088;-94.010864;-85.9541
631,3,825,908,1208,1665,0,-172.01501;-94.010864;-160.17401
632,4,825,909,1208,1662,293,102.73901;-0.015319824;220.90479
633,5,825,909,1208,1663,0,157.48828;-0.015319824;179.73596
634,6,825,909,1208,1666,295,189.99011;-0.015319824;-12.222534
635,1,827,911,1199,1699,296,851.9874;45.944946;814.8164
636,2,827,912,1199,1696,0,744.6859;64.774536;618.12756
637,3,827,913,1199,1700,0,-533.01294;-466.02582;-387.5639
638,4,827,914,1199,1697,296,-584.22217;-464.0116;-509.9718
639,5,827,914,1199,1698,0,-732.93665;-474.35724;-564.6907
640,6,827,914,1199,1701,298,-758.999;-474.02155;-658.6862
641,1,834,900,1203,1682,0,-150.68292;-175.79926;42.252197
642,2,834,900,1203,1685,299,-65.0188;-4.0131226;450.79712
643,3,834,900,1203,1686,0,-130.02216;-174.79211;-66.88031
644,4,834,901,1203,1683,299,-121.66028;-171.9845;-305.34827
645,5,834,901,1203,1684,0,-143.51111;-172.01501;-509.17834
646,6,834,901,1203,1687,301,-130.02216;-170.0008;-561.181
647,1,981,917,1204,1654,0,29.526123;-40.024475;-123.12512
648,2,981,917,1204,1657,302,-0.015319824;-29.007446;133.47058
649,3,981,917,1204,1658,0,16.983276;-38.010254;-187.02985
650,4,981,930,1204,1655,302,76.37134;-15.030151;-331.2887
651,5,981,930,1204,1656,0,142.22925;-30.014526;-357.44263
652,6,981,930,1204,1659,304,147.9972;-28.000305;-445.5177
653,1,1008,943,1242,1728,0,72.98389;-0.77819824;262.98914
654,2,1008,944,1242,1724,0,76.85962;12.039368;57.26709
655,3,1008,944,1242,1725,0,121.14136;12.039368;-24.460266
656,4,1008,944,1242,1726,0,127.58057;6.576599;-310.75
657,5,1008,944,1242,1727,0,86.045654;-22.812317;-456.74835
658,6,1008,944,1242,1729,306,115.983765;12.527649;-77.50067
659,7,1008,945,1242,1730,307,29.281982;-87.90729;-723.38446
660,1,1027,995,1266,1765,0,-247.02838;-70.02368;110.97876
661,2,1027,996,1266,1761,0,-128.58783;-99.4126;-32.6391
662,3,1027,996,1266,1762,0,-0.015319824;-236.80481;-101.03003
663,4,1027,997,1266,1766,309,-0.015319824;-234.02765;-195.05609
664,5,1027,998,1266,1763,0,-4.5625;-211.01703;-221.27112
665,6,1027,999,1266,1764,0,8.621277;-190.02063;-251.72815
666,7,1027,999,1266,1767,310,-0.015319824;-190.02063;-340.01678
667,1,1028,1055,1292,1875,0,269.97778;-582.45215;-5.0202637
668,2,1028,1056,1292,1871,0,242.99988;-499.96188;-129.01508
669,3,1028,1056,1292,1872,0,94.98743;-488.97537;-199.02344
670,4,1028,1056,1292,1873,0,-29.465149;-485.008;-174.30383
671,5,1028,1056,1292,1876,0,34.98889;-489.92145;-258.01483
672,6,1028,1057,1292,1874,0,-45.02942;-395.98688;188.67773
673,7,1028,1058,1292,1877,0,-0.015319824;319.99683;-9.018127
674,1,1064,1095,1314,1903,0,83.93982;47.989624;353.04797
675,2,1064,1096,1314,1899,0,212.93958;-109.453;-77.98895
676,3,1064,1096,1314,1900,0,289.72302;-107.86603;-63.58441
677,4,1064,1097,1314,1901,0,218.64648;-118.48633;-462.6078
678,5,1064,1097,1314,1902,0,281.29993;-115.983826;-521.2329
679,6,1064,1097,1314,1904,0,281.2085;-98.00879;-302.54065
680,7,1064,1097,1314,1905,0,280.99487;-115.00726;-637.41516
681,1,1011,1198,1345,1967,0,-614.7097;-0.015319824;555.90137
682,2,1011,1199,1345,1963,0,548.699;-4.8066406;119.98157
683,3,1011,1199,1345,1964,0,653.00977;-7.5838013;2.1209717
684,4,1011,1199,1345,1968,0,647.57764;-15.030151;-150.77448
685,5,1011,1200,1345,1965,0,516.59424;7.3395386;-298.17657
686,6,1011,1200,1345,1966,0,737.63635;75.97461;-575.8297
687,7,1011,1200,1345,1969,0,759.97546;60.990234;-806.6987
688,1,81,195,142,404,316,-270.22205;19.058472;18.08191
689,1,85,210,396,421,318,-15.030151;-0.015319824;-0.015319824
690,1,59,401,292,202,319,4.989685;-0.015319824;-0.015319824
691,1,61,39,294,201,320,1.1138916;-1.9684448;-14.328308
692,1,60,403,293,203,321,-0.015319824;-0.015319824;-5.0202637
693,1,66,36,1067,228,322,0.015197754;-0.015319824;-12.9244995
694,1,82,187,394,361,326,622.98;23.75824;65.87317
695,1,68,143,348,229,327,-0.015319824;-0.13739014;-13.077026
696,1,65,39,297,225,328,1.1138916;-1.9684448;-14.328308
697,1,64,403,296,227,329,-0.015319824;-0.015319824;-5.0202637
698,1,63,401,295,226,330,4.989685;-0.015319824;-0.015319824
699,1,67,36,364,299,331,0.015197754;-0.015319824;-12.9244995
700,1,73,147,359,309,0,0.015197754;0.015197754;-12.741333
701,1,78,166,375,340,0,-0.015319824;75.0896;-0.015319824
702,1,80,173,378,366,0,-0.015319824;-0.015319824;-12.191956
703,1,89,407,447,471,0,-9.933716;-0.015319824;-0.015319824
704,1,87,404,446,472,341,0.015197754;-0.015319824;-7.5838013
705,1,91,236,448,523,342,-0.10687256;0.015197754;-12.436096
706,1,170,304,566,751,0,-0.83929443;-0.015319824;-12.375122
707,1,135,283,524,718,344,-0.015319824;0.045776367;-11.001831
708,1,184,334,577,801,345,-0.015319824;-0.015319824;-8.224609
709,1,224,353,638,864,346,-0.015319824;-0.015319824;-10.727112
710,1,595,489,806,1115,351,99.99231;-0.015319824;100.02283
711,1,244,400,677,916,356,0.10675049;-0.10687256;-7.461731
712,1,264,399,720,949,357,-0.015319824;-0.015319824;-8.011047
713,1,278,436,730,976,358,-0.015319824;619.98914;14.999573
714,1,538,476,779,1032,359,99.99231;-0.015319824;90.89795
715,1,475,468,762,1034,360,99.99231;-0.5036011;81.986694
716,1,291,450,758,1010,361,-0.015319824;-0.015319824;-8.011047
717,1,597,503,811,1096,362,99.99231;-0.015319824;89.98242
718,1,638,516,825,1122,363,99.99231;-0.015319824;93.98035
719,1,658,556,858,1210,371,99.99231;-0.015319824;90.562256
720,1,667,557,848,1211,372,99.99231;0.015197754;89.70776
721,1,693,558,885,1216,373,99.99231;-0.015319824;89.98242
722,1,718,583,912,1237,374,99.99231;-0.015319824;89.98242
723,1,725,607,913,1265,375,34.98889;-24.002502;-694.0261
724,1,739,612,923,1286,376,99.99231;-0.015319824;84.97742
725,1,763,638,935,1303,377,99.99231;-0.015319824;91.5083
726,1,782,670,951,1362,378,79.972534;-0.015319824;91.99658
727,1,803,676,993,1369,387,99.99231;-0.015319824;97.21521
728,1,791,677,996,1370,388,99.99231;-0.015319824;87.99878
729,1,846,678,998,1452,389,99.931274;-0.015319824;89.37195
730,1,871,802,1072,1473,390,99.99231;-0.015319824;89.98242
731,1,924,823,1096,1539,391,99.99231;-0.015319824;93.492065
732,1,950,830,1141,1555,392,99.99231;-0.015319824;93.98035
733,1,965,894,1169,1645,393,99.99231;-0.015319824;87.99878
734,1,1043,1063,1300,1898,0,99.8229;0;84.2057
735,1,833,925,1196,1722,398,99.99231;-0.015319824;91.99658
736,1,996,929,1201,1723,399,99.99231;-0.015319824;92.973145
737,1,1017,928,1243,1731,400,99.99231;-0.015319824;92.973145
738,1,1031,1030,1271,1768,401,99.99231;-0.015319824;94.98743
739,1,1062,1045,1296,1878,0,99.99231;-0.015319824;94.98743
740,1,1044,1063,1306,1894,0,99.809204;-0.015319824;84.18396
741,1,1077,1110,1308,1909,0,99.99231;-0.015319824;342.48877
742,1,1116,1201,1362,2005,0,99.99231;-0.015319824;89.98242
743,1,93,57,241,217,414,-44.78528;0.869751;-412.0699
744,2,93,57,241,218,0,-44.75476;0.869751;-417.2885
745,1,94,58,242,219,415,-1.9990234;-65.96478;67.826294
746,2,94,58,242,220,0,2.243042;-65.96478;67.76526
747,1,96,59,244,221,0,11.71859;0.05813718;11.74643
748,2,96,59,244,222,0,7.946318;0.05813718;7.845553
749,1,97,60,245,223,0,18.234497;53.025024;29.281982
750,2,97,60,245,224,0,11.825684;53.757446;33.585083
751,1,98,148,355,310,417,-291.4626;10.391357;41.244995
752,2,98,148,355,311,0,-291.4557;10.42126;37.97574
753,1,99,156,356,312,418,-451.9943;800;87.91827
754,2,99,156,356,313,0,-448.2567;800;87.9183
755,1,100,66,357,314,0,-5.46898;-506.98;124.6978
756,2,100,66,357,315,0,0.06613919;-506.98;124.6978
757,1,101,150,358,316,0,-2.351817;9.438713E-07;-18.2399
758,2,101,150,358,317,0,2.364699;-4.145582E-07;-18.23985
759,1,107,175,193,367,421,-2;-1.311302E-06;-322.5
760,2,107,175,193,368,0,2;-1.311302E-06;-322.5
761,1,108,176,194,369,422,-2;-4.963;-16
762,2,108,176,194,370,0,2;-4.963;-16
763,1,109,177,195,371,0,-2;-53.23511;-177
764,2,109,177,195,372,0,2;-53.23509;-177
765,1,110,178,196,373,0,447.9895;-0.015319824;17.196838
766,2,110,178,196,374,0,451.98743;-0.015319824;17.196838
767,1,103,148,380,310,0,-291.4626;10.391357;41.244995
768,2,103,148,380,311,0,-291.4626;10.391357;37.949097
769,1,104,156,381,312,426,-452.018;799.9846;87.907104
770,2,104,156,381,313,0,-448.26428;799.9846;87.907104
771,1,105,66,382,314,0,-5.4780884;-506.98102;124.6814
772,2,105,66,382,315,0,0.045776367;-506.98102;124.6814
773,1,106,150,383,316,0,-2.3651733;-0.015319824;-18.265076
774,2,106,150,383,317,0,2.364699;-4.145582E-07;-18.23985
775,1,92,71,174,254,402,-454.91724;25.497803;23.941406
776,2,92,71,174,255,403,440.39062;66.23938;276.5697
777,3,92,71,174,256,404,-113.57294;68.22302;-368.39862
778,4,92,71,174,258,402,-451.22455;25.497803;23.941406
779,5,92,71,174,259,403,440.39062;66.23938;279.98767
780,6,92,71,174,260,404,-110.00238;68.22302;-368.39862
781,7,92,71,174,262,402,-447.53186;25.497803;23.910828
782,8,92,71,174,263,403,440.39062;66.23938;283.43628
783,9,92,71,174,264,404,-106.43176;68.22302;-368.39862
784,10,92,135,174,257,0,-114.122314;650.90405;181.56714
785,11,92,135,174,261,0,-110.03284;650.90405;181.56714
786,12,92,135,174,265,0,-105.882385;650.90405;181.56714
787,13,92,135,174,266,0,-110.03284;650.8429;174.36487
788,1,102,160,372,319,406,-3.0060425;-590.05115;-228.8396
789,2,102,160,372,323,406,-0.015319824;-590.0206;-228.8396
790,3,102,160,372,327,406,2.9754639;-590.0206;-228.8396
791,4,102,162,372,320,407,-3.0060425;-0.015319824;-226.0014
792,5,102,162,372,324,407,-0.015319824;-0.015319824;-226.0014
793,6,102,162,372,328,407,2.9754639;-0.015319824;-226.0014
794,7,102,164,372,321,408,-26.016663;600;-197.00922
795,8,102,164,372,322,0,-406.08838;500.02283;-196.03265
796,9,102,164,372,325,408,-26.016663;600;-200
797,10,102,164,372,326,0,-406.08838;499.9923;-200
798,11,102,164,372,329,408,-26.016663;600;-203.02136
799,12,102,164,372,330,0,-406.08838;499.9923;-204.02844
800,13,102,164,372,331,0,-410.2506;499.9923;-200
801,1,111,184,151,375,410,-123.00299;33.98181;293.59875
802,2,111,184,151,376,411,175.86023;81.986694;182.32996
803,3,111,184,151,377,412,-3.4332886;129.22852;-232.7154
804,4,111,184,151,378,0,-303.8529;279.95728;-411.0323
805,5,111,184,151,379,410,-123.00299;33.98181;296.98633
806,6,111,184,151,380,411,175.86023;81.986694;178.97302
807,7,111,184,151,381,412,-0.015319824;129.22852;-232.7154
808,8,111,184,151,382,0,-300.0077;279.98767;-411.00177
809,9,111,184,151,383,410,-123.00299;33.98181;300.37378
810,10,111,184,151,384,411,175.86023;81.986694;175.55493
811,11,111,184,151,385,412,3.3416748;129.22852;-232.7154
812,12,111,184,151,386,0,-296.19293;279.95728;-411.0323
813,13,111,184,151,387,0,-300.0077;279.98767;-415.03015
814,1,112,237,442,473,0,1.4800415;-24.002502;-178.02704
815,2,112,237,442,474,0,-1.5107422;-24.002502;-178.02704
816,1,113,255,443,475,0,-1.5107422;-28.000305;-94.529724
817,2,113,255,443,476,0,1.4800415;-28.000305;-94.529724
818,1,114,239,444,477,0,72.98389;-9.018127;-65.0188
819,2,114,239,444,478,0,72.98389;-9.018127;-61.020874
820,1,115,240,445,438,0,-0.015319824;10.543945;-8.377258
821,2,115,240,445,479,0,-2.02948;10.543945;-6.363098
822,3,115,240,445,480,0,1.9989014;10.543945;-6.363098
823,1,136,286,520,727,0,-2.609314;-10.025269;-208.02625
824,2,136,286,520,728,0,0.41192627;-10.025269;-208.02625
825,1,137,288,521,729,0,-1.5107422;-8.011047;-331.01398
826,2,137,288,521,730,0,1.4800415;-8.011047;-331.01398
827,1,138,289,522,731,0,-1.5107422;-0.015319824;-12.008911
828,2,138,289,522,732,0,1.4800415;-0.015319824;-12.008911
829,1,139,290,523,733,0,-1.5107422;10.482849;-18.020935
830,2,139,290,523,734,0,1.4800415;10.482849;-18.020935
831,1,186,327,580,806,0,-1.5107422;-250.29376;-268.02478
832,2,186,327,580,807,0,1.4800415;-250.29376;-268.02478
833,1,187,329,581,808,0,-1.5411987;-115.00726;-18.020935
834,2,187,329,581,809,0,1.4800415;-115.00726;-18.020935
835,1,188,331,582,810,0,-1.5107422;-80.00305;43.9917
836,2,188,331,582,811,0,1.4800415;-80.00305;43.9917
837,1,189,332,583,812,0,-1.5107422;399.98462;-14.023071
838,2,189,332,583,813,0,1.4800415;399.98462;-14.023071
839,3,189,332,583,822,0,-0.015319824;399.98462;-15.518433
840,1,116,237,449,481,0,1.4800415;-24.002502;-178.02704
841,2,116,237,449,482,452,-1.5107422;-24.002502;-178.02704
842,1,117,255,450,483,0,-1.5;-28;-94.5
843,2,117,255,450,484,0,1.5;-28;-94.5
844,1,118,239,451,485,0,73;-8.999997;-65
845,2,118,239,451,486,0,73;-8.999997;-61
846,1,119,240,452,487,0,-2.02948;10.543945;-6.363098
847,2,119,240,452,488,0,1.9989014;10.543945;-6.363098
848,1,147,286,529,735,455,-2.582665;-10;-208
849,2,147,286,529,736,455,0.417335;-10;-208
850,1,148,288,530,737,0,-1.5;-7.999998;-331
851,2,148,288,530,738,0,1.4800415;-8.011047;-331.01398
852,1,149,289,531,739,0,-1.5;0;-12
853,2,149,289,531,740,0,1.5;0;-12
854,1,150,290,532,741,0,-1.5107422;10.482849;-18.020935
855,2,150,290,532,742,0,1.4800415;10.482849;-18.020935
856,1,190,327,584,814,458,-1.5107422;-250.29376;-268.02478
857,2,190,327,584,815,458,1.4800415;-250.29376;-268.02478
858,1,191,329,585,816,459,-1.5107422;-115.00726;-18.020935
859,2,191,329,585,817,459,1.4800415;-115.00726;-18.020935
860,1,192,331,586,818,0,-1.5107422;-80.00305;43.9917
861,2,192,331,586,819,0,1.4800415;-80.00305;43.9917
862,1,193,332,587,820,0,-1.5107422;399.98462;-14.023071
863,2,193,332,587,821,0,1.4800415;399.98462;-14.023071
864,1,120,269,508,502,429,-311.60455;196.49036;2.4871826
865,2,120,269,508,506,429,-311.60455;196.49036;-0.015319824
866,3,120,269,508,510,429,-311.60455;196.49036;-2.5177612
867,4,120,271,508,503,430,-2.5177612;-192.00433;93.98035
868,5,120,271,508,507,430,-0.015319824;-192.00433;93.98035
869,6,120,271,508,511,430,2.4871826;-192.00433;93.98035
870,7,120,272,508,504,432,285.48096;-416.0067;120.98877
871,8,120,272,508,505,0,284.99268;-384.02386;-139.02502
872,9,120,272,508,508,432,287.98352;-415.9762;120.98877
873,10,120,272,508,509,0,287.98352;-384.02386;-139.02502
874,11,120,272,508,512,432,290.48596;-416.0067;120.98877
875,12,120,272,508,513,0,290.97424;-384.02386;-139.02502
876,13,120,272,508,514,0,287.98352;-384.02386;-143.02283
877,1,168,298,556,752,434,11.9782715;-0.6256714;-77.50067
878,2,168,298,556,756,434,15.976135;-0.6256714;-77.50067
879,3,168,298,556,760,434,19.97406;-0.6256714;-77.50067
880,4,168,299,556,753,435,-304.00555;-74.11316;-442.00812
881,5,168,299,556,757,435,-300.0077;-74.11316;-442.00812
882,6,168,299,556,761,435,-296.00977;-74.11316;-442.00812
883,7,168,303,556,754,436,-240.19226;-457.14508;-51.07196
884,8,168,303,556,755,0,-304.00555;-436.11816;-46.00598
885,9,168,303,556,758,436,-242.5727;-457.14508;-50.33954
886,10,168,303,556,759,0,-300.0077;-436.11816;-46.00598
887,11,168,303,556,762,436,-244.95312;-457.1756;-49.66815
888,12,168,303,556,763,0,-296.00977;-436.11816;-46.00598
889,13,168,303,556,764,0,-300.0077;-436.02655;-51.010986
890,1,220,343,627,851,438,263.4165;2.8533936;414.38916
891,2,220,343,627,855,438,263.32495;2.8533936;409.71997
892,3,220,343,627,859,438,263.26392;2.8533936;404.98962
893,4,220,344,627,852,439,-354.94012;-7.0039062;210.07092
894,5,220,344,627,856,439,-350.02673;-7.0039062;210.07092
895,6,220,344,627,860,439,-345.51007;-7.0039062;210.07092
896,7,220,346,627,853,440,-316.70105;0.38146973;-441.15363
897,8,220,346,627,854,0,-359.36523;0.99176025;-439.74976
898,9,220,346,627,857,440,-316.67047;0.38146973;-445.05994
899,10,220,346,627,858,0,-359.33472;0.99176025;-444.75476
900,11,220,346,627,861,440,-316.64;0.38146973;-449.24084
901,12,220,346,627,862,0,-359.33472;0.99176025;-449.9428
902,13,220,346,627,863,0,-364.52277;0.99176025;-444.75476
903,1,252,390,691,925,0,1.4800415;-0.015319824;-11.001831
904,2,252,390,691,926,0,-1.5107422;-0.015319824;-11.001831
905,1,253,391,692,927,0,-1.5107422;-0.015319824;-10.025269
906,2,253,391,692,928,0,1.4800415;-0.015319824;-10.025269
907,1,254,392,693,929,0,-1.5107422;-0.015319824;-7.0039062
908,2,254,392,693,930,0,1.4800415;-0.015319824;-7.0039062
909,1,255,394,694,931,0,-1.5107422;-0.015319824;-8.011047
910,2,255,394,694,932,0,1.4800415;-0.015319824;-8.011047
911,3,255,394,694,966,0,-0.015319824;-0.015319824;-10.025269
912,1,286,446,748,1019,0,-1.5107422;0.015197754;-2.02948
913,2,286,446,748,1020,0,1.4800415;0.015197754;-2.02948
914,1,287,447,749,1015,0,-2.02948;-0.015319824;-6.515625
915,2,287,447,749,1016,0,1.9989014;-0.015319824;-6.515625
916,1,288,448,750,1011,0,-2.02948;-0.015319824;-11.001831
917,2,288,448,750,1012,0,1.9989014;-0.015319824;-11.001831
918,1,289,449,751,1006,0,1.9989014;-0.015319824;-10.025269
919,2,289,449,751,1007,0,-2.02948;-0.015319824;-10.025269
920,3,289,449,751,1023,0,-0.015319824;-0.015319824;-12.008911
921,1,587,485,798,1071,0,97.97815;-0.015319824;89.98242
922,2,587,485,798,1072,0,101.97595;-0.015319824;89.98242
923,3,587,485,798,1098,0,99.99231;-0.015319824;87.99878
924,1,588,501,799,1075,0,98.49695;-0.015319824;89.98242
925,2,588,501,799,1076,0,101.48767;-0.015319824;89.98242
926,3,588,501,799,1097,0,99.99231;-0.015319824;87.99878
927,1,589,486,800,1079,0,97.97815;-0.015319824;89.98242
928,2,589,486,800,1080,0,101.97595;-0.015319824;89.98242
929,3,589,486,800,1099,0,99.99231;-0.015319824;87.99878
930,1,590,502,801,1083,0,97.97815;-0.015319824;89.98242
931,2,590,502,801,1084,0,101.97595;-0.015319824;89.98242
932,3,590,502,801,1085,0,99.99231;-0.015319824;87.99878
933,1,256,390,695,933,486,1.5;0;-11
934,2,256,390,695,934,486,-1.5;0;-11
935,1,257,391,696,935,487,-1.5107422;-0.015319824;-10.025269
936,2,257,391,696,936,487,1.4800415;-0.015319824;-10.025269
937,1,258,392,697,937,0,-1.5;0;-7
938,2,258,392,697,938,0,1.5;0;-7
939,1,259,394,698,939,0,-1.5107422;-0.015319824;-8.011047
940,2,259,394,698,940,0,1.4800415;-0.015319824;-8.011047
941,1,292,446,752,1021,490,-1.5107422;0.015197754;-2.02948
942,2,292,446,752,1022,490,1.4800415;0.015197754;-2.02948
943,1,293,447,753,1017,491,-2;0.004961967;-6.5
944,2,293,447,753,1018,491,2;0.005;-6.5
945,1,294,448,754,1013,0,-2;0;-11
946,2,294,448,754,1014,0,2;0;-11
947,1,295,449,755,1008,0,1.9989014;-0.015319824;-10.025269
948,2,295,449,755,1009,0,-2.02948;-0.015319824;-10.025269
949,1,591,485,802,1073,494,98;0;90
950,2,591,485,802,1074,494,102;0;90
951,1,592,501,803,1077,495,98.49695;-0.015319824;89.98242
952,2,592,501,803,1078,495,101.48767;-0.015319824;89.98242
953,1,593,486,804,1081,0,97.97815;-0.015319824;89.98242
954,2,593,486,804,1082,0,101.97595;-0.015319824;89.98242
955,1,594,502,805,1086,0,97.97815;-0.015319824;89.98242
956,2,594,502,805,1087,0,101.97595;-0.015319824;89.98242
957,1,281,422,734,977,462,-325.00195;1.1749268;226.9779
958,2,281,422,734,978,463,-325.00195;9.994568;-65.0188
959,3,281,422,734,981,462,-320.02753;1.1749268;226.9779
960,4,281,422,734,982,463,-320.02753;9.994568;-65.0188
961,5,281,422,734,985,462,-315.02252;1.1749268;226.9779
962,6,281,422,734,986,463,-315.02252;9.994568;-65.0188
963,7,281,424,734,979,464,100.96887;-694.05664;-208.02625
964,8,281,424,734,980,0,100.99939;-679.0112;-390.00537
965,9,281,424,734,983,464,105.97388;-694.05664;-208.02625
966,10,281,424,734,984,0,105.97388;-679.0112;-390.00537
967,11,281,424,734,987,464,110.948364;-694.05664;-208.02625
968,12,281,424,734,988,0,110.97876;-679.0112;-390.00537
969,13,281,424,734,989,0,105.97388;-679.0112;-392.01953
970,1,550,470,776,1050,466,-204.02844;4.989685;39.993896
971,2,550,470,776,1054,466,-200;4.989685;39.993896
972,3,550,470,776,1058,466,-196.0022;4.989685;39.993896
973,4,550,472,776,1051,467,-204.02844;583.9779;-564.0192
974,5,550,472,776,1055,467,-200;583.9779;-564.0192
975,6,550,472,776,1059,467,-196.0022;583.9779;-564.0192
976,7,550,473,776,1052,468,795.9868;-968.0171;-162.00513
977,8,550,473,776,1053,0,795.9868;-815.51843;-410.5135
978,9,550,473,776,1056,468,799.9846;-968.0171;-162.00513
979,10,550,473,776,1057,0,799.9846;-815.51843;-410.5135
980,11,550,473,776,1060,468,803.9824;-968.0171;-162.00513
981,12,550,473,776,1061,0,803.9824;-815.51843;-410.5135
982,13,550,473,776,1062,0,799.9846;-815.51843;-413.50427
983,1,636,513,826,1116,471,596.97876;-31.021667;-72.46515
984,2,636,513,826,1117,471,600;-31.021667;-72.43463
985,3,636,513,826,1118,471,602.9907;-31.021667;-72.43463
986,4,636,513,826,1119,470,596.97876;-0.015319824;186.75513
987,5,636,513,826,1120,470,600;-0.015319824;186.75513
988,6,636,513,826,1121,470,602.9907;-0.015319824;186.75513
989,7,636,514,826,1112,472,-604.02844;-600;-666.0411
990,8,636,514,826,1113,472,-600;-600;-666.0411
991,9,636,514,826,1114,472,-596.03265;-600;-666.0411
992,10,636,519,826,1108,0,595.97156;-600;-614.0078
993,11,636,519,826,1109,0,600;-600;-614.0078
994,12,636,519,826,1110,0,603.9978;-600;-614.0078
995,13,636,519,826,1111,0,600;-600;-617.02905
996,1,653,559,849,1186,0,98.25281;-0.015319824;92.973145
997,2,653,559,849,1187,0,101.426636;-0.015319824;92.973145
998,3,653,559,849,1212,0,99.77869;-0.015319824;90.92847
999,1,684,560,850,1188,0,98.43044;0;89.50851
1000,2,684,560,850,1189,0,101.8007;-1.192093E-07;89.50819
1001,3,684,560,850,1213,0,99.931274;-0.015319824;87.41882
1002,1,682,561,851,1190,0,98.283325;-0.015319824;93.12573
1003,2,682,561,851,1191,0,101.57922;-0.015319824;93.03418
1004,3,682,561,851,1214,0,99.99231;-0.015319824;91.41675
1005,1,689,562,852,1192,0,98.09443;1.192093E-07;91.98939
1006,2,689,562,852,1193,0,101.532;0;92.02713
1007,3,689,562,852,1215,0,99.77869;-0.015319824;89.89087
1008,1,715,589,902,1245,0,98.5;-2.264977E-05;95
1009,2,715,589,902,1246,0,101.48767;-0.015319824;94.98743
1010,3,715,589,902,1261,0,99.99231;-0.015319824;92.973145
1011,1,719,590,903,1247,0,98.5;0;95
1012,2,719,590,903,1248,0,101.5;0;95
1013,3,719,590,903,1262,0,99.99231;-0.015319824;92.973145
1014,1,726,591,904,1249,0,98.49695;-0.015319824;94.98743
1015,2,726,591,904,1250,0,101.48767;-0.015319824;94.98743
1016,1,728,599,905,1251,0,98.49695;-0.015319824;88.97534
1017,2,728,599,905,1252,0,101.48767;-0.015319824;88.97534
1018,3,728,599,905,1264,0,99.99231;-0.015319824;86.99158
1019,1,749,631,942,1320,0,98.5;0;91.5
1020,2,749,631,942,1321,0,101.5;0;91.5
1021,1,747,637,943,1322,0,98.5;0;91.5
1022,2,747,637,943,1323,0,101.5;0;91.5
1023,3,747,637,943,1337,0,99.99231;-0.015319824;89.49414
1024,1,751,656,944,1324,0,97.97815;-0.015319824;89.98242
1025,2,751,656,944,1325,0,101.97595;-0.015319824;89.98242
1026,3,751,656,944,1338,0,99.99231;-0.015319824;87.99878
1027,1,758,636,945,1326,0,-1.5107422;74.99805;-86.0152
1028,2,758,636,945,1327,0,1.4800415;74.99805;-86.0152
1029,3,758,636,945,1339,0,-0.015319824;74.99805;-88.0293
1030,1,654,559,853,1194,527,98.25281;-0.015319824;93.003784
1031,2,654,559,853,1195,527,101.426636;-0.015319824;93.003784
1032,1,685,560,854,1196,528,98.43044;0;89.50851
1033,2,685,560,854,1197,528,101.8007;-1.192093E-07;89.50819
1034,1,683,561,855,1198,0,98.283325;-0.015319824;93.12573
1035,2,683,561,855,1199,0,101.51831;-0.045776367;93.0647
1036,1,690,562,856,1200,0,97.94328;1.192093E-07;92.22918
1037,2,690,562,856,1201,0,101.609;0;91.94411
1038,1,716,589,906,1253,531,98.49695;-0.015319824;94.98743
1039,2,716,589,906,1254,531,101.48767;-0.015319824;94.98743
1040,1,720,590,907,1255,532,98.49695;-0.015319824;94.98743
1041,2,720,590,907,1256,532,101.48767;-0.015319824;94.98743
1042,1,727,591,908,1257,0,98.49695;-0.015319824;94.98743
1043,2,727,591,908,1258,0,101.48767;-0.015319824;94.98743
1044,1,729,599,909,1259,0,98.49695;-0.015319824;88.97534
1045,2,729,599,909,1260,0,101.48767;-0.015319824;88.97534
1046,1,750,631,946,1328,537,98.5;0;91.5
1047,2,750,631,946,1329,537,101.5;0;91.5
1048,1,748,637,947,1330,538,98.5;0;91.5
1049,2,748,637,947,1331,538,101.5;0;91.5
1050,1,752,656,948,1332,0,98;0;90
1051,2,752,656,948,1333,0,102;0;90
1052,1,759,636,949,1334,0,-1.5107422;74.99805;-86.0152
1053,2,759,636,949,1335,0,1.4800415;74.99805;-86.0152
1054,1,700,569,882,1224,498,-504.02078;400.99182;-18.020935
1055,2,700,569,882,1225,498,-500.0229;400.99182;-18.020935
1056,3,700,569,882,1226,498,-496.02505;400.99182;-18.020935
1057,4,700,570,882,1227,499,-819.7299;-0.045776367;-231.52515
1058,5,700,570,882,1228,499,-805.0202;-0.015319824;-257.00775
1059,6,700,570,882,1229,499,-790.31055;-0.015319824;-231.52515
1060,7,700,572,882,1230,500,895.9945;-700.0076;761.9896
1061,8,700,572,882,1231,500,899.9923;-700.0076;761.9896
1062,9,700,572,882,1232,500,903.9901;-700.0076;761.9896
1063,10,700,572,882,1233,501,895.9945;-700.0076;412.61914
1064,11,700,572,882,1234,501,899.9923;-700.0076;412.61914
1065,12,700,572,882,1235,501,903.9901;-700.0076;412.61914
1066,1,736,608,917,1266,502,-234.02765;29.984009;171.4961
1067,2,736,608,917,1267,502,-230.02979;29.984009;171.4961
1068,3,736,608,917,1268,502,-226.0014;29.984009;171.4961
1069,4,736,609,917,1269,503,-234.02765;-150.53027;-208.51453
1070,5,736,609,917,1270,503,-230.02979;-150.49976;-208.51453
1071,6,736,609,917,1271,503,-226.0014;-150.56079;-208.51453
1072,7,736,610,917,1272,506,195.97156;-500.0229;-125.50549
1073,8,736,610,917,1273,506,200;-500.0229;-125.50549
1074,9,736,610,917,1274,506,203.9978;-500.0229;-125.50549
1075,10,736,611,917,1275,507,194.995;-480.00305;-725.00195
1076,11,736,611,917,1276,507,200;-480.00305;-725.00195
1077,12,736,611,917,1277,507,204.97437;-480.00305;-725.00195
1078,1,779,660,966,1342,508,-804.0131;-800.01526;-745.0217
1079,2,779,660,966,1343,508,-800.01526;-800.01526;-745.0217
1080,3,779,660,966,1344,508,-796.0174;-800.01526;-745.0217
1081,4,779,660,966,1345,509,-804.0131;-802.5788;-965.0263
1082,5,779,660,966,1346,509,-800.01526;-802.5788;-965.0263
1083,6,779,660,966,1347,509,-796.0174;-802.5788;-965.0263
1084,7,779,661,966,1348,511,840.97046;-786.58734;-865.0187
1085,8,779,661,966,1349,511,844.99866;-786.58734;-865.0187
1086,9,779,661,966,1350,511,848.9967;-786.58734;-865.0187
1087,10,779,663,966,1351,512,-704.0055;600;-711.02466
1088,11,779,663,966,1352,512,-700.0076;600;-711.02466
1089,12,779,663,966,1353,512,-696.00977;600;-711.02466
1090,1,808,709,1002,1427,0,98.49695;-0.015319824;91.47778
1091,2,808,709,1002,1428,0,101.48767;-0.015319824;91.47778
1092,1,810,730,1004,1429,0,98.49695;-0.015319824;85.9845
1093,2,810,730,1004,1430,0,101.48767;-0.015319824;85.9845
1094,1,806,722,1006,1431,0,97.97815;-0.015319824;93.98035
1095,2,806,722,1006,1432,0,101.97595;-0.015319824;93.98035
1096,3,806,722,1006,1443,0,99.99231;-0.015319824;91.99658
1097,1,800,731,1008,1433,0,97.97815;-0.015319824;89.98242
1098,2,800,731,1008,1434,0,101.97595;-0.015319824;89.98242
1099,3,800,731,1008,1444,0,99.99231;-0.015319824;87.99878
1100,1,872,807,1081,1499,0,97.97815;-300.0077;97.97815
1101,2,872,807,1081,1500,0,101.97595;-300.0077;97.97815
1102,3,872,807,1081,1516,0,99.99231;-300.0077;95.994385
1103,1,880,771,1083,1501,0,98.49695;-0.015319824;91.47778
1104,2,880,771,1083,1502,0,101.48767;-0.015319824;91.47778
1105,3,880,771,1083,1517,0,99.99231;-0.015319824;89.49414
1106,1,876,792,1085,1503,0,97.48987;-0.015319824;92.82056
1107,2,876,792,1085,1504,0,102.49487;-0.015319824;92.82056
1108,3,876,792,1085,1518,0,99.99231;-0.015319824;91.325195
1109,1,883,808,1087,1505,0,97.97815;-0.015319824;83.97034
1110,2,883,808,1087,1506,0,101.97595;-0.015319824;83.97034
1111,3,883,808,1087,1507,0,99.99231;-0.015319824;82.44446
1112,1,936,837,1147,1584,0,96.97107;-0.015319824;89.98242
1113,2,936,837,1147,1585,0,102.983154;-0.015319824;89.98242
1114,3,936,837,1147,1601,0,99.99231;-0.015319824;86.99158
1115,1,938,834,1149,1586,0,97.48987;-0.015319824;92.48486
1116,2,938,834,1149,1587,0,102.49487;-0.015319824;92.48486
1117,3,938,834,1149,1602,0,99.99231;-0.015319824;91.23364
1118,1,940,839,1151,1588,0,97.48987;-0.015319824;85.9845
1119,2,940,839,1151,1589,0,102.49487;-0.015319824;85.9845
1120,3,940,839,1151,1603,0,99.99231;-0.015319824;84.97742
1121,1,942,835,1153,1590,0,97.97815;-0.015319824;88.97534
1122,2,942,835,1153,1591,0,101.97595;-0.015319824;88.97534
1123,3,942,835,1153,1592,0,99.99231;-0.015319824;86.99158
1124,1,809,709,1003,1435,567,98.49695;-0.015319824;91.47778
1125,2,809,709,1003,1436,567,101.48767;-0.015319824;91.47778
1126,1,811,730,1005,1437,568,98.49695;-0.015319824;85.9845
1127,2,811,730,1005,1438,568,101.48767;-0.015319824;85.9845
1128,1,807,722,1007,1439,0,98;0;94
1129,2,807,722,1007,1440,0,101.97595;-0.015319824;93.98035
1130,1,801,731,1009,1441,0,97.97815;-0.015319824;89.98242
1131,2,801,731,1009,1442,0,101.97595;-0.015319824;89.98242
1132,1,873,807,1082,1508,571,97.97815;-300.0077;95.994385
1133,2,873,807,1082,1509,571,101.97595;-300.0077;95.994385
1134,1,881,771,1084,1510,572,98.49695;-0.015319824;91.47778
1135,2,881,771,1084,1511,572,101.48767;-0.015319824;91.47778
1136,1,877,792,1086,1512,0,97.520386;-0.015319824;91.69141
1137,2,877,792,1086,1513,0,102.52527;-0.015319824;91.69141
1138,1,884,808,1088,1514,0,94.98743;-0.015319824;91.99658
1139,2,884,808,1088,1515,0,104.99719;-0.015319824;91.99658
1140,1,937,837,1148,1593,575,99.99231;-0.015319824;89.98242
1141,1,939,834,1150,1595,576,99.99231;-0.015319824;91.99658
1142,1,941,839,1152,1597,577,99.99231;-0.015319824;85.9845
1143,1,943,836,1154,1599,578,99.99231;-0.015319824;88.97534
1144,1,866,755,1054,1453,542,-3.0060425;29.984009;621.9729
1145,2,866,755,1054,1454,542,-0.015319824;29.984009;619.98914
1146,3,866,755,1054,1455,542,2.9754639;29.984009;621.9729
1147,4,866,755,1054,1456,543,-20.157227;474.69275;262.0736
1148,5,866,755,1054,1457,543,-16.250854;474.9065;260.08997
1149,6,866,755,1054,1458,543,-12.64978;474.5708;263.5691
1150,7,866,756,1054,1459,544,-753.048;-932.0058;-770.0466
1151,8,866,756,1054,1460,544,-750.02673;-932.0058;-772.0302
1152,9,866,756,1054,1461,544,-747.00543;-932.0058;-770.01605
1153,10,866,757,1054,1462,0,745.9983;-932.0058;-763.0274
1154,11,866,757,1054,1463,0,749.9961;-932.0058;-765.04156
1155,12,866,757,1054,1464,0,753.994;-932.0058;-763.0274
1156,13,866,757,1054,1465,0,749.9961;-932.0058;-770.0466
1157,1,911,811,1118,1519,546,-4.0131226;89.98242;-260.029
1158,2,911,811,1118,1520,546,-0.015319824;89.98242;-260.029
1159,3,911,811,1118,1521,546,3.982544;89.98242;-260.029
1160,4,911,811,1118,1522,547,45.97534;209.94885;-762.9969
1161,5,911,811,1118,1523,547,49.973267;209.97937;-762.9969
1162,6,911,811,1118,1524,547,53.97119;209.97937;-762.9969
1163,7,911,812,1118,1525,549,-714.7784;-946.0136;590.6614
1164,8,911,812,1118,1526,549,-711.90967;-946.0136;587.8844
1165,9,911,812,1118,1527,549,-709.1631;-946.0136;585.046
1166,10,911,814,1118,1528,0,795.9258;-946.0136;738.00244
1167,11,911,814,1118,1529,0,799.9846;-946.0136;738.00244
1168,12,911,814,1118,1530,0,803.9824;-946.0136;738.00244
1169,13,911,814,1118,1531,0,799.9846;-946.0136;734.00464
1170,1,962,885,1178,1604,551,-949.00433;-842.0081;933.9894
1171,2,962,885,1178,1605,551,-945.0065;-842.03864;933.9894
1172,3,962,885,1178,1606,551,-941.0086;-842.0081;933.9894
1173,4,962,886,1178,1607,552,-4.043701;-163.68353;-917.05194
1174,5,962,886,1178,1608,552,-0.015319824;-163.68353;-917.0214
1175,6,962,886,1178,1609,552,3.982544;-163.68353;-917.0214
1176,7,962,888,1178,1610,553,-4.0131226;129.99158;742.97705
1177,8,962,888,1178,1611,553,-0.015319824;129.99158;742.97705
1178,9,962,888,1178,1612,553,3.982544;129.99158;742.97705
1179,10,962,890,1178,1613,0,948.97375;-950.0115;-923.5218
1180,11,962,890,1178,1614,0,944.97595;-950.0115;-923.5218
1181,12,962,890,1178,1615,0,940.978;-950.0115;-923.5218
1182,13,962,890,1178,1616,0,944.97595;-950.0115;-920.5005
1183,1,985,927,1225,1702,0,98;0;92
1184,2,985,927,1225,1703,0,102;0;92
1185,3,985,927,1225,1718,0,100;2.384186E-07;90
1186,1,987,923,1227,1704,0,98;-1.192093E-07;89
1187,2,987,923,1227,1705,0,102;-1.192093E-07;89
1188,3,987,923,1227,1719,0,100;0;87
1189,1,989,926,1229,1706,0,97.97815;-0.015319824;92.973145
1190,2,989,926,1229,1707,0,101.97595;-0.015319824;92.973145
1191,3,989,926,1229,1720,0,99.99231;-0.015319824;90.9895
1192,1,991,924,1231,1708,0,97.97815;-0.015319824;90.9895
1193,2,991,924,1231,1709,0,101.97595;-0.015319824;90.9895
1194,3,991,924,1231,1721,0,99.99231;-0.015319824;88.97534
1195,1,1019,992,1256,1769,0,97.97815;-0.015319824;91.99658
1196,2,1019,992,1256,1770,0,101.97595;-0.015319824;91.99658
1197,3,1019,992,1256,1785,0,99.99231;-0.015319824;89.98242
1198,1,1021,991,1258,1771,0,98;0;90
1199,2,1021,991,1258,1772,0,102;2.384186E-07;90
1200,3,1021,991,1258,1786,0,99.99231;-0.015319824;87.99878
1201,1,1023,1002,1260,1773,0,97.48987;-200;-12.527649
1202,2,1023,1002,1260,1774,0,102.433716;-200;-12.527649
1203,3,1023,1002,1260,1787,0,99.931274;-200;-14.511353
1204,1,1025,1032,1262,1775,0,97.97815;-0.015319824;95.994385
1205,2,1025,1032,1262,1776,0,101.97595;-0.015319824;95.994385
1206,3,1025,1032,1262,1788,0,99.99231;-0.015319824;94.49902
1207,1,1068,1099,1320,1910,0,97.97815;-0.015319824;91.99658
1208,2,1068,1099,1320,1911,0,101.97595;-0.015319824;91.99658
1209,3,1068,1099,1320,1926,0,99.99231;-0.015319824;89.98242
1210,1,1070,1112,1322,1912,0,97.97815;-0.015319824;89.98242
1211,2,1070,1112,1322,1913,0,101.97595;-0.015319824;89.98242
1212,3,1070,1112,1322,1927,0,99.99231;-0.015319824;88.97534
1213,1,1072,1113,1324,1914,0,98;0;90
1214,2,1072,1113,1324,1915,0,102;0;90
1215,3,1072,1113,1324,1928,0,99.99231;-0.015319824;87.99878
1216,1,1074,1168,1326,1916,0,97.97815;-0.015319824;98.98523
1217,2,1074,1168,1326,1917,0,101.97595;-0.015319824;98.98523
1218,3,1074,1168,1326,1929,0,99.99231;-0.015319824;96.97107
1219,1,986,927,1226,1710,592,99.99231;-0.015319824;91.99658
1220,2,986,927,1226,1711,592,100;0;92
1221,1,988,923,1228,1712,593,99.99231;-0.015319824;88.97534
1222,2,988,923,1228,1713,0,100;2.384186E-07;89
1223,1,990,926,1230,1714,594,99.99231;-0.015319824;92.973145
1224,2,990,926,1230,1715,0,100;0;93
1225,1,992,924,1232,1716,595,99.99231;-0.015319824;155.99292
1226,2,992,924,1232,1717,0,99.99231;-0.015319824;155.99292
1227,1,1020,992,1257,1777,0,99.99231;-0.015319824;89.98242
1228,2,1020,992,1257,1778,0,99.99231;-0.015319824;89.98242
1229,1,1022,991,1259,1779,0,99.99231;-0.015319824;88.97534
1230,2,1022,991,1259,1780,0,99.99231;-0.015319824;88.97534
1231,1,1024,1002,1261,1781,0,99.99231;-200;-12.527649
1232,2,1024,1002,1261,1782,0,100;-200;-12.5
1233,1,1026,994,1263,1783,0,100;-150;115
1234,2,1026,994,1263,1784,0,99.99231;-150.01147;114.976685
1235,1,1069,1099,1321,1918,0,100;0;90
1236,2,1069,1099,1321,1919,0,99.99231;-0.015319824;89.98242
1237,1,1071,1112,1323,1920,0,99.99231;-0.015319824;89.98242
1238,2,1071,1112,1323,1921,0,100;0;90
1239,1,1073,1113,1325,1922,0,100;1.192093E-07;90
1240,2,1073,1113,1325,1923,0,100;1.192093E-07;90
1241,1,1075,1169,1327,1924,0,100;0;99
1242,2,1075,1169,1327,1925,0,100;0;99
1243,1,1015,946,1248,1732,580,794.88806;69.99304;379.99524
1244,2,1015,946,1248,1733,580,799.9846;69.99304;379.99524
1245,3,1015,946,1248,1734,580,804.9896;69.99304;379.99524
1246,4,1015,948,1248,1735,0,-468.58936;-988.1285;-671.62585
1247,5,1015,948,1248,1736,0,-466.6972;-988.1285;-676.41724
1248,6,1015,948,1248,1737,0,-464.68304;-988.1285;-681.2085
1249,7,1015,949,1248,1738,0,859.98303;-750.02673;-840.5432
1250,8,1015,949,1248,1739,0,864.98804;-750.02673;-840.5432
1251,9,1015,949,1248,1740,0,869.99304;-750.02673;-840.5432
1252,10,1015,951,1248,1741,0,144.97595;-500.0229;782.2842
1253,11,1015,951,1248,1742,0,149.98083;-500.0229;782.2842
1254,12,1015,951,1248,1743,0,154.98584;-500.0229;782.2842
1255,13,1015,951,1248,1744,0,149.98083;-500.0229;779.69006
1256,1,1058,1035,1304,1858,0,-854.0322;-900.0229;763.9734
1257,2,1058,1035,1304,1859,0,-850.0038;-900.0229;763.9734
1258,3,1058,1035,1304,1860,0,-846.006;-900.0229;763.9734
1259,4,1058,1039,1304,1861,0,744.9912;319.99683;795.9562
1260,5,1058,1039,1304,1862,0,744.9912;319.99683;799.9542
1261,6,1058,1039,1304,1863,0,744.9912;319.99683;803.952
1262,7,1058,1039,1304,1896,0,747.9818;319.99683;799.9846
1263,8,1058,1043,1304,1867,0,795.9868;-900.0229;-809.01807
1264,9,1058,1043,1304,1868,0,799.9846;-900.0229;-809.01807
1265,10,1058,1043,1304,1869,0,803.9824;-900.0229;-809.01807
1266,11,1058,1043,1304,1870,0,799.9846;-900.0229;-814.0231
1267,12,1058,1087,1304,1864,0,-204.02844;-900.0229;141.9851
1268,13,1058,1087,1304,1865,0,-200;-900.0229;141.9851
1269,14,1058,1087,1304,1866,0,-196.0022;-900.0229;141.9851
1270,15,1058,1087,1304,1897,0,-200;-900.0229;138.99438
1271,1,1117,1192,1368,1970,0,-3.0060425;29.984009;-739.0097
1272,2,1117,1192,1368,1971,0,-0.015319824;29.984009;-739.0097
1273,3,1117,1192,1368,1972,0,2.9754639;29.984009;-739.0097
1274,4,1117,1194,1368,1973,0,-3.0060425;-450.00385;344.9912
1275,5,1117,1194,1368,1974,0,-0.015319824;-450.00385;344.9912
1276,6,1117,1194,1368,1975,0,2.9754639;-450.00385;344.9912
1277,7,1117,1194,1368,2074,0,-0.015319824;-450.00385;342.97705
1278,8,1117,1197,1368,1976,0,816.9833;-899.93134;-671.41223
1279,9,1117,1197,1368,1977,0,819.974;-899.9924;-671.41223
1280,10,1117,1197,1368,1978,0,822.99524;-899.93134;-671.41223
1281,11,1117,1197,1368,1979,0,816.9833;-879.0265;-828.39703
1282,12,1117,1197,1368,1980,0,819.974;-879.0265;-828.39703
1283,13,1117,1197,1368,1981,0,823;-879;-828.3913
1284,14,1117,1197,1368,1982,0,819.974;-879.0265;-831.41833
1285,15,1117,1197,1368,2075,0,819.974;-899.93134;-673.4264
1286,1,179,315,558,0,0,-0.015319824;-15.823608;89.98242
1287,1,586,499,794,0,0,99.99231;0.07623291;99.99231
1288,2,586,499,794,792,0,105.1499;1.4898937E-08;114.4884
1289,1,268,408,712,0,0,-0.015319824;100.38904;299.97705
1290,1,276,409,725,0,0,-0.015319824;100.38904;299.97705
1291,2,276,409,725,792,0,13.260071;100.00009;308.58313
1292,1,745,640,924,0,0,99.99231;-0.3204956;99.99231
1293,1,688,563,879,0,0,-0.015319824;-0.015319824;-0.015319824
1294,1,819,729,1000,0,0,109.97168;-10.055725;129.99158
1295,1,909,818,1123,0,0,99.99231;-0.3204956;99.99231
1296,1,993,896,1209,0,0,-0.015319824;-400.01526;191.97375
1297,1,1060,1059,1279,0,0,99.99231;-0.015319824;99.99231
1298,1,1084,1161,1316,1954,0,-513.51184;-0.045776367;870.9696
1299,2,1084,1161,1316,1955,0,-513.51184;-0.045776367;870.9696
1300,3,1084,1161,1316,1956,0,-513.51184;-0.045776367;870.9696
1301,4,1084,1161,1316,1957,0,-513.51184;-0.045776367;870.9696
1302,5,1084,1161,1316,1958,0,-513.51184;-0.045776367;870.9696
1303,6,1084,1161,1316,1959,0,-513.51184;-0.045776367;870.9696
1304,7,1084,1161,1316,1960,0,-513.51184;-0.045776367;870.9696
1305,8,1084,1161,1316,1961,0,-513.51184;-0.045776367;870.9696
1306,9,1084,1161,1316,1962,0,-513.51184;-0.045776367;870.9696
1307,1,1010,952,1241,1745,0,89.98242;-0.015319824;79.972534
1308,2,1010,952,1241,1746,0,99.99231;-0.015319824;79.972534
1309,3,1010,952,1241,1747,0,109.97168;-0.015319824;79.972534
1310,1,100616,336,616,893,0,-36.270752;25.986084;-89.67731
1311,2,100616,336,616,894,0,-7.9194946;26.077637;-166.09448
1312,3,100616,336,616,895,0,59.00659;35.90442;-318.1659
1313,4,100616,336,616,896,0,-30.777527;40.9093;-360.09766
1314,5,100616,336,616,897,0,-0.16790771;18.478638;51.92639
1315,6,100616,336,616,898,0,-14.969177;27.237305;-208.30096
1316,7,100616,336,616,899,0,-4.867676;45.914307;-442.92365
1317,1,100434,243,434,431,0,130.08313;-7.9804688;-4.3183594
1318,2,100434,243,434,432,0,228.83948;-8.0720825;-44.60211
1319,3,100434,243,434,433,0,74.021484;23.971863;-270.40515
1320,4,100434,243,434,434,0,-43.99182;32.73047;-279.71313
1321,5,100434,243,434,435,0,-0.289917;-0.015319824;-14.572449
1322,6,100434,243,434,436,0,192.00415;-8.011047;-135.91211
1323,7,100434,243,434,437,0,-69.77954;31.998047;-398.73352
1324,1,100134,15,134,0,0,-318.80682;26.626953;-552.6055
1325,1,100153,6,153,0,0,376.18054;-2.5177612;142.16821
1326,1,100155,53,155,0,0,-288.3498;263.87415;-133.62329
1327,1,100137,17,137,0,0,428.70215;76.157715;-42.98468
1328,1,100145,22,145,0,0,-340.50507;-12.039368;-248.61523
1329,1,100138,18,138,0,0,52.414673;-6.5462036;-36.606445
1330,1,100135,16,135,0,0,154.34497;46.00586;160.35706
1331,1,100152,5,152,0,0,361.44043;-19.150085;-152.20874
1332,1,100147,24,147,0,0,-71.67163;79.02649;-243.30518
1333,1,100139,19,139,0,0,291.30994;41.031494;-190.29535
1334,1,100154,7,154,0,0,48.233765;-11.245972;120.71399
1335,1,100140,20,140,0,0,140.33716;57.175537;270.09985
1336,1,100148,4,148,0,0,-285.0843;19.027954;102.37268
1337,1,100156,25,156,0,0,-541.31384;-4.6845703;-356.31348
1338,1,100146,23,146,0,0,-272.6635;9.292725;138.90283
1339,1,100141,21,141,0,0,-170.09235;4.135132;-8.712891
1340,1,100180,30,180,0,0,192.85876;63.797974;-279.43854
1341,1,100170,52,170,164,0,-14.816589;-9.567444;209.46057
1342,2,100170,52,170,166,0,-143.02283;-4.287842;139.97095
1343,3,100170,96,170,159,0,240.61938;-0.045776367;-65.32391
1344,4,100170,97,170,167,0,-180.71259;-4.623535;-218.00574
1345,1,100401,215,401,0,0,-183.58136;-166.00293;619.3484
1346,1,100400,214,400,0,0,478.9043;-23.605713;153.85669
1347,1,100397,211,397,0,0,-788.7541;106.82837;-519.18823
1348,1,100398,212,398,0,0,42.648926;-71.64111;164.53796
1349,1,100399,213,399,0,0,266.5293;114.94617;288.53284
1350,1,100613,371,613,0,0,314.9309;1.2054443;427.32886
1351,1,100621,369,621,0,0,185.25977;7.5531616;-678.9197
1352,1,100622,372,622,0,0,-245.38031;23.544617;177.32507
1353,1,100620,368,620,0,0,228.7174;131.21228;-385.42767
1354,1,100612,367,612,0,0,-514.9157;38.956177;484.64172
1355,1,100614,354,614,0,0,37.125122;4.6539917;317.25024
1356,1,100817,495,817,0,0,169.97021;-5.142395;309.98706
1357,1,100814,492,814,0,0,-69.74902;347.5547;-220.56921
1358,1,100815,493,815,0,0,734.9812;-74.57086;-498.25287
1359,1,100813,491,813,0,0,837.9186;79.78931;-381.9181
1360,1,100816,494,816,0,0,589.99;98.89368;-550.0115
1361,1,100818,496,818,0,0,-380.02594;122.36206;-324.66626
1362,1,100956,695,956,0,0,162.40173;-24.704407;410.08618
1363,1,100961,700,961,0,0,-423.9414;312.1842;-635.1873
1364,1,100958,697,958,0,0,335.6526;-8.86554;250.50732
1365,1,100959,698,959,0,0,-134.08105;62.271973;213.58044
1366,1,100960,699,960,0,0,-665.94946;81.01013;462.76025
1367,1,100957,696,957,0,0,268.2688;6.576599;373.18982
1368,1,101191,861,1191,0,0,-211.3222;28.793701;38.010254
1369,1,101188,858,1188,0,0,497.27625;10.696533;-326.07007
1370,1,101190,860,1190,0,0,704.4326;-14.511353;-224.90277
1371,1,101187,857,1187,0,0,638.4833;109.33081;560.14343
1372,1,101189,859,1189,0,0,-790.4021;31.845581;-92.21033
1373,1,101192,862,1192,0,0,-608.88074;-5.0202637;-535.5459
