ItemResultId,ItemRequirement1Id,ItemRequirement2Id
7715,7717,7716
7715,7717,7718
7715,7717,7719
7715,7717,7728
7715,7717,7729
7715,7717,7731
7715,7717,7739
7715,7718,7732
7715,7718,7741
7715,7718,7742
7715,7718,8170
7715,7718,8171
7715,7718,8172
7715,7718,8173
7715,7719,7732
7715,7719,8170
7715,7719,8172
7715,7719,8173
7715,7720,8174
7715,7720,8177
7715,7720,8183
7715,7720,15856
7715,7720,15867
7715,7720,15870
7715,7725,7720
7715,7726,7720
7715,7727,7720
7715,7730,7717
7715,7732,7716
7715,7733,7716
7715,7733,7718
7715,7733,7719
7715,7735,7720
7715,7736,7720
7715,7737,7720
7715,7738,7717
7715,7740,7717
7715,7741,7716
7715,7741,7719
7715,7742,7716
7715,7742,7719
7715,8169,7716
7715,8169,7718
7715,8169,7719
7715,8170,7716
7715,8171,7716
7715,8171,7719
7715,8172,7716
7715,8173,7716
7715,8175,7720
7715,8176,7720
7715,8178,7720
7715,8179,7720
7715,8180,7720
7715,8182,7720
7715,8572,7720
7715,15855,7720
7715,15865,7720
7715,15866,7720
7715,15868,7720
7715,15869,7720
7715,17547,7720
7715,30364,7717
7715,30364,7732
7715,30364,7733
7715,30364,7741
7715,30364,7742
7715,30364,8169
7715,30364,8170
7715,30364,8171
7715,30364,8172
7715,30364,8173
7717,7715,8174
7717,7715,8177
7717,7715,8183
7717,7715,15856
7717,7715,15867
7717,7715,15870
7717,7718,7716
7717,7718,7719
7717,7718,7728
7717,7718,7729
7717,7718,7731
7717,7718,7739
7717,7719,7716
7717,7719,7728
7717,7719,7729
7717,7719,7739
7717,7725,7715
7717,7726,7715
7717,7727,7715
7717,7728,7716
7717,7729,7716
7717,7730,7716
7717,7730,7718
7717,7730,7719
7717,7731,7716
7717,7731,7719
7717,7735,7715
7717,7736,7715
7717,7737,7715
7717,7738,7716
7717,7738,7718
7717,7738,7719
7717,7738,30364
7717,7739,7716
7717,7740,7716
7717,7740,7718
7717,7740,7719
7717,8175,7715
7717,8176,7715
7717,8178,7715
7717,8179,7715
7717,8180,7715
7717,8182,7715
7717,8572,7715
7717,15855,7715
7717,15865,7715
7717,15866,7715
7717,15868,7715
7717,15869,7715
7717,17547,7715
7717,30364,7716
7717,30364,7718
7717,30364,7719
7717,30364,7728
7717,30364,7729
7717,30364,7730
7717,30364,7731
7717,30364,7739
7717,30364,7740
7720,7715,7732
7720,7715,8170
7720,7715,8172
7720,7717,7715
7720,7717,7732
7720,7717,7733
7720,7717,7742
7720,7717,8169
7720,7717,8170
7720,7717,8171
7720,7717,8172
7720,7717,8173
7720,7718,7734
7720,7718,7743
7720,7718,7753
7720,7719,7734
7720,7719,7753
7720,7721,8174
7720,7721,8177
7720,7721,8178
7720,7721,8183
7720,7721,15856
7720,7721,15867
7720,7721,15870
7720,7725,7721
7720,7726,7721
7720,7727,7721
7720,7733,7715
7720,7734,7716
7720,7735,7721
7720,7736,7721
7720,7737,7721
7720,7742,7715
7720,7743,7716
7720,7743,7719
7720,7744,7716
7720,7744,7718
7720,7744,7719
7720,7746,7716
7720,7746,7718
7720,7746,7719
7720,7751,7716
7720,7751,7718
7720,7751,7719
7720,7753,7716
7720,8169,7715
7720,8171,7715
7720,8173,7715
7720,8175,7721
7720,8176,7721
7720,8179,7721
7720,8180,7721
7720,8182,7721
7720,8572,7721
7720,13768,7716
7720,13768,7718
7720,13768,7719
7720,15855,7721
7720,15865,7721
7720,15866,7721
7720,15868,7721
7720,15869,7721
7720,17547,7721
7720,20792,7716
7720,20792,7718
7720,20792,7719
7720,30364,7734
7720,30364,7743
7720,30364,7744
7720,30364,7746
7720,30364,7751
7720,30364,7753
7720,30364,13768
7720,30364,20792
7722,7715,7720
7722,7715,7734
7722,7715,7748
7722,7715,7753
7722,7715,8187
7722,7717,7720
7722,7717,7721
7722,7717,7734
7722,7717,7743
7722,7717,7748
7722,7717,7753
7722,7717,8184
7722,7717,8185
7722,7717,8186
7722,7717,8187
7722,7717,8188
7722,7717,13768
7722,7718,7721
7722,7718,7747
7722,7718,7748
7722,7718,7750
7722,7718,7754
7722,7718,8167
7722,7718,8184
7722,7718,8187
7722,7718,8188
7722,7718,13765
7722,7719,7748
7722,7719,7750
7722,7719,7754
7722,7719,8167
7722,7719,8184
7722,7719,8187
7722,7720,7732
7722,7720,7734
7722,7720,8170
7722,7720,8172
7722,7721,7715
7722,7721,7716
7722,7721,7719
7722,7721,7728
7722,7721,7729
7722,7721,7731
7722,7721,7732
7722,7721,7739
7722,7723,15867
7722,7723,15870
7722,7730,7721
7722,7733,7720
7722,7738,7721
7722,7740,7721
7722,7741,7720
7722,7741,7721
7722,7742,7720
7722,7743,7715
7722,7743,7720
7722,7744,7715
7722,7744,7717
7722,7745,7716
7722,7745,7718
7722,7745,7719
7722,7746,7715
7722,7746,7717
7722,7746,7720
7722,7747,7716
7722,7747,7719
7722,7748,7716
7722,7750,7716
7722,7751,7715
7722,7751,7717
7722,7754,7716
7722,7755,7716
7722,7755,7718
7722,7755,7719
7722,7756,7716
7722,7756,7718
7722,7756,7719
7722,7757,7716
7722,7757,7718
7722,7757,7719
7722,8167,7716
7722,8169,7720
7722,8171,7720
7722,8173,7720
7722,8184,7715
7722,8184,7716
7722,8185,7715
7722,8185,7716
7722,8185,7718
7722,8185,7719
7722,8186,7715
7722,8186,7716
7722,8186,7718
7722,8186,7719
7722,8187,7716
7722,8188,7715
7722,8188,7716
7722,8188,7719
7722,13765,7716
7722,13765,7719
7722,13768,7715
7722,15865,7723
7722,15866,7723
7722,15868,7723
7722,15869,7723
7722,20792,7715
7722,20792,7717
7722,30364,7721
7722,30364,7745
7722,30364,7747
7722,30364,7748
7722,30364,7750
7722,30364,7754
7722,30364,7755
7722,30364,7756
7722,30364,7757
7722,30364,8167
7722,30364,8184
7722,30364,8185
7722,30364,8186
7722,30364,8187
7722,30364,8188
7722,30364,13765
7723,7715,7722
7723,7715,7750
7723,7715,7754
7723,7715,8167
7723,7717,7722
7723,7717,7745
7723,7717,7747
7723,7717,7750
7723,7717,7754
7723,7717,7755
7723,7717,7756
7723,7717,8167
7723,7717,13765
7723,7720,7748
7723,7720,7750
7723,7720,7753
7723,7720,7754
7723,7720,8187
7723,7721,7720
7723,7721,7734
7723,7721,7753
7723,7721,8170
7723,7721,8171
7723,7721,8172
7723,7721,8173
7723,7724,7725
7723,7724,7726
7723,7724,7727
7723,7724,7735
7723,7724,7736
7723,7724,8174
7723,7724,8176
7723,7724,8177
7723,7724,8178
7723,7724,8180
7723,7724,8182
7723,7724,8183
7723,7724,8572
7723,7724,15856
7723,7724,15865
7723,7724,15866
7723,7724,15867
7723,7724,15868
7723,7724,15869
7723,7724,15870
7723,7725,13767
7723,7726,13767
7723,7727,7752
7723,7727,13767
7723,7730,7722
7723,7731,7722
7723,7732,7722
7723,7733,7721
7723,7733,7722
7723,7735,7752
7723,7735,13767
7723,7736,13767
7723,7737,7724
7723,7737,7752
7723,7737,13766
7723,7737,13767
7723,7740,7722
7723,7741,7722
7723,7742,7721
7723,7742,7722
7723,7743,7721
7723,7744,7720
7723,7744,7721
7723,7745,7715
7723,7745,7720
7723,7746,7721
7723,7747,7715
7723,7747,7720
7723,7751,7720
7723,7751,7721
7723,7752,7725
7723,7752,7726
7723,7752,7736
7723,7752,8174
7723,7752,8176
7723,7752,8177
7723,7752,8178
7723,7752,8183
7723,7752,15856
7723,7752,15867
7723,7752,15869
7723,7752,15870
7723,7755,7715
7723,7755,7720
7723,7756,7715
7723,7756,7720
7723,7757,7715
7723,7757,7717
7723,7757,7720
7723,8167,7720
7723,8169,7721
7723,8169,7722
7723,8170,7722
7723,8171,7722
7723,8172,7722
7723,8173,7722
7723,8175,7724
7723,8175,7752
7723,8175,13767
7723,8176,13767
7723,8178,13767
7723,8179,7724
7723,8179,7752
7723,8179,13767
7723,8180,7752
7723,8180,13767
7723,8182,7752
7723,8182,13767
7723,8184,7720
7723,8185,7720
7723,8186,7720
7723,8188,7720
7723,8572,7752
7723,8572,13767
7723,13765,7715
7723,13766,7725
7723,13766,7726
7723,13766,7727
7723,13766,7735
7723,13766,7736
7723,13766,8174
7723,13766,8175
7723,13766,8176
7723,13766,8177
7723,13766,8178
7723,13766,8179
7723,13766,8180
7723,13766,8182
7723,13766,8183
7723,13766,8572
7723,13766,15856
7723,13766,15865
7723,13766,15866
7723,13766,15867
7723,13766,15868
7723,13766,15869
7723,13766,15870
7723,13766,17547
7723,13767,8174
7723,13767,8177
7723,13767,8183
7723,13767,15856
7723,13767,15867
7723,13767,15870
7723,13768,7720
7723,13768,7721
7723,15855,7724
7723,15855,7752
7723,15855,13766
7723,15855,13767
7723,15865,7752
7723,15865,13767
7723,15866,7752
7723,15866,13767
7723,15868,7752
7723,15868,13767
7723,15869,13767
7723,17547,7724
7723,17547,7752
7723,17547,13767
7723,20792,7720
7723,20792,7721
7724,7715,13767
7724,7717,7723
7724,7717,7752
7724,7717,13767
7724,7718,8172
7724,7718,13767
7724,7719,13767
7724,7720,7722
7724,7721,7722
7724,7721,7748
7724,7721,8184
7724,7721,8187
7724,7721,13765
7724,7723,7715
7724,7723,7720
7724,7723,7732
7724,7723,7734
7724,7723,7753
7724,7725,20794
7724,7726,20794
7724,7727,20794
7724,7730,7749
7724,7733,7752
7724,7733,13767
7724,7734,7722
7724,7735,20794
7724,7736,20794
7724,7737,13755
7724,7737,20794
7724,7738,7749
7724,7738,7752
7724,7738,13766
7724,7738,13767
7724,7739,13767
7724,7740,7749
7724,7741,7723
7724,7741,13767
7724,7742,13767
7724,7743,7722
7724,7743,7723
7724,7744,7723
7724,7745,7722
7724,7746,7722
7724,7746,7723
7724,7747,7722
7724,7748,7722
7724,7749,7716
7724,7749,7718
7724,7749,7719
7724,7749,7728
7724,7749,7729
7724,7749,7731
7724,7749,7739
7724,7749,15865
7724,7749,15866
7724,7749,15867
7724,7749,15868
7724,7749,15869
7724,7749,15870
7724,7750,7722
7724,7751,7723
7724,7752,7715
7724,7752,7716
7724,7752,7718
7724,7752,7719
7724,7752,7728
7724,7752,7729
7724,7752,7732
7724,7752,7739
7724,7752,7741
7724,7752,7742
7724,7752,8170
7724,7752,8171
7724,7752,8172
7724,7752,8173
7724,7754,7722
7724,7755,7722
7724,7756,7722
7724,7757,7722
7724,8167,7722
7724,8169,7752
7724,8169,13767
7724,8171,13767
7724,8173,13767
7724,8175,20794
7724,8176,20794
7724,8178,20794
7724,8179,20794
7724,8180,20794
7724,8182,20794
7724,8184,7722
7724,8185,7721
7724,8185,7722
7724,8186,7721
7724,8186,7722
7724,8187,7722
7724,8188,7721
7724,8188,7722
7724,8572,20794
7724,13755,7725
7724,13755,7726
7724,13755,7727
7724,13755,7735
7724,13755,7736
7724,13755,8174
7724,13755,8175
7724,13755,8176
7724,13755,8177
7724,13755,8178
7724,13755,8179
7724,13755,8180
7724,13755,8182
7724,13755,8183
7724,13755,8572
7724,13755,15856
7724,13755,15865
7724,13755,15866
7724,13755,15867
7724,13755,15868
7724,13755,15869
7724,13755,15870
7724,13755,17547
7724,13755,20794
7724,13765,7720
7724,13766,7715
7724,13766,7716
7724,13766,7717
7724,13766,7718
7724,13766,7719
7724,13766,7728
7724,13766,7729
7724,13766,7732
7724,13766,7733
7724,13766,7739
7724,13766,7741
7724,13766,7742
7724,13766,8169
7724,13766,8170
7724,13766,8171
7724,13766,8172
7724,13766,8173
7724,13767,7716
7724,13767,7728
7724,13767,7729
7724,13767,7732
7724,13767,8170
7724,13767,8172
7724,13768,7723
7724,15855,13755
7724,15855,20794
7724,15865,20794
7724,15866,20794
7724,15868,20794
7724,15869,20794
7724,17547,20794
7724,20792,7723
7724,20794,8174
7724,20794,8177
7724,20794,8183
7724,20794,15856
7724,20794,15867
7724,20794,15870
7724,30364,7749
7724,30364,7752
7724,30364,13766
7724,30364,13767
7728,7715,7729
7728,7717,7729
7728,7718,7731
7728,7725,7721
7728,7725,7722
7728,7725,7729
7728,7725,7741
7728,7725,7742
7728,7725,8170
7728,7725,8171
7728,7725,8172
7728,7725,8173
7728,7726,7721
7728,7726,7722
7728,7726,7729
7728,7726,7742
7728,7726,8170
7728,7726,8171
7728,7726,8172
7728,7726,8173
7728,7727,7721
7728,7727,7722
7728,7727,7729
7728,7727,7731
7728,7727,7741
7728,7727,7742
7728,7727,8170
7728,7727,8171
7728,7727,8172
7728,7727,8173
7728,7729,7720
7728,7730,7716
7728,7730,7718
7728,7730,7719
7728,7730,7735
7728,7730,7736
7728,7730,8174
7728,7730,8175
7728,7730,8176
7728,7730,8177
7728,7730,8178
7728,7730,8179
7728,7730,8180
7728,7730,8182
7728,7730,8183
7728,7730,8572
7728,7730,15856
7728,7730,15865
7728,7730,15866
7728,7730,15867
7728,7730,15868
7728,7730,15869
7728,7730,15870
7728,7731,7716
7728,7731,7719
7728,7731,8174
7728,7731,8177
7728,7731,8178
7728,7731,8183
7728,7731,15856
7728,7731,15867
7728,7731,15870
7728,7735,7731
7728,7736,7731
7728,7737,7730
7728,7737,7731
7728,7738,7729
7728,7739,7729
7728,7740,7729
7728,7741,7726
7728,8169,7725
7728,8169,7726
7728,8169,7727
7728,8175,7731
7728,8176,7731
7728,8179,7731
7728,8180,7731
7728,8182,7731
7728,8572,7731
7728,15855,7730
7728,15855,7731
7728,15865,7731
7728,15866,7731
7728,15868,7731
7728,15869,7731
7728,17547,7721
7728,17547,7722
7728,17547,7729
7728,17547,7741
7728,17547,7742
7728,17547,8169
7728,17547,8170
7728,17547,8171
7728,17547,8172
7728,17547,8173
7728,30364,7730
7728,30364,7731
7729,7717,7725
7729,7717,7726
7729,7717,7727
7729,7718,7728
7729,7719,7728
7729,7725,7715
7729,7725,7720
7729,7725,7726
7729,7725,7739
7729,7726,7715
7729,7726,7720
7729,7726,7739
7729,7727,7715
7729,7727,7720
7729,7727,7725
7729,7727,7726
7729,7727,7739
7729,7728,7716
7729,7728,8174
7729,7728,8177
7729,7728,8183
7729,7728,15856
7729,7728,15867
7729,7728,15870
7729,7735,7728
7729,7736,7728
7729,7737,7728
7729,7738,7725
7729,7738,7726
7729,7738,7727
7729,7738,17547
7729,7740,7725
7729,7740,7726
7729,7740,7727
7729,7740,17547
7729,8175,7728
7729,8176,7728
7729,8178,7728
7729,8179,7728
7729,8180,7728
7729,8182,7728
7729,8572,7728
7729,15855,7728
7729,15865,7728
7729,15866,7728
7729,15868,7728
7729,15869,7728
7729,17547,7715
7729,17547,7717
7729,17547,7720
7729,17547,7725
7729,17547,7726
7729,17547,7727
7729,17547,7739
7729,30364,7728
7730,7717,7731
7730,7718,7732
7730,7719,7732
7730,7721,7728
7730,7721,7729
7730,7724,7725
7730,7724,7726
7730,7724,7727
7730,7725,7723
7730,7725,7726
7730,7725,7731
7730,7725,7743
7730,7725,7753
7730,7725,13767
7730,7726,7723
7730,7726,7731
7730,7726,7743
7730,7726,7753
7730,7726,13767
7730,7727,7723
7730,7727,7731
7730,7727,7743
7730,7727,7752
7730,7727,7753
7730,7727,13767
7730,7728,7722
7730,7728,8170
7730,7728,8172
7730,7729,7722
7730,7729,7728
7730,7729,8170
7730,7729,8172
7730,7731,7715
7730,7731,7720
7730,7731,7739
7730,7732,7716
7730,7732,8174
7730,7732,8177
7730,7732,8183
7730,7732,15856
7730,7732,15867
7730,7732,15870
7730,7735,7732
7730,7736,7732
7730,7737,7732
7730,7738,7731
7730,7740,7731
7730,7741,7728
7730,7741,7729
7730,7742,7728
7730,7742,7729
7730,7744,7725
7730,7744,7726
7730,7744,7727
7730,7744,17547
7730,7746,7725
7730,7746,7726
7730,7746,7727
7730,7746,17547
7730,7752,7725
7730,7752,7726
7730,8169,7728
7730,8169,7729
7730,8171,7728
7730,8171,7729
7730,8173,7728
7730,8173,7729
7730,8175,7732
7730,8176,7732
7730,8178,7732
7730,8179,7732
7730,8180,7732
7730,8182,7732
7730,8572,7732
7730,13766,7725
7730,13766,7726
7730,13766,7727
7730,13766,17547
7730,13768,7725
7730,13768,7726
7730,13768,7727
7730,15855,7732
7730,15865,7732
7730,15866,7732
7730,15868,7732
7730,15869,7732
7730,17547,7723
7730,17547,7724
7730,17547,7731
7730,17547,7743
7730,17547,7752
7730,17547,7753
7730,17547,13767
7730,17547,13768
7730,17547,20792
7730,20792,7725
7730,20792,7726
7730,20792,7727
7730,30364,7732
7731,7715,7732
7731,7717,7732
7731,7720,7732
7731,7723,7728
7731,7723,7729
7731,7724,7728
7731,7724,7729
7731,7725,7732
7731,7725,7747
7731,7725,7748
7731,7725,8167
7731,7725,8184
7731,7725,8187
7731,7725,8188
7731,7725,20794
7731,7726,7732
7731,7726,7747
7731,7726,7748
7731,7726,8167
7731,7726,8184
7731,7726,8187
7731,7726,8188
7731,7726,20794
7731,7727,7732
7731,7727,7745
7731,7727,7747
7731,7727,7748
7731,7727,7755
7731,7727,8167
7731,7727,8184
7731,7727,8186
7731,7727,8187
7731,7727,8188
7731,7727,20794
7731,7729,7753
7731,7730,7721
7731,7730,7722
7731,7730,7728
7731,7730,7729
7731,7730,7741
7731,7730,7742
7731,7730,8169
7731,7730,8170
7731,7730,8171
7731,7730,8172
7731,7730,8173
7731,7733,7716
7731,7733,7718
7731,7733,7719
7731,7733,7736
7731,7733,8174
7731,7733,8176
7731,7733,8177
7731,7733,8178
7731,7733,8182
7731,7733,8183
7731,7733,15856
7731,7733,15866
7731,7733,15867
7731,7733,15869
7731,7733,15870
7731,7735,7733
7731,7737,7733
7731,7738,7732
7731,7739,7732
7731,7740,7732
7731,7743,7728
7731,7743,7729
7731,7744,7728
7731,7744,7729
7731,7745,7725
7731,7745,7726
7731,7746,7728
7731,7746,7729
7731,7749,7725
7731,7749,7726
7731,7749,7727
7731,7752,7728
7731,7752,7729
7731,7753,7728
7731,7755,7725
7731,7755,7726
7731,7757,7725
7731,7757,7726
7731,7757,7727
7731,7757,17547
7731,8175,7733
7731,8175,8180
7731,8179,7733
7731,8180,7733
7731,8185,7725
7731,8185,7726
7731,8185,7727
7731,8186,7725
7731,8186,7726
7731,8186,8176
7731,8572,7733
7731,13755,7725
7731,13755,7726
7731,13755,7727
7731,13755,17547
7731,13766,7728
7731,13766,7729
7731,13767,7728
7731,13767,7729
7731,13768,7728
7731,13768,7729
7731,15855,7733
7731,15865,7733
7731,15868,7733
7731,17547,7732
7731,17547,7745
7731,17547,7747
7731,17547,7748
7731,17547,7749
7731,17547,7755
7731,17547,8167
7731,17547,8184
7731,17547,8185
7731,17547,8186
7731,17547,8187
7731,17547,8188
7731,17547,20794
7731,20792,7728
7731,20792,7729
7731,30364,7733
7732,7718,7734
7732,7719,7734
7732,7723,7731
7732,7724,7731
7732,7727,7733
7732,7728,8187
7732,7729,7748
7732,7729,8187
7732,7729,20794
7732,7730,7723
7732,7730,7724
7732,7730,7731
7732,7730,7743
7732,7730,7752
7732,7730,7753
7732,7730,13766
7732,7730,13767
7732,7730,13768
7732,7730,20792
7732,7731,7753
7732,7731,13767
7732,7733,7720
7732,7733,7725
7732,7733,7726
7732,7733,7739
7732,7734,7716
7732,7734,8174
7732,7734,8177
7732,7734,8183
7732,7734,15856
7732,7734,15867
7732,7734,15870
7732,7735,7734
7732,7736,7734
7732,7737,7734
7732,7738,7733
7732,7740,7733
7732,7743,7731
7732,7744,7730
7732,7744,7731
7732,7745,7728
7732,7745,7729
7732,7746,7730
7732,7746,7731
7732,7747,7728
7732,7747,7729
7732,7748,7728
7732,7749,7728
7732,7749,7729
7732,7752,7731
7732,7755,7728
7732,7755,7729
7732,7757,7728
7732,7757,7729
7732,8167,7728
7732,8167,7729
7732,8175,7734
7732,8176,7734
7732,8178,7734
7732,8179,7734
7732,8180,7734
7732,8182,7734
7732,8184,7728
7732,8184,7729
7732,8185,7728
7732,8185,7729
7732,8186,7728
7732,8186,7729
7732,8188,7728
7732,8188,7729
7732,8572,7734
7732,13755,7728
7732,13755,7729
7732,13766,7731
7732,13768,7731
7732,15855,7734
7732,15865,7734
7732,15866,7734
7732,15868,7734
7732,15869,7734
7732,17547,7733
7732,17547,8180
7732,20792,7731
7732,20794,7728
7732,30364,7734
7733,7715,7734
7733,7717,7734
7733,7720,7734
7733,7721,7734
7733,7723,7732
7733,7724,7732
7733,7725,7734
7733,7726,7734
7733,7727,7734
7733,7729,7734
7733,7730,7732
7733,7730,7745
7733,7730,7747
7733,7730,7748
7733,7730,7749
7733,7730,7755
7733,7730,7757
7733,7730,8167
7733,7730,8184
7733,7730,8185
7733,7730,8186
7733,7730,8187
7733,7730,8188
7733,7730,13755
7733,7730,20794
7733,7731,7732
7733,7731,7747
7733,7731,7748
7733,7731,8167
7733,7731,8184
7733,7731,8187
7733,7731,20794
7733,7732,7748
7733,7732,7753
7733,7732,8187
7733,7734,7728
7733,7738,7734
7733,7738,7751
7733,7739,7734
7733,7740,7734
7733,7741,7734
7733,7743,7732
7733,7744,7732
7733,7745,7731
7733,7746,7732
7733,7749,7731
7733,7749,7732
7733,7751,7716
7733,7751,7718
7733,7751,7719
7733,7751,7725
7733,7751,7726
7733,7751,7727
7733,7751,7735
7733,7751,7736
7733,7751,7737
7733,7751,7739
7733,7751,8174
7733,7751,8175
7733,7751,8176
7733,7751,8177
7733,7751,8178
7733,7751,8179
7733,7751,8180
7733,7751,8182
7733,7751,8183
7733,7751,8572
7733,7751,15856
7733,7751,15865
7733,7751,15866
7733,7751,15867
7733,7751,15868
7733,7751,15869
7733,7751,15870
7733,7751,17547
7733,7752,7732
7733,7755,7731
7733,7757,7731
7733,8184,7732
7733,8185,7731
7733,8185,7732
7733,8186,7731
7733,8186,7732
7733,8188,7731
7733,8188,7732
7733,13755,7731
7733,13766,7732
7733,13767,7732
7733,13768,7732
7733,15855,7751
7733,17547,7734
7733,20792,7732
7733,30364,7751
7734,7718,7750
7734,7718,7754
7734,7719,7750
7734,7719,7754
7734,7733,7732
7734,7733,7747
7734,7733,7748
7734,7733,7755
7734,7733,8167
7734,7733,8184
7734,7733,8187
7734,7733,8188
7734,7733,20794
7734,7735,7750
7734,7735,7754
7734,7735,7756
7734,7736,7750
7734,7736,7754
7734,7737,7750
7734,7737,7754
7734,7737,7756
7734,7745,7733
7734,7749,7733
7734,7750,7716
7734,7750,8174
7734,7750,8177
7734,7750,8183
7734,7750,15856
7734,7750,15867
7734,7750,15870
7734,7751,7721
7734,7751,7722
7734,7751,7728
7734,7751,7729
7734,7751,7741
7734,7751,7742
7734,7751,8169
7734,7751,8170
7734,7751,8171
7734,7751,8172
7734,7751,8173
7734,7754,7716
7734,7754,8174
7734,7754,8177
7734,7754,15856
7734,7754,15867
7734,7754,15870
7734,7756,7716
7734,7756,7718
7734,7756,7719
7734,7756,7736
7734,7756,8174
7734,7756,8176
7734,7756,8177
7734,7756,8178
7734,7756,8180
7734,7756,8182
7734,7756,8183
7734,7756,8572
7734,7756,15856
7734,7756,15866
7734,7756,15867
7734,7756,15869
7734,7756,15870
7734,7757,7733
7734,8175,7750
7734,8175,7754
7734,8175,7756
7734,8176,7750
7734,8176,7754
7734,8178,7750
7734,8178,7754
7734,8179,7750
7734,8179,7754
7734,8179,7756
7734,8180,7750
7734,8180,7754
7734,8182,7750
7734,8182,7754
7734,8183,7754
7734,8185,7733
7734,8186,7733
7734,8572,7750
7734,8572,7754
7734,13755,7733
7734,15855,7750
7734,15855,7754
7734,15855,7756
7734,15865,7750
7734,15865,7754
7734,15865,7756
7734,15866,7750
7734,15866,7754
7734,15868,7750
7734,15868,7754
7734,15868,7756
7734,15869,7750
7734,15869,7754
7734,30364,7750
7734,30364,7754
7734,30364,7756
7738,7715,15856
7738,7717,7735
7738,7717,7736
7738,7717,15856
7738,7718,7739
7738,7719,7739
7738,7720,15856
7738,7725,7739
7738,7726,7739
7738,7727,7739
7738,7728,15856
7738,7729,15856
7738,7730,7735
7738,7730,7736
7738,7730,15856
7738,7731,15856
7738,7735,7715
7738,7735,7720
7738,7735,7728
7738,7735,7729
7738,7735,7731
7738,7735,7736
7738,7735,15856
7738,7736,7715
7738,7736,7720
7738,7736,7728
7738,7736,7729
7738,7736,7731
7738,7736,15856
7738,7737,7715
7738,7737,7717
7738,7737,7720
7738,7737,7728
7738,7737,7729
7738,7737,7730
7738,7737,7731
7738,7737,7735
7738,7737,7736
7738,7737,15856
7738,7739,7716
7738,7739,8174
7738,7739,8177
7738,7739,8183
7738,7739,15867
7738,7739,15870
7738,8175,7739
7738,8176,7739
7738,8178,7739
7738,8179,7739
7738,8180,7739
7738,8182,7739
7738,8572,7739
7738,15855,7715
7738,15855,7717
7738,15855,7720
7738,15855,7728
7738,15855,7729
7738,15855,7730
7738,15855,7731
7738,15855,7735
7738,15855,7736
7738,15855,7737
7738,15855,15856
7738,15865,7739
7738,15866,7739
7738,15868,7739
7738,15869,7739
7738,17547,7739
7738,30364,7739
7739,7721,15856
7739,7732,15856
7739,7733,7736
7739,7733,15856
7739,7735,7721
7739,7735,7722
7739,7735,7732
7739,7735,7733
7739,7735,8170
7739,7735,8171
7739,7735,8172
7739,7735,8173
7739,7736,7721
7739,7736,7722
7739,7736,7732
7739,7736,8170
7739,7736,8171
7739,7736,8172
7739,7736,8173
7739,7737,7721
7739,7737,7722
7739,7737,7732
7739,7737,7733
7739,7737,8169
7739,7737,8170
7739,7737,8171
7739,7737,8172
7739,7737,8173
7739,7738,7715
7739,7738,7717
7739,7738,7720
7739,7738,7728
7739,7738,7729
7739,7738,7730
7739,7738,7731
7739,7738,7735
7739,7738,7736
7739,7738,7737
7739,7738,15855
7739,7738,15856
7739,7740,7716
7739,7740,7718
7739,7740,7719
7739,7740,7725
7739,7740,7726
7739,7740,7727
7739,7740,8174
7739,7740,8175
7739,7740,8176
7739,7740,8177
7739,7740,8178
7739,7740,8179
7739,7740,8180
7739,7740,8182
7739,7740,8183
7739,7740,8572
7739,7740,15865
7739,7740,15866
7739,7740,15867
7739,7740,15868
7739,7740,15869
7739,7740,15870
7739,7740,17547
7739,8169,7735
7739,8169,7736
7739,8169,15856
7739,8170,15856
7739,8171,15856
7739,8172,15856
7739,8173,15856
7739,15855,7721
7739,15855,7722
7739,15855,7732
7739,15855,7733
7739,15855,8169
7739,15855,8170
7739,15855,8171
7739,15855,8172
7739,15855,8173
7739,15856,7722
7739,30364,7740
7741,7721,7739
7741,7723,15856
7741,7724,7735
7741,7724,7736
7741,7724,15856
7741,7730,7740
7741,7733,7739
7741,7734,15856
7741,7735,7723
7741,7735,7734
7741,7735,7752
7741,7735,13767
7741,7736,7723
7741,7736,7734
7741,7736,13767
7741,7737,7723
7741,7737,7724
7741,7737,7734
7741,7737,7740
7741,7737,7752
7741,7737,13766
7741,7737,13767
7741,7738,7721
7741,7738,7722
7741,7738,7732
7741,7738,7733
7741,7738,7739
7741,7738,8169
7741,7738,8170
7741,7738,8171
7741,7738,8172
7741,7738,8173
7741,7739,7722
7741,7739,7732
7741,7739,8170
7741,7739,8172
7741,7740,7715
7741,7740,7717
7741,7740,7720
7741,7740,7728
7741,7740,7729
7741,7740,7731
7741,7740,7735
7741,7740,7736
7741,7740,15856
7741,7751,7735
7741,7751,7736
7741,7751,7737
7741,7751,15856
7741,7752,7736
7741,7752,15856
7741,8169,7739
7741,8171,7739
7741,8173,7739
7741,13766,7735
7741,13766,7736
7741,13766,15856
7741,13767,15856
7741,15855,7723
7741,15855,7724
7741,15855,7734
7741,15855,7740
7741,15855,7751
7741,15855,7752
7741,15855,13766
7741,15855,13767
7742,7717,7741
7742,7723,7739
7742,7724,7739
7742,7730,7741
7742,7735,7741
7742,7735,7750
7742,7735,7754
7742,7735,7756
7742,7735,20794
7742,7736,7741
7742,7736,7750
7742,7736,7754
7742,7736,20794
7742,7737,7741
7742,7737,7749
7742,7737,7750
7742,7737,7754
7742,7737,7756
7742,7737,13755
7742,7737,20794
7742,7738,7723
7742,7738,7724
7742,7738,7734
7742,7738,7740
7742,7738,7751
7742,7738,7752
7742,7738,13766
7742,7738,13767
7742,7739,7734
7742,7739,13767
7742,7740,7721
7742,7740,7722
7742,7740,7732
7742,7740,7733
7742,7740,7739
7742,7740,8169
7742,7740,8170
7742,7740,8171
7742,7740,8172
7742,7740,8173
7742,7741,7715
7742,7741,7720
7742,7741,7728
7742,7741,7729
7742,7741,7731
7742,7741,15856
7742,7749,7735
7742,7749,7736
7742,7749,15856
7742,7750,15856
7742,7751,7739
7742,7752,7739
7742,7754,15856
7742,7756,7736
7742,7756,15856
7742,13755,7735
7742,13755,7736
7742,13755,15856
7742,13766,7739
7742,15855,7741
7742,15855,7749
7742,15855,7750
7742,15855,7754
7742,15855,7756
7742,15855,13755
7742,15855,20794
7742,20794,15856
7743,7717,7742
7743,7718,7753
7743,7719,7753
7743,7724,7741
7743,7725,7753
7743,7726,7753
7743,7727,7753
7743,7733,7742
7743,7735,7742
7743,7735,13765
7743,7736,7742
7743,7736,13765
7743,7737,7742
7743,7737,13765
7743,7738,7741
7743,7738,7749
7743,7740,7723
7743,7740,7734
7743,7740,7750
7743,7740,7754
7743,7740,7756
7743,7740,20794
7743,7741,7721
7743,7741,7732
7743,7741,7739
7743,7741,13767
7743,7742,7715
7743,7742,7722
7743,7742,7728
7743,7742,7729
7743,7742,8170
7743,7742,8171
7743,7742,8172
7743,7742,8173
7743,7742,15856
7743,7744,7716
7743,7744,7718
7743,7744,7719
7743,7744,7725
7743,7744,7726
7743,7744,7727
7743,7744,8174
7743,7744,8175
7743,7744,8176
7743,7744,8177
7743,7744,8178
7743,7744,8179
7743,7744,8180
7743,7744,8182
7743,7744,8183
7743,7744,8572
7743,7744,17547
7743,7746,7720
7743,7746,7730
7743,7746,7731
7743,7746,15865
7743,7746,15866
7743,7746,15867
7743,7746,15868
7743,7746,15869
7743,7746,15870
7743,7749,7739
7743,7751,7741
7743,7752,7741
7743,7753,7716
7743,7753,8174
7743,7753,8177
7743,7753,8183
7743,8169,7742
7743,8175,7753
7743,8176,7753
7743,8178,7753
7743,8179,7753
7743,8179,13768
7743,8179,20792
7743,8180,7753
7743,8182,7753
7743,8572,7753
7743,13755,7740
7743,13765,15856
7743,13766,7741
7743,13768,7716
7743,13768,7718
7743,13768,7719
7743,13768,7725
7743,13768,7726
7743,13768,7727
7743,13768,8174
7743,13768,8175
7743,13768,8176
7743,13768,8177
7743,13768,8178
7743,13768,8180
7743,13768,8182
7743,13768,8183
7743,13768,8572
7743,15855,7742
7743,15855,13765
7743,17547,7753
7743,17547,13768
7743,17547,20792
7743,20792,7716
7743,20792,7718
7743,20792,7719
7743,20792,7725
7743,20792,7726
7743,20792,7727
7743,20792,8170
7743,20792,8174
7743,20792,8175
7743,20792,8176
7743,20792,8177
7743,20792,8178
7743,20792,8180
7743,20792,8182
7743,20792,8183
7743,20792,8572
7743,30364,7744
7743,30364,7753
7743,30364,13768
7743,30364,20792
7744,7715,7748
7744,7715,7753
7744,7715,8187
7744,7717,7748
7744,7717,7753
7744,7717,8184
7744,7717,8185
7744,7717,8186
7744,7717,8187
7744,7717,8188
7744,7717,13768
7744,7721,7753
7744,7728,8187
7744,7729,7748
7744,7729,7753
7744,7729,8187
7744,7732,7753
7744,7735,7748
7744,7735,7753
7744,7735,8184
7744,7735,8186
7744,7735,8187
7744,7735,8188
7744,7736,7748
7744,7736,7753
7744,7736,8184
7744,7736,8187
7744,7736,8188
7744,7737,7748
7744,7737,7753
7744,7737,8184
7744,7737,8185
7744,7737,8186
7744,7737,8187
7744,7737,8188
7744,7737,13768
7744,7737,20792
7744,7738,7743
7744,7738,7746
7744,7738,7753
7744,7738,13768
7744,7738,20792
7744,7739,7753
7744,7740,7742
7744,7740,7743
7744,7740,13765
7744,7741,7742
7744,7741,13765
7744,7742,7723
7744,7742,7734
7744,7743,7721
7744,7743,7723
7744,7743,7732
7744,7743,7734
7744,7743,7739
7744,7745,15866
7744,7745,15867
7744,7745,15869
7744,7745,15870
7744,7746,7721
7744,7746,7723
7744,7746,7732
7744,7746,7734
7744,7746,7739
7744,7747,15867
7744,7747,15870
7744,7748,7728
7744,7748,15856
7744,7748,15867
7744,7748,15870
7744,7749,7741
7744,7749,7742
7744,7753,7728
7744,7753,15856
7744,7755,15867
7744,7755,15869
7744,7755,15870
7744,7757,15865
7744,7757,15866
7744,7757,15867
7744,7757,15868
7744,7757,15869
7744,7757,15870
7744,8167,15867
7744,8167,15870
7744,8184,7715
7744,8184,7728
7744,8184,7729
7744,8184,15856
7744,8184,15867
7744,8184,15870
7744,8185,7715
7744,8185,7728
7744,8185,7729
7744,8185,7735
7744,8185,7736
7744,8185,15856
7744,8185,15865
7744,8185,15866
7744,8185,15867
7744,8185,15869
7744,8185,15870
7744,8186,7715
7744,8186,7728
7744,8186,7729
7744,8186,7736
7744,8186,15856
7744,8186,15866
7744,8186,15867
7744,8186,15869
7744,8186,15870
7744,8187,15856
7744,8187,15867
7744,8187,15870
7744,8188,7715
7744,8188,7728
7744,8188,7729
7744,8188,15856
7744,8188,15867
7744,8188,15870
7744,13768,7715
7744,13768,7721
7744,13768,7728
7744,13768,7729
7744,13768,7732
7744,13768,7735
7744,13768,7736
7744,13768,7739
7744,13768,15856
7744,15855,7748
7744,15855,7753
7744,15855,8184
7744,15855,8185
7744,15855,8186
7744,15855,8187
7744,15855,8188
7744,15855,13768
7744,15855,20792
7744,15865,7745
7744,15865,7747
7744,15865,7748
7744,15865,7755
7744,15865,8167
7744,15865,8184
7744,15865,8186
7744,15865,8187
7744,15865,8188
7744,15866,7747
7744,15866,7748
7744,15866,7755
7744,15866,8167
7744,15866,8184
7744,15866,8187
7744,15866,8188
7744,15868,7745
7744,15868,7747
7744,15868,7748
7744,15868,7755
7744,15868,8167
7744,15868,8184
7744,15868,8185
7744,15868,8186
7744,15868,8187
7744,15868,8188
7744,15869,7747
7744,15869,7748
7744,15869,8167
7744,15869,8184
7744,15869,8187
7744,15869,8188
7744,20792,7715
7744,20792,7717
7744,20792,7721
7744,20792,7728
7744,20792,7729
7744,20792,7732
7744,20792,7735
7744,20792,7736
7744,20792,7739
7744,20792,15856
7745,7746,7740
7746,7715,8167
7746,7717,7745
7746,7717,7747
7746,7717,7755
7746,7717,8167
7746,7721,7748
7746,7721,8184
7746,7721,8187
7746,7723,7753
7746,7724,7753
7746,7730,7745
7746,7730,7747
7746,7730,7755
7746,7730,7757
7746,7730,8167
7746,7731,7747
7746,7731,8167
7746,7732,7748
7746,7732,8187
7746,7733,7748
7746,7733,8184
7746,7733,8187
7746,7733,8188
7746,7734,7753
7746,7735,7745
7746,7735,7747
7746,7735,7755
7746,7735,8167
7746,7736,7747
7746,7736,8167
7746,7737,7745
7746,7737,7747
7746,7737,7755
7746,7737,7757
7746,7737,8167
7746,7738,7748
7746,7738,8184
7746,7738,8185
7746,7738,8186
7746,7738,8187
7746,7738,8188
7746,7739,7748
7746,7739,8187
7746,7740,7753
7746,7740,13768
7746,7740,20792
7746,7741,7743
7746,7742,13765
7746,7743,7750
7746,7743,7754
7746,7743,20794
7746,7744,7723
7746,7744,7724
7746,7744,7734
7746,7744,7740
7746,7744,7751
7746,7744,7752
7746,7744,13766
7746,7744,13767
7746,7745,7715
7746,7745,7720
7746,7745,7728
7746,7745,7729
7746,7745,7731
7746,7745,7736
7746,7745,15856
7746,7747,7715
7746,7747,7720
7746,7747,7728
7746,7747,7729
7746,7747,15856
7746,7748,7722
7746,7748,8170
7746,7748,8172
7746,7749,7743
7746,7751,7753
7746,7751,13768
7746,7751,20792
7746,7752,7753
7746,7755,7715
7746,7755,7720
7746,7755,7728
7746,7755,7729
7746,7755,7731
7746,7755,7736
7746,7755,15856
7746,7756,7743
7746,7757,7715
7746,7757,7717
7746,7757,7720
7746,7757,7728
7746,7757,7729
7746,7757,7731
7746,7757,7735
7746,7757,7736
7746,7757,15856
7746,8167,7720
7746,8167,7728
7746,8167,7729
7746,8167,15856
7746,8169,7748
7746,8169,8172
7746,8169,8184
7746,8169,8185
7746,8169,8186
7746,8169,8187
7746,8169,8188
7746,8170,8187
7746,8171,7748
7746,8171,8184
7746,8171,8187
7746,8172,8187
7746,8173,7748
7746,8173,8187
7746,8184,7722
7746,8184,7732
7746,8184,7739
7746,8184,8170
7746,8184,8172
7746,8184,8173
7746,8185,7721
7746,8185,7722
7746,8185,7732
7746,8185,7733
7746,8185,7739
7746,8185,8170
7746,8185,8171
7746,8185,8172
7746,8185,8173
7746,8186,7721
7746,8186,7722
7746,8186,7732
7746,8186,7733
7746,8186,7739
7746,8186,8170
7746,8186,8171
7746,8186,8172
7746,8186,8173
7746,8187,7722
7746,8188,7721
7746,8188,7722
7746,8188,7732
7746,8188,7739
7746,8188,8170
7746,8188,8171
7746,8188,8172
7746,8188,8173
7746,13755,7743
7746,13766,7753
7746,13766,13768
7746,13766,20792
7746,13767,7753
7746,13768,7723
7746,13768,7734
7746,13768,7752
7746,13768,13767
7746,15855,7745
7746,15855,7747
7746,15855,7755
7746,15855,7757
7746,15855,8167
7746,20792,7723
7746,20792,7724
7746,20792,7734
7746,20792,7752
7746,20792,13767
7747,7741,8167
7747,7742,7748
7747,7742,8184
7747,7742,8187
7747,7743,7753
7747,7744,7743
7747,7744,7746
7747,7745,7741
7747,7745,7750
7747,7745,7754
7747,7745,20794
7747,7746,7753
7747,7746,13768
7747,7746,20792
7747,7749,7745
7747,7749,7755
7747,7749,8167
7747,7755,7741
7747,7755,7750
7747,7755,7754
7747,7755,20794
7747,7756,7745
7747,7756,7755
7747,7756,8167
7747,7757,7741
7747,7757,7749
7747,7757,7750
7747,7757,7754
7747,7757,7756
7747,7757,20794
7747,8167,7750
7747,8167,7754
7747,8167,20794
7747,8185,7742
7747,8185,13765
7747,8186,7742
7747,8186,13765
7747,8188,7742
7747,8188,13765
7747,13755,7745
7747,13755,7755
7747,13755,7757
7747,13755,8167
7747,13765,7748
7747,13765,8184
7747,13765,8187
7747,13768,7743
7747,20792,7743
7748,7723,7747
7748,7723,8167
7748,7724,7745
7748,7724,7747
7748,7724,7755
7748,7724,8167
7748,7740,7745
7748,7740,7747
7748,7740,7755
7748,7740,8167
7748,7741,8184
7748,7741,8187
7748,7741,8188
7748,7742,7753
7748,7744,7742
7748,7744,13765
7748,7745,7723
7748,7745,7734
7748,7745,7752
7748,7745,13767
7748,7746,7743
7748,7747,7734
7748,7747,13767
7748,7749,8184
7748,7749,8185
7748,7749,8186
7748,7749,8187
7748,7749,8188
7748,7750,8187
7748,7751,7745
7748,7751,7747
7748,7751,7755
7748,7751,7757
7748,7751,8167
7748,7752,7747
7748,7752,8167
7748,7755,7723
7748,7755,7734
7748,7755,7752
7748,7755,13767
7748,7756,8184
7748,7756,8187
7748,7756,8188
7748,7757,7723
7748,7757,7724
7748,7757,7734
7748,7757,7740
7748,7757,7752
7748,7757,13766
7748,7757,13767
7748,8167,7734
7748,8167,13767
7748,8184,7750
7748,8184,7754
7748,8184,20794
7748,8185,7741
7748,8185,7750
7748,8185,7754
7748,8185,7756
7748,8185,20794
7748,8186,7741
7748,8186,7750
7748,8186,7754
7748,8186,7756
7748,8186,20794
7748,8187,7754
7748,8188,7750
7748,8188,7754
7748,8188,20794
7748,13755,8184
7748,13755,8185
7748,13755,8186
7748,13755,8187
7748,13755,8188
7748,13765,7753
7748,13766,7745
7748,13766,7747
7748,13766,7755
7748,13766,8167
7748,13768,7742
7748,13768,13765
7748,20792,7742
7748,20792,13765
7748,20794,8187
7749,7720,20794
7749,7721,20794
7749,7723,13767
7749,7724,7722
7749,7724,7723
7749,7724,13765
7749,7734,20794
7749,7743,20794
7749,7744,13755
7749,7744,20794
7749,7745,20794
7749,7746,13755
7749,7746,20794
7749,7747,20794
7749,7751,13755
7749,7751,20794
7749,7752,7722
7749,7752,7723
7749,7752,13765
7749,7755,20794
7749,7756,20794
7749,7757,20794
7749,8167,20794
7749,8184,20794
7749,8185,20794
7749,8186,20794
7749,8188,20794
7749,13755,7720
7749,13755,7721
7749,13755,7734
7749,13755,7743
7749,13755,7745
7749,13755,7747
7749,13755,7748
7749,13755,7750
7749,13755,7753
7749,13755,7754
7749,13755,7755
7749,13755,7756
7749,13755,7757
7749,13755,8167
7749,13755,8184
7749,13755,8185
7749,13755,8186
7749,13755,8187
7749,13755,8188
7749,13755,13768
7749,13755,20792
7749,13765,13767
7749,13766,7722
7749,13766,7723
7749,13766,13765
7749,13767,7722
7749,13768,20794
7749,20792,20794
7749,20794,7748
7749,20794,7750
7749,20794,7753
7749,20794,7754
7749,20794,8187
7750,7721,13765
7750,7723,7754
7750,7723,13765
7750,7724,7754
7750,7724,7756
7750,7724,13765
7750,7730,7754
7750,7730,7756
7750,7730,13765
7750,7731,7754
7750,7731,13765
7750,7732,7754
7750,7733,7754
7750,7741,13765
7750,7742,13765
7750,7743,7754
7750,7743,13765
7750,7744,7754
7750,7744,7756
7750,7744,13765
7750,7745,7754
7750,7745,13765
7750,7746,7754
7750,7746,7756
7750,7746,13765
7750,7747,7754
7750,7747,13765
7750,7748,7754
7750,7749,7754
7750,7749,7756
7750,7749,13765
7750,7751,7733
7750,7751,7734
7750,7752,7754
7750,7752,13765
7750,7753,7754
7750,7755,7754
7750,7755,13765
7750,7756,7723
7750,7756,7731
7750,7756,7732
7750,7756,7733
7750,7756,7743
7750,7756,7745
7750,7756,7747
7750,7756,7748
7750,7756,7752
7750,7756,7753
7750,7756,7755
7750,7756,8167
7750,7756,8184
7750,7756,8187
7750,7756,8188
7750,7756,13767
7750,7756,20794
7750,7757,7754
7750,7757,7756
7750,7757,13765
7750,8167,7754
7750,8169,13765
7750,8171,13765
7750,8184,7754
7750,8185,7754
7750,8185,7756
7750,8185,13765
7750,8186,7754
7750,8186,7756
7750,8186,13765
7750,8187,7754
7750,8188,7754
7750,8188,13765
7750,13755,7754
7750,13755,7756
7750,13765,7722
7750,13765,7728
7750,13765,7729
7750,13765,7732
7750,13765,7748
7750,13765,7753
7750,13765,8167
7750,13765,8170
7750,13765,8172
7750,13765,8173
7750,13765,8184
7750,13765,8187
7750,13765,13767
7750,13765,20794
7750,13766,7754
7750,13766,13765
7750,13767,7754
7750,13768,7754
7750,13768,7756
7750,13768,13765
7750,20792,7754
7750,20792,7756
7750,20792,13765
7750,20794,7754
7751,7715,7750
7751,7715,7754
7751,7717,7750
7751,7717,7754
7751,7717,7756
7751,7717,13765
7751,7718,13765
7751,7720,7750
7751,7720,7754
7751,7721,7750
7751,7721,7754
7751,7724,7733
7751,7725,7750
7751,7725,7754
7751,7725,13765
7751,7726,7750
7751,7726,7754
7751,7726,13765
7751,7727,7750
7751,7727,7754
7751,7727,7756
7751,7727,13765
7751,7728,7754
7751,7729,7750
7751,7729,7754
7751,7732,20794
7751,7733,7734
7751,7733,7752
7751,7733,7753
7751,7733,13767
7751,7734,7722
7751,7734,7732
7751,7734,7748
7751,7734,8170
7751,7734,8172
7751,7734,8187
7751,7734,20794
7751,7735,13765
7751,7736,13765
7751,7737,13765
7751,7738,7750
7751,7738,7754
7751,7738,7756
7751,7738,13765
7751,7739,7750
7751,7739,7754
7751,7740,7750
7751,7740,7754
7751,7740,7756
7751,7740,13765
7751,7741,7750
7751,7741,7754
7751,7742,7734
7751,7742,7750
7751,7742,7754
7751,7744,7733
7751,7745,7732
7751,7745,7734
7751,7747,7732
7751,7747,7734
7751,7749,7734
7751,7750,7722
7751,7750,7728
7751,7750,8170
7751,7750,8172
7751,7754,7722
7751,7755,7732
7751,7755,7734
7751,7756,7715
7751,7756,7720
7751,7756,7721
7751,7756,7722
7751,7756,7725
7751,7756,7726
7751,7756,7728
7751,7756,7729
7751,7756,7739
7751,7756,7741
7751,7756,7742
7751,7756,8170
7751,7756,8171
7751,7756,8172
7751,7756,8173
7751,7757,7732
7751,7757,7734
7751,8167,7732
7751,8167,7734
7751,8169,7734
7751,8169,7750
7751,8169,7754
7751,8169,7756
7751,8170,7754
7751,8171,7734
7751,8171,7750
7751,8171,7754
7751,8172,7754
7751,8173,7734
7751,8173,7750
7751,8173,7754
7751,8175,13765
7751,8176,13765
7751,8178,13765
7751,8179,13765
7751,8180,13765
7751,8182,13765
7751,8184,7734
7751,8185,7734
7751,8186,7734
7751,8188,7734
7751,8572,13765
7751,13755,7732
7751,13755,7734
7751,13765,7715
7751,13765,7716
7751,13765,7719
7751,13765,7720
7751,13765,7739
7751,13765,8174
7751,13765,8177
7751,13765,8183
7751,13765,15856
7751,13765,15867
7751,13765,15870
7751,13766,7733
7751,13768,7733
7751,15855,13765
7751,15865,13765
7751,15866,13765
7751,15868,13765
7751,15869,13765
7751,17547,7750
7751,17547,7754
7751,17547,7756
7751,17547,13765
7751,20792,7733
7751,30364,13765
7752,7715,20794
7752,7717,7749
7752,7717,20794
7752,7718,20794
7752,7719,20794
7752,7721,7747
7752,7721,7750
7752,7721,7754
7752,7721,8167
7752,7721,13767
7752,7723,7721
7752,7723,7722
7752,7723,7747
7752,7723,7748
7752,7723,7750
7752,7723,7754
7752,7723,8167
7752,7723,8170
7752,7723,8171
7752,7723,8172
7752,7723,8173
7752,7723,8184
7752,7723,8187
7752,7723,13765
7752,7724,7720
7752,7724,7721
7752,7724,7731
7752,7724,7734
7752,7724,7743
7752,7724,7745
7752,7724,7747
7752,7724,7748
7752,7724,7750
7752,7724,7753
7752,7724,7754
7752,7724,7755
7752,7724,7756
7752,7724,8167
7752,7724,8184
7752,7724,8185
7752,7724,8186
7752,7724,8187
7752,7724,8188
7752,7729,20794
7752,7730,7724
7752,7730,13755
7752,7730,13766
7752,7730,13767
7752,7730,20794
7752,7731,13767
7752,7731,20794
7752,7732,20794
7752,7733,7723
7752,7733,20794
7752,7737,7749
7752,7738,13755
7752,7738,20794
7752,7739,20794
7752,7740,7724
7752,7740,13766
7752,7740,13767
7752,7740,20794
7752,7741,20794
7752,7742,7723
7752,7742,20794
7752,7743,13767
7752,7744,7722
7752,7744,7724
7752,7744,7749
7752,7744,13766
7752,7744,13767
7752,7745,7721
7752,7745,7723
7752,7745,13767
7752,7746,7724
7752,7746,7749
7752,7746,13766
7752,7746,13767
7752,7747,13767
7752,7749,7715
7752,7749,7720
7752,7749,7725
7752,7749,7726
7752,7749,7727
7752,7749,7732
7752,7749,7733
7752,7749,7734
7752,7749,7735
7752,7749,7736
7752,7749,7741
7752,7749,7742
7752,7749,7743
7752,7749,7753
7752,7749,8170
7752,7749,8171
7752,7749,8172
7752,7749,8173
7752,7749,8174
7752,7749,8175
7752,7749,8176
7752,7749,8177
7752,7749,8178
7752,7749,8180
7752,7749,8182
7752,7749,8183
7752,7749,8572
7752,7749,15856
7752,7751,7722
7752,7751,7724
7752,7751,7749
7752,7751,13766
7752,7751,13767
7752,7753,7722
7752,7755,7721
7752,7755,7723
7752,7755,13767
7752,7756,7721
7752,7756,7723
7752,7756,13767
7752,7757,7721
7752,7757,7723
7752,7757,7724
7752,7757,13766
7752,7757,13767
7752,8167,13767
7752,8169,7723
7752,8169,7749
7752,8169,20794
7752,8171,20794
7752,8173,20794
7752,8179,7749
7752,8184,13767
7752,8185,7723
7752,8185,13767
7752,8186,7723
7752,8186,13767
7752,8188,7723
7752,8188,13767
7752,13755,7715
7752,13755,7716
7752,13755,7717
7752,13755,7718
7752,13755,7719
7752,13755,7728
7752,13755,7729
7752,13755,7731
7752,13755,7732
7752,13755,7733
7752,13755,7739
7752,13755,7740
7752,13755,7741
7752,13755,7742
7752,13755,8169
7752,13755,8170
7752,13755,8171
7752,13755,8172
7752,13755,8173
7752,13765,7722
7752,13766,7720
7752,13766,7721
7752,13766,7731
7752,13766,7734
7752,13766,7743
7752,13766,7745
7752,13766,7747
7752,13766,7748
7752,13766,7750
7752,13766,7753
7752,13766,7754
7752,13766,7755
7752,13766,8167
7752,13766,8184
7752,13766,8185
7752,13766,8186
7752,13766,8187
7752,13766,8188
7752,13766,13768
7752,13766,20792
7752,13767,7720
7752,13767,7734
7752,13767,7748
7752,13767,7750
7752,13767,7753
7752,13767,7754
7752,13767,8187
7752,13768,7722
7752,13768,7749
7752,13768,13767
7752,15855,7749
7752,17547,7749
7752,20792,7722
7752,20792,7724
7752,20792,7749
7752,20792,13767
7752,20794,7716
7752,20794,7728
7752,20794,8170
7752,20794,8172
7752,30364,13755
7752,30364,20794
7753,7721,7747
7753,7721,8167
7753,7723,7748
7753,7723,8184
7753,7723,8187
7753,7724,7748
7753,7724,8184
7753,7724,8185
7753,7724,8186
7753,7724,8187
7753,7724,8188
7753,7733,7747
7753,7733,7755
7753,7733,8167
7753,7734,7748
7753,7734,8187
7753,7738,7745
7753,7738,7747
7753,7738,7755
7753,7738,7757
7753,7738,8167
7753,7739,8167
7753,7740,7748
7753,7740,8184
7753,7740,8185
7753,7740,8186
7753,7740,8187
7753,7740,8188
7753,7743,7742
7753,7743,13765
7753,7744,7741
7753,7744,7749
7753,7744,7750
7753,7744,7754
7753,7744,7756
7753,7744,13755
7753,7744,20794
7753,7745,7721
7753,7745,7722
7753,7745,7732
7753,7745,7733
7753,7745,7739
7753,7745,8170
7753,7745,8171
7753,7745,8172
7753,7745,8173
7753,7746,7742
7753,7746,13765
7753,7747,7722
7753,7747,7732
7753,7747,7739
7753,7747,8170
7753,7747,8172
7753,7747,8173
7753,7751,7748
7753,7751,8184
7753,7751,8185
7753,7751,8186
7753,7751,8187
7753,7751,8188
7753,7752,7748
7753,7752,8184
7753,7752,8187
7753,7752,8188
7753,7755,7721
7753,7755,7722
7753,7755,7732
7753,7755,7739
7753,7755,8170
7753,7755,8171
7753,7755,8172
7753,7755,8173
7753,7757,7721
7753,7757,7722
7753,7757,7732
7753,7757,7733
7753,7757,7739
7753,7757,8169
7753,7757,8170
7753,7757,8171
7753,7757,8172
7753,7757,8173
7753,8167,7722
7753,8167,7732
7753,8167,8170
7753,8167,8172
7753,8169,7745
7753,8169,7747
7753,8169,7755
7753,8169,8167
7753,8171,7747
7753,8171,8167
7753,8173,8167
7753,8184,7734
7753,8184,13767
7753,8185,7723
7753,8185,7734
7753,8185,7752
7753,8185,13767
7753,8186,7723
7753,8186,7734
7753,8186,7752
7753,8186,13767
7753,8188,7723
7753,8188,7734
7753,8188,13767
7753,13755,13768
7753,13755,20792
7753,13766,7748
7753,13766,8184
7753,13766,8185
7753,13766,8186
7753,13766,8187
7753,13766,8188
7753,13767,7748
7753,13767,8187
7753,13768,7741
7753,13768,7749
7753,13768,7750
7753,13768,7754
7753,13768,7756
7753,13768,20794
7753,20792,7741
7753,20792,7749
7753,20792,7750
7753,20792,7754
7753,20792,7756
7753,20792,20794
7754,7733,13765
7754,7734,7750
7754,7756,7734
7755,7743,8167
7755,7744,7748
7755,7744,8184
7755,7744,8185
7755,7744,8186
7755,7744,8187
7755,7744,8188
7755,7745,7743
7755,7746,7745
7755,7746,7747
7755,7746,7757
7755,7746,8167
7755,7753,7748
7755,7753,8187
7755,7757,7743
7755,8184,7753
7755,8185,7753
7755,8186,7753
7755,8188,7753
7755,13768,7748
7755,13768,8184
7755,13768,8185
7755,13768,8186
7755,13768,8187
7755,13768,8188
7755,20792,7748
7755,20792,8184
7755,20792,8185
7755,20792,8186
7755,20792,8187
7755,20792,8188
7756,7751,7750
7756,7751,7754
7756,13765,7734
7757,7744,7745
7757,7744,7747
7757,7744,7755
7757,7744,8167
7757,7745,7753
7757,7747,7753
7757,7748,8187
7757,7755,7753
7757,8167,7753
7757,8184,7748
7757,8184,8187
7757,8185,7748
7757,8185,8184
7757,8185,8186
7757,8185,8187
7757,8185,8188
7757,8186,7748
7757,8186,8184
7757,8186,8187
7757,8186,8188
7757,8188,7748
7757,8188,8184
7757,8188,8187
7757,13768,7745
7757,13768,7747
7757,13768,7755
7757,13768,8167
7757,20792,7745
7757,20792,7747
7757,20792,7755
7757,20792,8167
8167,7742,7747
8167,7743,7748
8167,7743,8184
8167,7743,8187
8167,7744,7753
8167,7744,13768
8167,7744,20792
8167,7745,7742
8167,7745,13765
8167,7746,7748
8167,7746,8184
8167,7746,8185
8167,7746,8186
8167,7746,8187
8167,7746,8188
8167,7747,13765
8167,7755,7742
8167,7755,13765
8167,7757,7742
8167,7757,13765
8167,8185,7743
8167,8186,7743
8167,8188,7743
8167,13768,7753
8167,20792,7753
8167,20792,13768
8169,7720,8174
8169,7720,8177
8169,7720,8183
8169,7730,8174
8169,7730,8175
8169,7730,8176
8169,7730,8177
8169,7730,8178
8169,7730,8179
8169,7730,8180
8169,7730,8182
8169,7730,8183
8169,7730,8572
8169,7731,8174
8169,7731,8177
8169,7731,8178
8169,7731,8183
8169,7740,8174
8169,7740,8175
8169,7740,8176
8169,7740,8177
8169,7740,8178
8169,7740,8179
8169,7740,8180
8169,7740,8182
8169,7740,8183
8169,7740,8572
8169,8175,7720
8169,8175,7731
8169,8176,7720
8169,8176,7731
8169,8178,7720
8169,8179,7720
8169,8179,7731
8169,8180,7720
8169,8180,7731
8169,8182,7720
8169,8182,7731
8169,8572,7720
8169,8572,7731
8170,7724,8174
8170,7724,8176
8170,7724,8177
8170,7724,8178
8170,7724,8180
8170,7724,8182
8170,7724,8183
8170,7724,8572
8170,7744,8174
8170,7744,8175
8170,7744,8176
8170,7744,8177
8170,7744,8178
8170,7744,8179
8170,7744,8180
8170,7744,8182
8170,7744,8183
8170,7744,8572
8170,7751,8174
8170,7751,8175
8170,7751,8176
8170,7751,8177
8170,7751,8178
8170,7751,8179
8170,7751,8180
8170,7751,8182
8170,7751,8183
8170,7751,8572
8170,7752,8174
8170,7752,8176
8170,7752,8177
8170,7752,8178
8170,7752,8183
8170,7753,8174
8170,7753,8177
8170,7753,8183
8170,8175,7724
8170,8175,7752
8170,8175,7753
8170,8175,13767
8170,8176,7753
8170,8176,13767
8170,8178,7753
8170,8178,13767
8170,8179,7724
8170,8179,7752
8170,8179,7753
8170,8179,13767
8170,8179,13768
8170,8179,20792
8170,8180,7752
8170,8180,7753
8170,8180,13767
8170,8182,7752
8170,8182,7753
8170,8182,8167
8170,8182,13767
8170,8572,7752
8170,8572,7753
8170,8572,13767
8170,13766,8174
8170,13766,8175
8170,13766,8176
8170,13766,8177
8170,13766,8178
8170,13766,8179
8170,13766,8180
8170,13766,8182
8170,13766,8183
8170,13766,8572
8170,13767,8174
8170,13767,8177
8170,13767,8183
8170,13768,8174
8170,13768,8175
8170,13768,8176
8170,13768,8177
8170,13768,8178
8170,13768,8180
8170,13768,8182
8170,13768,8183
8170,13768,8572
8170,20792,8174
8170,20792,8175
8170,20792,8176
8170,20792,8177
8170,20792,8178
8170,20792,8180
8170,20792,8182
8170,20792,8183
8170,20792,8572
8171,7723,8174
8171,7723,8177
8171,7723,8178
8171,7723,8183
8171,7734,8174
8171,7734,8177
8171,7734,8183
8171,7743,8174
8171,7743,8177
8171,7743,8178
8171,7743,8183
8171,7746,8174
8171,7746,8175
8171,7746,8176
8171,7746,8177
8171,7746,8178
8171,7746,8179
8171,7746,8180
8171,7746,8182
8171,7746,8183
8171,7746,8572
8171,8175,7723
8171,8175,7734
8171,8175,7743
8171,8176,7723
8171,8176,7734
8171,8176,7743
8171,8178,7734
8171,8179,7723
8171,8179,7734
8171,8179,7743
8171,8180,7723
8171,8180,7734
8171,8180,7743
8171,8182,7723
8171,8182,7734
8171,8182,7743
8171,8572,7723
8171,8572,7734
8171,8572,7743
8172,7722,8174
8172,7733,8174
8172,7733,8176
8172,7733,8177
8172,7733,8178
8172,7733,8182
8172,7733,8183
8172,7742,8174
8172,7742,8177
8172,7742,8178
8172,7742,8183
8172,8175,7722
8172,8175,7733
8172,8175,7742
8172,8176,7722
8172,8176,7742
8172,8177,7722
8172,8178,7722
8172,8179,7722
8172,8179,7733
8172,8179,7742
8172,8180,7722
8172,8180,7733
8172,8180,7742
8172,8182,7722
8172,8182,7742
8172,8183,7722
8172,8572,7722
8172,8572,7733
8172,8572,7742
8173,7721,8174
8173,7721,8177
8173,7721,8178
8173,7721,8183
8173,7732,8174
8173,7732,8177
8173,7732,8183
8173,7741,8174
8173,7741,8176
8173,7741,8177
8173,7741,8178
8173,7741,8183
8173,8175,7721
8173,8175,7732
8173,8175,7741
8173,8176,7721
8173,8176,7732
8173,8178,7732
8173,8179,7721
8173,8179,7732
8173,8179,7741
8173,8180,7721
8173,8180,7732
8173,8180,7741
8173,8182,7721
8173,8182,7732
8173,8182,7741
8173,8572,7721
8173,8572,7732
8173,8572,7741
8183,7745,8170
8183,7745,8171
8183,7745,8172
8183,7745,8173
8183,7747,8170
8183,7747,8172
8183,7747,8173
8183,7750,8170
8183,7750,8172
8183,7755,8170
8183,7755,8171
8183,7755,8172
8183,7755,8173
8183,7756,8170
8183,7756,8171
8183,7756,8172
8183,7756,8173
8183,7757,8169
8183,7757,8170
8183,7757,8171
8183,7757,8172
8183,7757,8173
8183,8167,8170
8183,8167,8172
8183,8169,7745
8183,8169,7747
8183,8169,7750
8183,8169,7754
8183,8169,7755
8183,8169,7756
8183,8169,8167
8183,8169,8171
8183,8169,20794
8183,8170,7754
8183,8171,7747
8183,8171,7750
8183,8171,7754
8183,8171,8167
8183,8171,20794
8183,8172,7754
8183,8173,7750
8183,8173,7754
8183,8173,8167
8183,8173,20794
8183,13755,8169
8183,13755,8170
8183,13755,8171
8183,13755,8172
8183,13755,8173
8183,20794,8170
8183,20794,8172
8184,7718,7743
8184,7725,7743
8184,7726,7743
8184,7727,7743
8184,7730,7742
8184,7733,7741
8184,7738,7750
8184,7738,7754
8184,7738,7756
8184,7738,13755
8184,7738,20794
8184,7739,7750
8184,7739,7754
8184,7739,20794
8184,7740,7724
8184,7740,7752
8184,7740,13766
8184,7740,13767
8184,7741,7722
8184,7741,8170
8184,7741,8171
8184,7741,8172
8184,7741,8173
8184,7742,7720
8184,7742,7731
8184,7743,7716
8184,7743,7719
8184,7743,8174
8184,7743,8177
8184,7743,8178
8184,7743,8183
8184,7746,7716
8184,7746,7718
8184,7746,7719
8184,7746,7725
8184,7746,7726
8184,7746,7727
8184,7746,8174
8184,7746,8175
8184,7746,8176
8184,7746,8177
8184,7746,8178
8184,7746,8179
8184,7746,8180
8184,7746,8182
8184,7746,8183
8184,7746,8572
8184,7746,17547
8184,7751,7740
8184,7756,7739
8184,8169,7741
8184,8175,7743
8184,8176,7743
8184,8179,7743
8184,8180,7743
8184,8182,7743
8184,8572,7743
8184,13755,7739
8184,17547,7743
8184,30364,7743
8184,30364,7746
8185,7718,7748
8185,7718,8184
8185,7718,8187
8185,7718,8188
8185,7719,7748
8185,7719,8184
8185,7719,8187
8185,7720,7753
8185,7724,7742
8185,7725,7748
8185,7725,8184
8185,7725,8187
8185,7725,8188
8185,7726,7748
8185,7726,8184
8185,7726,8187
8185,7726,8188
8185,7727,7748
8185,7727,8184
8185,7727,8186
8185,7727,8187
8185,7727,8188
8185,7730,7753
8185,7730,13768
8185,7730,20792
8185,7731,7753
8185,7733,7743
8185,7741,7750
8185,7741,7754
8185,7741,20794
8185,7742,13767
8185,7743,7722
8185,7743,8170
8185,7743,8171
8185,7743,8172
8185,7743,8173
8185,7744,7720
8185,7744,7730
8185,7744,7731
8185,7746,7722
8185,7746,7733
8185,7746,8169
8185,7746,8170
8185,7746,8171
8185,7746,8172
8185,7746,8173
8185,7748,7716
8185,7748,8174
8185,7748,8177
8185,7748,8183
8185,7751,7742
8185,7752,7742
8185,7756,7741
8185,7757,8187
8185,8169,7743
8185,8175,7748
8185,8175,8184
8185,8175,8186
8185,8175,8187
8185,8175,8188
8185,8176,7748
8185,8176,8184
8185,8176,8187
8185,8176,8188
8185,8178,7748
8185,8178,8184
8185,8178,8187
8185,8179,7748
8185,8179,8184
8185,8179,8186
8185,8179,8187
8185,8179,8188
8185,8180,7748
8185,8180,8184
8185,8180,8187
8185,8180,8188
8185,8182,7748
8185,8182,8184
8185,8182,8187
8185,8182,8188
8185,8183,8187
8185,8184,7716
8185,8184,8174
8185,8184,8177
8185,8184,8183
8185,8186,7716
8185,8186,7718
8185,8186,7719
8185,8186,7725
8185,8186,7726
8185,8186,8174
8185,8186,8176
8185,8186,8177
8185,8186,8178
8185,8186,8180
8185,8186,8182
8185,8186,8183
8185,8186,8572
8185,8187,7716
8185,8187,8174
8185,8187,8177
8185,8188,7716
8185,8188,7719
8185,8188,8174
8185,8188,8177
8185,8188,8178
8185,8188,8183
8185,8572,7748
8185,8572,8184
8185,8572,8187
8185,8572,8188
8185,13755,7741
8185,13766,7742
8185,13768,7720
8185,13768,7731
8185,17547,7748
8185,17547,8184
8185,17547,8186
8185,17547,8187
8185,17547,8188
8185,20792,7720
8185,20792,7731
8185,30364,7748
8185,30364,8184
8185,30364,8186
8185,30364,8187
8185,30364,8188
8186,7717,7743
8186,7735,7743
8186,7736,7743
8186,7737,7743
8186,7738,7742
8186,7738,13765
8186,7740,7741
8186,7740,7749
8186,7741,7723
8186,7741,7734
8186,7742,7721
8186,7742,7732
8186,7742,7739
8186,7743,7715
8186,7743,7728
8186,7743,7729
8186,7743,15856
8186,7744,15865
8186,7744,15866
8186,7744,15867
8186,7744,15868
8186,7744,15869
8186,7744,15870
8186,7746,7715
8186,7746,7717
8186,7746,7728
8186,7746,7729
8186,7746,7735
8186,7746,7736
8186,7746,7737
8186,7746,15856
8186,7753,15867
8186,7753,15870
8186,13765,7739
8186,13768,15865
8186,13768,15866
8186,13768,15867
8186,13768,15868
8186,13768,15869
8186,13768,15870
8186,15855,7743
8186,15855,7746
8186,15865,7753
8186,15866,7753
8186,15868,7753
8186,15869,7753
8186,20792,15865
8186,20792,15866
8186,20792,15867
8186,20792,15868
8186,20792,15869
8186,20792,15870
8187,7718,7747
8187,7718,8167
8187,7719,8167
8187,7720,7748
8187,7724,7743
8187,7725,7747
8187,7725,8167
8187,7726,7747
8187,7726,8167
8187,7727,7745
8187,7727,7747
8187,7727,7755
8187,7727,8167
8187,7730,7748
8187,7730,8184
8187,7730,8185
8187,7730,8186
8187,7730,8188
8187,7731,7748
8187,7731,8184
8187,7733,7753
8187,7742,7750
8187,7742,7754
8187,7742,20794
8187,7743,13767
8187,7744,7722
8187,7744,7733
8187,7744,8169
8187,7744,8170
8187,7744,8171
8187,7744,8172
8187,7744,8173
8187,7745,7716
8187,7745,7718
8187,7745,7719
8187,7745,7725
8187,7745,7726
8187,7745,8174
8187,7745,8176
8187,7745,8177
8187,7745,8178
8187,7745,8180
8187,7745,8182
8187,7745,8183
8187,7746,7724
8187,7746,7752
8187,7746,13766
8187,7746,13767
8187,7747,7716
8187,7747,7719
8187,7747,8174
8187,7747,8177
8187,7747,8178
8187,7747,8183
8187,7751,7743
8187,7751,7746
8187,7752,7743
8187,7753,7722
8187,7753,8170
8187,7753,8172
8187,7755,7716
8187,7755,7718
8187,7755,7719
8187,7755,7725
8187,7755,7726
8187,7755,8174
8187,7755,8176
8187,7755,8177
8187,7755,8178
8187,7755,8182
8187,7755,8183
8187,7756,7742
8187,7757,7716
8187,7757,7718
8187,7757,7719
8187,7757,7725
8187,7757,7726
8187,7757,7727
8187,7757,8174
8187,7757,8175
8187,7757,8176
8187,7757,8177
8187,7757,8178
8187,7757,8179
8187,7757,8180
8187,7757,8182
8187,7757,8183
8187,7757,8572
8187,7757,17547
8187,8167,7716
8187,8167,8174
8187,8167,8177
8187,8167,8183
8187,8169,7753
8187,8171,7753
8187,8173,7753
8187,8175,7745
8187,8175,7747
8187,8175,7755
8187,8175,8167
8187,8176,7747
8187,8176,8167
8187,8178,8167
8187,8179,7745
8187,8179,7747
8187,8179,7755
8187,8179,8167
8187,8180,7747
8187,8180,7755
8187,8180,8167
8187,8182,7747
8187,8182,8167
8187,8184,7720
8187,8185,7720
8187,8185,7731
8187,8186,7720
8187,8186,7731
8187,8188,7720
8187,8188,7731
8187,8572,7745
8187,8572,7747
8187,8572,7755
8187,8572,8167
8187,13755,7742
8187,13766,7743
8187,13768,7722
8187,13768,7733
8187,13768,8169
8187,13768,8170
8187,13768,8171
8187,13768,8172
8187,13768,8173
8187,17547,7745
8187,17547,7747
8187,17547,7755
8187,17547,8167
8187,20792,7722
8187,20792,7733
8187,20792,8169
8187,20792,8170
8187,20792,8171
8187,20792,8172
8187,20792,8173
8187,30364,7745
8187,30364,7747
8187,30364,7755
8187,30364,7757
8187,30364,8167
8188,7743,7747
8572,7715,8170
8572,7715,8172
8572,7715,8174
8572,7715,8177
8572,7715,8183
8572,7717,8169
8572,7717,8170
8572,7717,8171
8572,7717,8172
8572,7717,8173
8572,7717,8174
8572,7717,8175
8572,7717,8176
8572,7717,8177
8572,7717,8178
8572,7717,8180
8572,7717,8182
8572,7717,8183
8572,7728,8170
8572,7728,8172
8572,7728,8174
8572,7728,8177
8572,7728,8183
8572,7729,8170
8572,7729,8172
8572,7729,8174
8572,7729,8177
8572,7729,8183
8572,7738,8169
8572,7738,8170
8572,7738,8171
8572,7738,8172
8572,7738,8173
8572,7738,8174
8572,7738,8175
8572,7738,8176
8572,7738,8177
8572,7738,8178
8572,7738,8179
8572,7738,8180
8572,7738,8182
8572,7738,8183
8572,7739,8170
8572,7739,8172
8572,7739,8174
8572,7739,8177
8572,7739,8183
8572,8169,7715
8572,8169,7728
8572,8169,7729
8572,8169,7739
8572,8169,8174
8572,8169,8175
8572,8169,8176
8572,8169,8177
8572,8169,8178
8572,8169,8180
8572,8169,8182
8572,8169,8183
8572,8170,8174
8572,8170,8177
8572,8170,8183
8572,8171,7715
8572,8171,7728
8572,8171,7729
8572,8171,7739
8572,8171,8174
8572,8171,8177
8572,8171,8178
8572,8171,8183
8572,8172,8174
8572,8172,8177
8572,8172,8183
8572,8173,7715
8572,8173,7728
8572,8173,7729
8572,8173,7739
8572,8173,8174
8572,8173,8177
8572,8173,8183
8572,8175,7715
8572,8175,7728
8572,8175,7729
8572,8175,7739
8572,8175,8170
8572,8175,8171
8572,8175,8172
8572,8175,8173
8572,8175,8174
8572,8175,8176
8572,8175,8177
8572,8175,8178
8572,8175,8180
8572,8175,8182
8572,8175,8183
8572,8175,13765
8572,8176,7715
8572,8176,7728
8572,8176,7729
8572,8176,7739
8572,8176,8170
8572,8176,8171
8572,8176,8172
8572,8176,8173
8572,8176,8174
8572,8176,8177
8572,8176,8178
8572,8176,8183
8572,8176,13765
8572,8177,8174
8572,8178,7715
8572,8178,7728
8572,8178,7729
8572,8178,7739
8572,8178,8170
8572,8178,8172
8572,8178,8173
8572,8178,8174
8572,8178,8177
8572,8178,8183
8572,8178,13765
8572,8179,7715
8572,8179,7717
8572,8179,7728
8572,8179,7729
8572,8179,7739
8572,8179,8169
8572,8179,8170
8572,8179,8171
8572,8179,8172
8572,8179,8173
8572,8179,8174
8572,8179,8175
8572,8179,8176
8572,8179,8177
8572,8179,8178
8572,8179,8180
8572,8179,8182
8572,8179,8183
8572,8179,13765
8572,8180,7715
8572,8180,7728
8572,8180,7729
8572,8180,7739
8572,8180,8170
8572,8180,8171
8572,8180,8172
8572,8180,8173
8572,8180,8174
8572,8180,8176
8572,8180,8177
8572,8180,8178
8572,8180,8182
8572,8180,8183
8572,8180,13765
8572,8182,7715
8572,8182,7728
8572,8182,7729
8572,8182,7739
8572,8182,8170
8572,8182,8171
8572,8182,8172
8572,8182,8173
8572,8182,8174
8572,8182,8176
8572,8182,8177
8572,8182,8178
8572,8182,8183
8572,8182,13765
8572,8183,8174
8572,8183,8177
8572,13765,8174
8572,13765,8177
8572,13765,8183
13755,13766,7756
13766,7723,20794
13766,7749,7724
13766,7749,7752
13766,7749,13767
13766,13755,7723
20792,13768,7724
20794,13755,13765
