RowId,ItemId,SourceItemId,ItemSupplementSource
1,9522,9530,1
2,9524,9532,1
3,9525,9533,1
4,9523,9531,1
5,9526,9534,1
6,9365,8776,1
7,9363,8767,1
8,9363,12775,1
9,5364,9531,1
10,9350,8761,1
11,12584,14117,1
12,5527,9535,1
13,8143,9535,1
14,8143,9537,1
15,8143,9531,1
16,6151,9536,1
17,8549,7950,1
18,5334,9537,1
19,4860,9536,1
20,5335,9537,1
21,9527,9535,1
22,5367,9531,1
23,8150,9285,1
24,8150,9283,1
25,8150,9284,1
26,8150,9286,1
27,8150,9288,1
28,8150,9287,1
29,8150,14117,1
30,8150,14941,1
31,8150,9296,1
32,5175,9530,1
33,15649,14117,1
34,8539,7905,1
35,5276,9534,1
36,5057,9532,1
37,5057,9533,1
38,5057,9531,1
39,5275,9534,1
40,5522,9535,1
41,8538,7909,1
42,8028,9296,1
43,13749,12786,1
44,8543,7917,1
45,8550,7917,1
46,8551,7686,1
47,8552,7707,1
48,5064,9530,1
49,4862,9536,1
50,8544,7686,1
51,9529,9537,1
52,5058,9532,1
53,5058,9533,1
54,5058,9531,1
55,23178,23069,1
56,8556,7915,1
57,8556,7931,1
58,8556,7919,1
59,5169,9530,1
60,8542,7950,1
61,5325,9537,1
62,5326,9537,1
63,9528,9536,1
64,5490,9535,1
65,8027,7923,1
66,8027,7926,1
67,8027,7930,1
68,8027,23054,1
69,12936,5214,2
70,12936,5218,2
71,12936,12968,2
72,12936,33148,2
73,12937,12966,2
74,12937,12967,2
75,12937,12969,2
76,12937,33149,2
77,12938,5220,2
78,12938,5224,2
79,12939,33147,2
80,12939,33150,2
81,12940,12831,2
82,12940,12833,2
83,15648,15948,2
84,15648,15949,2
85,20014,20009,2
86,20014,33151,2
87,20014,20181,2
88,20015,33152,2
89,20013,20012,2
90,20013,33153,2
91,20013,20180,2
92,20017,20024,2
93,20016,19937,2
94,23182,23220,2
95,23182,23221,2
96,27813,27807,2
97,27811,27805,2
98,27811,27808,2
99,27811,27542,2
100,27812,27809,2
101,27812,27806,2
102,27812,27543,2
103,27814,27810,2
104,27815,27515,2
105,17,33147,2
106,17,20012,2
107,17,12968,2
108,17,12969,2
109,17,27808,2
110,17,30591,2
111,11,33147,2
112,11,20012,2
113,11,12968,2
114,11,12969,2
115,11,27808,2
116,11,30591,2
117,14,33153,2
118,14,12966,2
119,14,5214,2
120,14,5220,2
121,14,27807,2
122,8,33153,2
123,8,12966,2
124,8,5214,2
125,8,5220,2
126,8,27807,2
127,15,15948,2
128,15,19937,2
129,15,27810,2
130,15,27542,2
131,15,30593,2
132,9,15948,2
133,9,19937,2
134,9,27810,2
135,9,27542,2
136,9,30593,2
137,18,12967,2
138,18,5218,2
139,18,5224,2
140,18,20009,2
141,18,23221,2
142,18,27806,2
143,18,30592,2
144,12,12967,2
145,12,5218,2
146,12,5224,2
147,12,20009,2
148,12,23221,2
149,12,27806,2
150,12,30592,2
151,19,15949,2
152,19,33152,2
153,19,27805,2
154,19,27543,2
155,13,15949,2
156,13,33152,2
157,13,27805,2
158,13,27543,2
159,16,33150,2
160,16,33149,2
161,16,33148,2
162,16,33151,2
163,16,23220,2
164,16,27809,2
165,10,33150,2
166,10,33149,2
167,10,33148,2
168,10,33151,2
169,10,23220,2
170,10,27809,2
171,30590,30592,2
172,30590,30591,2
173,30590,30593,2
174,36223,36525,2
175,36223,36408,2
176,36223,36285,2
177,36223,36287,2
178,36225,36288,2
179,36224,36286,2
180,36226,36497,2
181,36226,36577,2
182,2,6688,3
183,2,6689,3
184,2,6690,3
185,2,6691,3
186,2,6692,3
187,3,6688,3
188,3,6689,3
189,3,6690,3
190,3,6691,3
191,3,6692,3
192,4,6688,3
193,4,6689,3
194,4,6690,3
195,4,6691,3
196,4,6692,3
197,5,6688,3
198,5,6689,3
199,5,6690,3
200,5,6691,3
201,5,6692,3
202,6,6688,3
203,6,6689,3
204,6,6690,3
205,6,6691,3
206,6,6692,3
207,7,6688,3
208,7,6689,3
209,7,6690,3
210,7,6691,3
211,7,6692,3
212,14271,6688,3
213,14271,6689,3
214,14271,8156,3
215,14271,12242,3
216,14271,12243,3
217,7043,6688,3
218,7043,8156,3
219,7032,6688,3
220,10124,6688,3
221,10124,6689,3
222,8156,6688,3
223,8156,6689,3
224,8156,6692,3
225,8156,12241,3
226,8156,12242,3
227,8156,12243,3
228,2775,6688,3
229,2777,6688,3
230,2780,6688,3
231,3128,6688,3
232,3141,6688,3
233,3132,6688,3
234,3126,6688,3
235,3617,6688,3
236,3612,6688,3
237,3615,6688,3
238,3629,6688,3
239,4023,6688,3
240,4031,6688,3
241,4025,6688,3
242,3384,6688,3
243,3398,6688,3
244,3400,6688,3
245,3842,6688,3
246,3387,6688,3
247,3848,6688,3
248,3845,6688,3
249,5436,6688,3
250,5371,6688,3
251,5371,6689,3
252,5373,6688,3
253,5373,6689,3
254,5057,6688,3
255,5058,6688,3
256,5058,6689,3
257,5093,6688,3
258,5065,6688,3
259,5065,6689,3
260,5065,6690,3
261,5064,6688,3
262,5064,6689,3
263,5260,6688,3
264,5066,6688,3
265,5066,6689,3
266,5066,6690,3
267,5276,6688,3
268,5277,6688,3
269,5277,6690,3
270,5280,6688,3
271,5282,6688,3
272,5284,6688,3
273,5326,6688,3
274,5336,6688,3
275,5336,6689,3
276,5327,6688,3
277,5327,6689,3
278,5337,6688,3
279,5505,6688,3
280,5472,6688,3
281,4556,6688,3
282,4556,6689,3
283,4552,6688,3
284,4552,6689,3
285,4599,6688,3
286,4599,6689,3
287,4599,6690,3
288,4600,6688,3
289,4600,6689,3
290,4600,6690,3
291,4601,6688,3
292,4601,6689,3
293,4601,6690,3
294,4602,6688,3
295,4602,6689,3
296,4602,6690,3
297,4603,6688,3
298,4603,6689,3
299,4603,6690,3
300,6141,6688,3
301,6141,6689,3
302,6141,6690,3
303,7041,6689,3
304,7041,6692,3
305,7041,12243,3
306,7041,12242,3
307,7044,6689,3
308,7044,12241,3
309,7044,12242,3
310,7044,12243,3
311,7044,8156,3
312,2813,6689,3
313,2826,6689,3
314,3150,6689,3
315,3175,6689,3
316,3148,6689,3
317,4035,6689,3
318,4040,6689,3
319,4037,6689,3
320,3652,6689,3
321,3641,6689,3
322,3424,6689,3
323,3432,6689,3
324,3412,6689,3
325,3882,6689,3
326,3422,6689,3
327,3857,6689,3
328,3855,6689,3
329,3852,6689,3
330,4486,6689,3
331,5468,6689,3
332,5321,6689,3
333,5462,6689,3
334,5374,6689,3
335,5059,6689,3
336,5059,6690,3
337,5073,6689,3
338,5079,6689,3
339,5285,6689,3
340,5328,6689,3
341,5328,6690,3
342,5329,6689,3
343,5512,6689,3
344,5478,6689,3
345,7046,6690,3
346,7046,6692,3
347,7046,8156,3
348,5074,6690,3
349,8021,6690,3
350,8021,12243,3
351,6188,6690,3
352,7045,6690,3
353,7045,8156,3
354,3913,6690,3
355,4364,6690,3
356,4151,6690,3
357,5558,6690,3
358,5376,6690,3
359,5357,6691,3
360,7772,6691,3
361,7772,8156,3
362,5358,6691,3
363,6184,6691,3
364,5261,6691,3
365,5261,8156,3
366,9521,6691,3
367,9521,6692,3
368,9521,8156,3
369,5322,6691,3
370,6177,6692,3
371,6177,12243,3
372,7042,6692,3
373,7042,8156,3
374,7771,6692,3
375,7771,8156,3
376,7047,6692,3
377,7047,8156,3
378,5158,6692,3
379,5317,6692,3
380,5274,6692,3
381,5499,6692,3
382,5547,6692,3
383,5204,6692,3
384,5329,6692,3
385,4604,6692,3
386,4605,6692,3
387,4606,6692,3
388,4607,6692,3
389,4608,6692,3
390,14,8156,3
391,15,8156,3
392,16,8156,3
393,17,8156,3
394,18,8156,3
395,19,8156,3
396,9299,8156,3
397,9296,8156,3
398,8026,8156,3
399,8202,8156,3
400,8028,8156,3
401,7544,8156,3
402,5531,8156,3
403,7760,8156,3
404,7763,8156,3
405,7766,8156,3
406,8,12241,3
407,8,12242,3
408,8,12243,3
409,8,17835,3
410,8,17836,3
411,8,26744,3
412,8,26745,3
413,9,12241,3
414,9,12242,3
415,9,12243,3
416,9,17835,3
417,9,17836,3
418,9,26744,3
419,9,26745,3
420,10,12241,3
421,10,12242,3
422,10,12243,3
423,10,17835,3
424,10,17836,3
425,10,26744,3
426,10,26745,3
427,11,12241,3
428,11,12242,3
429,11,12243,3
430,11,17835,3
431,11,17836,3
432,11,26744,3
433,11,26745,3
434,12,12241,3
435,12,12242,3
436,12,12243,3
437,12,17835,3
438,12,17836,3
439,12,26744,3
440,12,26745,3
441,13,12241,3
442,13,12242,3
443,13,12243,3
444,13,17835,3
445,13,17836,3
446,13,26744,3
447,13,26745,3
448,16933,12241,3
449,16933,12242,3
450,12575,12241,3
451,12580,12241,3
452,12581,12241,3
453,12528,12241,3
454,12519,12241,3
455,12524,12241,3
456,12529,12241,3
457,12563,12241,3
458,12564,12241,3
459,12594,12241,3
460,12589,12241,3
461,12595,12241,3
462,12590,12241,3
463,12607,12241,3
464,12604,12241,3
465,12602,12241,3
466,12622,12241,3
467,12622,12242,3
468,12622,12243,3
469,12623,12241,3
470,12623,12242,3
471,12623,12243,3
472,12624,12241,3
473,12624,12242,3
474,12624,12243,3
475,12625,12241,3
476,12625,12242,3
477,12625,12243,3
478,12626,12241,3
479,12626,12242,3
480,12626,12243,3
481,14932,12242,3
482,14931,12242,3
483,12647,12242,3
484,13746,12242,3
485,12649,12242,3
486,13586,12242,3
487,13586,12243,3
488,13584,12242,3
489,13584,12243,3
490,16810,12242,3
491,15828,12242,3
492,15827,12242,3
493,12576,12242,3
494,12583,12242,3
495,12582,12242,3
496,12526,12242,3
497,12530,12242,3
498,12521,12242,3
499,12565,12242,3
500,12591,12242,3
501,12596,12242,3
502,12592,12242,3
503,12605,12242,3
504,12608,12242,3
505,13275,12243,3
506,12645,12243,3
507,12646,12243,3
508,22463,17835,3
509,23376,17835,3
510,20273,17835,3
511,20272,17835,3
512,15982,17835,3
513,15982,17836,3
514,15981,17835,3
515,15981,17836,3
516,15984,17835,3
517,15984,17836,3
518,15983,17835,3
519,15983,17836,3
520,18032,17835,3
521,18032,17836,3
522,23878,17835,3
523,23878,33441,3
524,24527,17835,3
525,17977,17835,3
526,19921,17835,3
527,19919,17835,3
528,19925,17835,3
529,19926,17835,3
530,5372,17835,3
531,19939,17835,3
532,19941,17835,3
533,19943,17835,3
534,19945,17835,3
535,19938,17835,3
536,19962,17835,3
537,20008,17835,3
538,19963,17835,3
539,19993,17835,3
540,19994,17835,3
541,19975,17835,3
542,19978,17835,3
543,19981,17835,3
544,19984,17835,3
545,19883,17835,3
546,19882,17835,3
547,19884,17835,3
548,19901,17835,3
549,19902,17835,3
550,19891,17835,3
551,19892,17835,3
552,19893,17835,3
553,19894,17835,3
554,19895,17835,3
555,19904,17835,3
556,17985,17836,3
557,24804,17836,3
558,27953,26744,3
559,27974,26744,3
560,33027,26745,3
561,30135,26745,3
562,27976,26745,3
563,27975,26745,3
564,31091,26745,3
565,28905,26745,3
566,8841,32161,3
567,13114,32161,3
568,13114,16172,3
569,13114,23224,3
570,13114,31357,3
571,13114,33441,3
572,13114,33797,3
573,13115,32161,3
574,13115,16172,3
575,13115,23224,3
576,13115,31357,3
577,13115,33441,3
578,13115,33797,3
579,13708,32161,3
580,13708,16172,3
581,13708,23224,3
582,13708,31357,3
583,13708,33441,3
584,13708,33797,3
585,13709,32161,3
586,13709,16172,3
587,13709,23224,3
588,13709,31357,3
589,13709,33441,3
590,13709,33797,3
591,13710,32161,3
592,13710,16172,3
593,13710,23224,3
594,13710,31357,3
595,13710,33441,3
596,13710,33797,3
597,13711,32161,3
598,13711,16172,3
599,13711,23224,3
600,13711,31357,3
601,13711,33441,3
602,13711,33797,3
603,13712,32161,3
604,13712,16172,3
605,13712,23224,3
606,13712,31357,3
607,13712,33441,3
608,13712,33797,3
609,13713,32161,3
610,13713,16172,3
611,13713,23224,3
612,13713,31357,3
613,13713,33441,3
614,13713,33797,3
615,13714,32161,3
616,13714,16172,3
617,13714,23224,3
618,13714,31357,3
619,13714,33441,3
620,13714,33797,3
621,13715,32161,3
622,13715,16172,3
623,13715,23224,3
624,13715,31357,3
625,13715,33441,3
626,13715,33797,3
627,13716,32161,3
628,13716,16172,3
629,13716,23224,3
630,13716,31357,3
631,13716,33441,3
632,13716,33797,3
633,13116,32161,3
634,13116,16172,3
635,13116,23224,3
636,13116,31357,3
637,13116,33441,3
638,13116,33797,3
639,13117,32161,3
640,13117,16172,3
641,13117,23224,3
642,13117,31357,3
643,13117,33441,3
644,13117,33797,3
645,13717,32161,3
646,13717,16172,3
647,13717,23224,3
648,13717,31357,3
649,13717,33441,3
650,13717,33797,3
651,13718,32161,3
652,13718,16172,3
653,13718,23224,3
654,13718,31357,3
655,13718,33441,3
656,13718,33797,3
657,13719,32161,3
658,13719,16172,3
659,13719,23224,3
660,13719,31357,3
661,13719,33441,3
662,13719,33797,3
663,13720,32161,3
664,13720,16172,3
665,13720,23224,3
666,13720,31357,3
667,13720,33441,3
668,13720,33797,3
669,13721,32161,3
670,13721,16172,3
671,13721,23224,3
672,13721,31357,3
673,13721,33441,3
674,13721,33797,3
675,13722,32161,3
676,13722,16172,3
677,13722,23224,3
678,13722,31357,3
679,13722,33441,3
680,13722,33797,3
681,13723,32161,3
682,13723,16172,3
683,13723,23224,3
684,13723,31357,3
685,13723,33441,3
686,13723,33797,3
687,5827,16170,3
688,5827,16171,3
689,5827,22508,3
690,5827,23142,3
691,5827,24141,3
692,5827,24848,3
693,7564,16170,3
694,6177,16170,3
695,5889,16170,3
696,5889,16171,3
697,5889,22508,3
698,5889,23142,3
699,5888,16170,3
700,5888,16171,3
701,5888,23223,3
702,5888,23224,3
703,8142,16170,3
704,8142,23223,3
705,8142,22508,3
706,8142,23142,3
707,8142,24141,3
708,8142,24848,3
709,8143,16170,3
710,8143,16171,3
711,8143,23223,3
712,8143,22508,3
713,8143,23142,3
714,8143,24141,3
715,8143,24848,3
716,8144,16170,3
717,8144,16171,3
718,8144,23223,3
719,8144,22508,3
720,8144,23142,3
721,8144,24141,3
722,8144,24848,3
723,5672,16170,3
724,5672,16171,3
725,5673,16170,3
726,5673,16171,3
727,5673,22508,3
728,5673,23142,3
729,5673,24141,3
730,5673,24848,3
731,5677,16170,3
732,5677,16171,3
733,5678,16170,3
734,5678,16171,3
735,5678,22508,3
736,5678,23142,3
737,5678,24141,3
738,5678,24848,3
739,5667,16170,3
740,5667,16171,3
741,5668,16170,3
742,5668,16171,3
743,5668,22508,3
744,5668,23142,3
745,5668,24141,3
746,5668,24848,3
747,5717,16170,3
748,5717,16171,3
749,5718,16170,3
750,5718,16171,3
751,5718,22508,3
752,5718,23142,3
753,5718,24141,3
754,5718,24848,3
755,5722,16170,3
756,5722,16171,3
757,5723,16170,3
758,5723,16171,3
759,5723,22508,3
760,5723,23142,3
761,5723,24141,3
762,5723,24848,3
763,5682,16170,3
764,5682,16171,3
765,5683,16170,3
766,5683,16171,3
767,5683,23223,3
768,5683,22508,3
769,5683,23142,3
770,5683,24141,3
771,5683,24848,3
772,5632,16170,3
773,5632,16171,3
774,5633,16170,3
775,5633,16171,3
776,5633,22508,3
777,5633,23142,3
778,5633,24141,3
779,5633,24848,3
780,14830,16170,3
781,14830,16171,3
782,14832,16170,3
783,14835,16170,3
784,13272,16170,3
785,5891,16170,3
786,5891,16171,3
787,5891,22508,3
788,5892,16170,3
789,5892,16171,3
790,5892,22508,3
791,5890,16170,3
792,5890,16171,3
793,5890,22508,3
794,12054,16170,3
795,5894,16170,3
796,5894,16171,3
797,5894,16172,3
798,5894,23223,3
799,5894,22508,3
800,5893,16170,3
801,5893,16171,3
802,5893,16172,3
803,5893,23223,3
804,5893,22508,3
805,5895,16170,3
806,5895,16171,3
807,5895,16172,3
808,5895,23223,3
809,5895,22508,3
810,14852,16170,3
811,14853,16170,3
812,13268,16170,3
813,13270,16170,3
814,13271,16170,3
815,13266,16170,3
816,12056,16170,3
817,5899,16170,3
818,5899,16171,3
819,5899,16172,3
820,5899,22508,3
821,5900,16170,3
822,5900,16171,3
823,5900,16172,3
824,5900,22508,3
825,5896,16170,3
826,5896,16171,3
827,5896,16172,3
828,5896,22508,3
829,5905,16170,3
830,5905,16171,3
831,5905,16172,3
832,5905,22508,3
833,5901,16170,3
834,5901,16171,3
835,5901,16172,3
836,5901,22508,3
837,5901,31357,3
838,5901,33797,3
839,5903,16170,3
840,5903,16171,3
841,5903,16172,3
842,5903,22508,3
843,5897,16170,3
844,5897,16171,3
845,5897,16172,3
846,5897,22508,3
847,5898,16170,3
848,5898,16171,3
849,5898,16172,3
850,5898,22508,3
851,5904,16170,3
852,5904,16171,3
853,5904,16172,3
854,5904,22508,3
855,7566,16170,3
856,16703,16170,3
857,16703,16171,3
858,16703,16172,3
859,15924,16170,3
860,15924,16171,3
861,15925,16170,3
862,15925,16171,3
863,15921,16170,3
864,15921,16171,3
865,15926,16170,3
866,15926,16171,3
867,9349,16170,3
868,8202,16170,3
869,12057,16170,3
870,13275,16170,3
871,16014,16170,3
872,16015,16170,3
873,16780,16170,3
874,15475,16170,3
875,15475,16171,3
876,15474,16170,3
877,15474,16171,3
878,15472,16170,3
879,15472,16171,3
880,15473,16170,3
881,15473,16171,3
882,10394,16170,3
883,10391,16170,3
884,10388,16170,3
885,10393,16170,3
886,10392,16170,3
887,10396,16170,3
888,10390,16170,3
889,10395,16170,3
890,6188,16170,3
891,12053,16170,3
892,12049,16170,3
893,14942,16170,3
894,14942,16171,3
895,14940,16170,3
896,6184,16170,3
897,16812,16171,3
898,16812,16172,3
899,14941,16171,3
900,14943,16171,3
901,14837,16171,3
902,14834,16171,3
903,14832,16171,3
904,14833,16171,3
905,14836,16171,3
906,14852,16171,3
907,15923,16171,3
908,15922,16171,3
909,13833,16171,3
910,13828,16171,3
911,13832,16171,3
912,13827,16171,3
913,13829,16171,3
914,13824,16171,3
915,13820,16171,3
916,13810,16171,3
917,13815,16171,3
918,13821,16171,3
919,13811,16171,3
920,13816,16171,3
921,13831,16171,3
922,13826,16171,3
923,13804,16171,3
924,13823,16171,3
925,13813,16171,3
926,13818,16171,3
927,13822,16171,3
928,13812,16171,3
929,13817,16171,3
930,13830,16171,3
931,13825,16171,3
932,13819,16171,3
933,13809,16171,3
934,13814,16171,3
935,13805,16171,3
936,13807,16171,3
937,13808,16171,3
938,13806,16171,3
939,14850,16171,3
940,14939,16171,3
941,16573,16171,3
942,16573,16172,3
943,16573,16173,3
944,16558,16172,3
945,16558,16173,3
946,8355,16172,3
947,8356,16172,3
948,8357,16172,3
949,8358,16172,3
950,8359,16172,3
951,8360,16172,3
952,8361,16172,3
953,8362,16172,3
954,8363,16172,3
955,9234,16172,3
956,10408,16172,3
957,10470,16172,3
958,10532,16172,3
959,15915,16172,3
960,20358,16172,3
961,20359,16172,3
962,13791,16172,3
963,13792,16172,3
964,13790,16172,3
965,13795,16172,3
966,13794,16172,3
967,13799,16172,3
968,13797,16172,3
969,13798,16172,3
970,13800,16172,3
971,13801,16172,3
972,15097,16172,3
973,13803,16172,3
974,13796,16172,3
975,13793,16172,3
976,13802,16172,3
977,13851,16172,3
978,13857,16172,3
979,13858,16172,3
980,13860,16172,3
981,13862,16172,3
982,8379,16172,3
983,8380,16172,3
984,8374,16172,3
985,8376,16172,3
986,8377,16172,3
987,9236,16172,3
988,8378,16172,3
989,10473,16172,3
990,20367,16172,3
991,10410,16172,3
992,20366,16172,3
993,8373,16172,3
994,8381,16172,3
995,8375,16172,3
996,15916,16172,3
997,10534,16172,3
998,10471,16172,3
999,8367,16172,3
1000,20362,16172,3
1001,8364,16172,3
1002,15913,16172,3
1003,20363,16172,3
1004,10533,16172,3
1005,8368,16172,3
1006,10409,16172,3
1007,9235,16172,3
1008,8366,16172,3
1009,8365,16172,3
1010,8370,16172,3
1011,8369,16172,3
1012,8371,16172,3
1013,15586,16173,3
1014,15588,16173,3
1015,15592,16173,3
1016,15585,16173,3
1017,15590,16173,3
1018,15595,16173,3
1019,15594,16173,3
1020,15589,16173,3
1021,15593,16173,3
1022,15591,16173,3
1023,15596,16173,3
1024,15584,16173,3
1025,15587,16173,3
1026,15582,16173,3
1027,15572,16173,3
1028,15578,16173,3
1029,15581,16173,3
1030,15576,16173,3
1031,15580,16173,3
1032,15577,16173,3
1033,15574,16173,3
1034,15579,16173,3
1035,15575,16173,3
1036,15573,16173,3
1037,15571,16173,3
1038,15570,16173,3
1039,15564,16173,3
1040,15565,16173,3
1041,8389,16173,3
1042,8388,16173,3
1043,8387,16173,3
1044,8384,16173,3
1045,8385,16173,3
1046,10472,16173,3
1047,15914,16173,3
1048,15559,16173,3
1049,15562,16173,3
1050,15557,16173,3
1051,15560,16173,3
1052,15568,16173,3
1053,15569,16173,3
1054,15563,16173,3
1055,15561,16173,3
1056,15558,16173,3
1057,15556,16173,3
1058,8386,16173,3
1059,10411,16173,3
1060,10535,16173,3
1061,8382,16173,3
1062,9237,16173,3
1063,8390,16173,3
1064,8383,16173,3
1065,16564,16173,3
1066,15566,16173,3
1067,13835,16173,3
1068,15567,16173,3
1069,20529,23223,3
1070,15441,23223,3
1071,17544,23223,3
1072,20560,23223,3
1073,20530,23223,3
1074,20524,23223,3
1075,14844,23223,3
1076,15447,23223,3
1077,23228,23223,3
1078,23227,23223,3
1079,12082,23223,3
1080,13770,23223,3
1081,13769,23223,3
1082,13272,23223,3
1083,12061,23223,3
1084,20542,23223,3
1085,23045,23223,3
1086,23045,23224,3
1087,12083,23223,3
1088,15427,23223,3
1089,13279,23223,3
1090,9355,23223,3
1091,13283,23223,3
1092,8570,23223,3
1093,8201,23223,3
1094,23369,23223,3
1095,14100,23223,3
1096,20525,23223,3
1097,14849,23223,3
1098,23319,23223,3
1099,20558,23223,3
1100,20558,33797,3
1101,20531,23223,3
1102,14080,23223,3
1103,16572,23223,3
1104,16557,23223,3
1105,10394,23223,3
1106,10388,23223,3
1107,10392,23223,3
1108,10395,23223,3
1109,7552,23223,3
1110,23044,23223,3
1111,23044,23224,3
1112,20546,23223,3
1113,14095,23223,3
1114,15436,23223,3
1115,15437,23223,3
1116,20545,23223,3
1117,17522,23223,3
1118,20476,23224,3
1119,20529,23224,3
1120,17852,23224,3
1121,17464,23224,3
1122,14246,23224,3
1123,23228,23224,3
1124,23227,23224,3
1125,17467,23224,3
1126,20542,23224,3
1127,21205,23224,3
1128,23048,23224,3
1129,13279,23224,3
1130,14245,23224,3
1131,13283,23224,3
1132,14100,23224,3
1133,15462,23224,3
1134,20525,23224,3
1135,17970,23224,3
1136,20477,23224,3
1137,14241,23224,3
1138,21206,23224,3
1139,14243,23224,3
1140,20528,23224,3
1141,22482,23224,3
1142,20547,23224,3
1143,13284,23224,3
1144,13284,23225,3
1145,20546,23224,3
1146,15436,23224,3
1147,15437,23224,3
1148,20545,23224,3
1149,20545,23225,3
1150,14094,23224,3
1151,15610,23225,3
1152,17606,23225,3
1153,15600,23225,3
1154,17604,23225,3
1155,17608,23225,3
1156,15602,23225,3
1157,17612,23225,3
1158,15606,23225,3
1159,15604,23225,3
1160,15609,23225,3
1161,15603,23225,3
1162,23023,23225,3
1163,17610,23225,3
1164,17611,23225,3
1165,15605,23225,3
1166,17605,23225,3
1167,15608,23225,3
1168,15601,23225,3
1169,20440,23225,3
1170,20436,23225,3
1171,15599,23225,3
1172,22581,23225,3
1173,17607,23225,3
1174,17609,23225,3
1175,20441,23225,3
1176,20437,23225,3
1177,17617,23225,3
1178,15611,23225,3
1179,17615,23225,3
1180,17613,23225,3
1181,15607,23225,3
1182,17616,23225,3
1183,15598,23225,3
1184,21285,23225,3
1185,17614,23225,3
1186,18030,22508,3
1187,18030,23142,3
1188,22306,22508,3
1189,22306,23142,3
1190,22306,24141,3
1191,18019,22508,3
1192,18019,23142,3
1193,18019,24141,3
1194,18019,24848,3
1195,18020,22508,3
1196,18020,23142,3
1197,18020,24141,3
1198,18020,24848,3
1199,18018,22508,3
1200,18018,23142,3
1201,18018,24141,3
1202,18018,24848,3
1203,18028,22508,3
1204,18028,23142,3
1205,18028,24141,3
1206,18028,24848,3
1207,18029,22508,3
1208,18029,23142,3
1209,18029,24141,3
1210,18029,24848,3
1211,18021,22508,3
1212,18021,23142,3
1213,18021,24141,3
1214,18021,24848,3
1215,18011,22508,3
1216,18011,23142,3
1217,18011,24141,3
1218,18011,24848,3
1219,22509,22508,3
1220,22510,22508,3
1221,22511,22508,3
1222,22512,22508,3
1223,22513,22508,3
1224,22514,22508,3
1225,22515,22508,3
1226,22516,22508,3
1227,22517,22508,3
1228,22518,22508,3
1229,22519,22508,3
1230,21831,22508,3
1231,21832,22508,3
1232,21918,22508,3
1233,21917,22508,3
1234,21919,22508,3
1235,21907,22508,3
1236,21191,22508,3
1237,22479,22508,3
1238,22480,22508,3
1239,21801,21803,3
1240,23345,23142,3
1241,23345,24141,3
1242,23345,24848,3
1243,23346,23142,3
1244,23346,24141,3
1245,23346,24848,3
1246,23028,23142,3
1247,23028,23379,3
1248,23350,23142,3
1249,23356,23142,3
1250,23359,23142,3
1251,23355,23142,3
1252,23358,23142,3
1253,23352,23142,3
1254,23353,23142,3
1255,23357,23142,3
1256,23354,23142,3
1257,23351,23142,3
1258,23377,23142,3
1259,23378,23142,3
1260,22542,23379,3
1261,23216,23379,3
1262,22561,23379,3
1263,23366,23379,3
1264,23348,24141,3
1265,23348,24848,3
1266,23348,23142,3
1267,23347,24141,3
1268,23347,24848,3
1269,23347,23142,3
1270,23881,24141,3
1271,23888,24141,3
1272,23882,24141,3
1273,23889,24141,3
1274,23890,24141,3
1275,24001,24141,3
1276,24001,24142,3
1277,24224,24142,3
1278,24144,24142,3
1279,24012,24142,3
1280,24012,24849,3
1281,25067,24848,3
1282,24488,24848,3
1283,24535,24848,3
1284,24640,24848,3
1285,24640,24849,3
1286,24906,24849,3
1287,25001,24849,3
1288,25068,24849,3
1289,25188,31357,3
1290,25188,33797,3
1291,26729,31357,3
1292,26729,33797,3
1293,25189,31357,3
1294,25189,33797,3
1295,26730,31357,3
1296,26730,33797,3
1297,25187,31357,3
1298,25187,33797,3
1299,26728,31357,3
1300,26728,33797,3
1301,25197,31357,3
1302,25197,33797,3
1303,26738,31357,3
1304,26738,33797,3
1305,25198,31357,3
1306,25198,33797,3
1307,26739,31357,3
1308,26739,33797,3
1309,25190,31357,3
1310,25190,33797,3
1311,26731,31357,3
1312,26731,33797,3
1313,25186,31357,3
1314,25186,33797,3
1315,26727,31357,3
1316,26727,33797,3
1317,24320,31357,3
1318,24335,31357,3
1319,24321,31357,3
1320,24322,31357,3
1321,24323,31357,3
1322,24324,31357,3
1323,24325,31357,3
1324,24326,31357,3
1325,24327,31357,3
1326,24328,31357,3
1327,24329,31357,3
1328,24330,31357,3
1329,24331,31357,3
1330,24332,31357,3
1331,24333,31357,3
1332,24334,31357,3
1333,24902,31357,3
1334,24902,33797,3
1335,21921,31357,3
1336,21921,33797,3
1337,21063,31357,3
1338,21063,33797,3
1339,21920,31357,3
1340,21920,33797,3
1341,30876,31357,3
1342,21064,31357,3
1343,21064,33797,3
1344,21058,31357,3
1345,21058,33797,3
1346,23032,31357,3
1347,23032,33797,3
1348,23998,31357,3
1349,23998,33797,3
1350,21916,31357,3
1351,21916,33797,3
1352,21193,31357,3
1353,21193,33797,3
1354,23989,31357,3
1355,23989,33797,3
1356,24634,31357,3
1357,24634,33797,3
1358,21059,31357,3
1359,21911,31357,3
1360,21911,33797,3
1361,21057,31357,3
1362,21065,31357,3
1363,21065,33797,3
1364,24639,31357,3
1365,24639,33797,3
1366,21924,31357,3
1367,21924,33797,3
1368,23037,31357,3
1369,23037,33797,3
1370,24799,31357,3
1371,21042,31357,3
1372,24143,31357,3
1373,20805,31357,3
1374,20806,31357,3
1375,20807,31357,3
1376,20808,31357,3
1377,20809,31357,3
1378,20810,31357,3
1379,20811,31357,3
1380,20812,31357,3
1381,20813,31357,3
1382,20261,31357,3
1383,20262,31357,3
1384,20263,31357,3
1385,20264,31357,3
1386,20265,31357,3
1387,20266,31357,3
1388,20267,31357,3
1389,20268,31357,3
1390,20269,31357,3
1391,21926,31357,3
1392,21927,31357,3
1393,21928,31357,3
1394,21929,31357,3
1395,21930,31357,3
1396,21931,31357,3
1397,21932,31357,3
1398,21933,31357,3
1399,21934,31357,3
1400,16616,31357,3
1401,16617,31357,3
1402,16618,31357,3
1403,16619,31357,3
1404,16620,31357,3
1405,16621,31357,3
1406,16622,31357,3
1407,16623,31357,3
1408,16624,31357,3
1409,21204,31357,3
1410,21204,33797,3
1411,23373,31357,3
1412,23373,33797,3
1413,23001,31357,3
1414,23001,33797,3
1415,23002,31357,3
1416,23002,33797,3
1417,23374,31357,3
1418,23374,33797,3
1419,24591,31357,3
1420,24591,33797,3
1421,24592,31357,3
1422,24592,33797,3
1423,24593,31357,3
1424,24593,33797,3
1425,21203,31357,3
1426,21203,33797,3
1427,21202,31357,3
1428,21202,33797,3
1429,6666,31357,3
1430,12112,31357,3
1431,30420,31357,3
1432,10351,31357,3
1433,8836,31357,3
1434,30419,31357,3
1435,7981,31357,3
1436,15152,31357,3
1437,6537,31357,3
1438,13089,31357,3
1439,15964,31357,3
1440,6498,31357,3
1441,17013,31357,3
1442,31326,31357,3
1443,30861,31357,3
1444,31664,31357,3
1445,32828,33797,3
1446,33672,33797,3
1447,33706,33797,3
1448,26802,33797,3
1449,25022,33797,3
1450,25023,33797,3
1451,25024,33797,3
1452,25025,33797,3
1453,25026,33797,3
1454,25027,33797,3
1455,25028,33797,3
1456,25029,33797,3
1457,25030,33797,3
1458,25031,33797,3
1459,25032,33797,3
1460,25033,33797,3
1461,25034,33797,3
1462,25035,33797,3
1463,25036,33797,3
1464,25037,33797,3
1465,27991,33797,3
1466,21937,33797,3
1467,21941,33797,3
1468,27938,33797,3
1469,27941,33797,3
1470,27942,33797,3
1471,27940,33797,3
1472,12082,33797,3
1473,15427,33797,3
1474,20558,33797,3
1475,14080,33797,3
1476,16557,33797,3
1477,17522,33797,3
1478,24175,33797,3
1479,24176,33797,3
1480,24177,33797,3
1481,24178,33797,3
1482,24179,33797,3
1483,24180,33797,3
1484,24181,33797,3
1485,24182,33797,3
1486,24183,33797,3
1487,23098,33797,3
1488,23099,33797,3
1489,23100,33797,3
1490,23101,33797,3
1491,23102,33797,3
1492,23103,33797,3
1493,23104,33797,3
1494,23105,33797,3
1495,23106,33797,3
1496,24859,33797,3
1497,24860,33797,3
1498,24861,33797,3
1499,24862,33797,3
1500,24863,33797,3
1501,24864,33797,3
1502,24865,33797,3
1503,24866,33797,3
1504,24867,33797,3
1505,21816,33797,3
1506,21817,33797,3
1507,24495,33797,3
1508,20754,33797,3
1509,33257,33797,3
1510,22545,33797,3
1511,23863,33797,3
1512,30122,33441,3
1513,30123,33441,3
1514,30124,33441,3
1515,30116,33441,3
1516,30117,33441,3
1517,30118,33441,3
1518,30119,33441,3
1519,30120,33441,3
1520,30121,33441,3
1521,33870,33441,3
1522,33675,33441,3
1523,33838,33441,3
1524,12051,33441,3
1525,17525,33441,3
1526,28628,33441,3
1527,15447,33441,3
1528,12054,33441,3
1529,28622,33441,3
1530,14100,33441,3
1531,8202,33441,3
1532,12052,33441,3
1533,12053,33441,3
1534,32826,33441,3
1535,30112,33441,3
1536,30111,33441,3
1537,28612,33441,3
1538,30113,33441,3
1539,28615,33441,3
1540,31406,33441,3
1541,17862,33441,3
1542,30260,33441,3
1543,33127,33441,3
1544,31675,33441,3
1545,17861,33441,3
1546,30259,33441,3
1547,30261,33441,3
1548,17863,33441,3
1549,24292,33441,3
1550,24291,33441,3
1551,33847,33441,3
1552,31324,33441,3
1553,31325,33441,3
1554,30269,33441,3
1555,33039,33441,3
1556,30270,33441,3
1557,12082,33441,3
1558,12083,33441,3
1559,15427,33441,3
1560,9355,33441,3
1561,8570,33441,3
1562,29403,33441,3
1563,14080,33441,3
1564,16557,33441,3
1565,7552,33441,3
1566,17522,33441,3
1567,30052,33441,3
1568,28594,33441,3
1569,28593,33441,3
1570,30054,33441,3
1571,32793,33441,3
1572,32794,33441,3
1573,32796,33441,3
1574,32797,33441,3
1575,28995,33441,3
1576,28989,33441,3
1577,23897,33441,3
1578,23899,33441,3
1579,33302,33441,3
1580,33303,33441,3
1581,30417,33441,3
1582,28971,33441,3
1583,30416,33441,3
1584,32216,33441,3
1585,28979,33441,3
1586,24527,33441,3
1587,32213,33441,3
1588,30418,33441,3
1589,23892,33441,3
1590,19359,17868,3
1591,19374,17868,3
1592,19361,17868,3
1593,19365,17868,3
1594,19362,17868,3
1595,19360,17868,3
1596,19372,17868,3
1597,19364,17868,3
1598,19363,17868,3
1599,19366,17868,3
1600,19368,17868,3
1601,19369,17868,3
1602,19373,17868,3
1603,19367,17868,3
1604,19370,17868,3
1605,19371,17868,3
1606,21493,21791,3
1607,21508,21791,3
1608,21495,21791,3
1609,21499,21791,3
1610,21496,21791,3
1611,21494,21791,3
1612,21506,21791,3
1613,21498,21791,3
1614,21497,21791,3
1615,21500,21791,3
1616,21502,21791,3
1617,21503,21791,3
1618,21507,21791,3
1619,21501,21791,3
1620,21504,21791,3
1621,21505,21791,3
1622,23566,23980,3
1623,23581,23980,3
1624,23568,23980,3
1625,23572,23980,3
1626,27387,23980,3
1627,23569,23980,3
1628,23567,23980,3
1629,23579,23980,3
1630,23571,23980,3
1631,23570,23980,3
1632,23573,23980,3
1633,27388,23980,3
1634,23575,23980,3
1635,23576,23980,3
1636,23580,23980,3
1637,23574,23980,3
1638,23577,23980,3
1639,23578,23980,3
1640,26935,26892,3
1641,26952,26892,3
1642,26937,26892,3
1643,26941,26892,3
1644,26950,26892,3
1645,26938,26892,3
1646,26936,26892,3
1647,26948,26892,3
1648,26940,26892,3
1649,26939,26892,3
1650,26942,26892,3
1651,26951,26892,3
1652,26944,26892,3
1653,26945,26892,3
1654,26949,26892,3
1655,26943,26892,3
1656,26946,26892,3
1657,26947,26892,3
1658,26953,26893,3
1659,26959,26893,3
1660,26965,26893,3
1661,26977,26893,3
1662,26971,26893,3
1663,26989,26893,3
1664,26983,26893,3
1665,26954,26894,3
1666,26960,26894,3
1667,26966,26894,3
1668,26978,26894,3
1669,26972,26894,3
1670,26990,26894,3
1671,26984,26894,3
1672,26955,26895,3
1673,26961,26895,3
1674,26967,26895,3
1675,26979,26895,3
1676,26973,26895,3
1677,26991,26895,3
1678,26985,26895,3
1679,26956,26896,3
1680,26962,26896,3
1681,26968,26896,3
1682,26980,26896,3
1683,26974,26896,3
1684,26992,26896,3
1685,26986,26896,3
1686,26957,26897,3
1687,26963,26897,3
1688,26969,26897,3
1689,26981,26897,3
1690,26975,26897,3
1691,26993,26897,3
1692,26987,26897,3
1693,26958,26898,3
1694,26964,26898,3
1695,26970,26898,3
1696,26982,26898,3
1697,26976,26898,3
1698,26994,26898,3
1699,26988,26898,3
1700,26995,26899,3
1701,26996,26899,3
1702,26997,26899,3
1703,26999,26899,3
1704,26998,26899,3
1705,27000,26900,3
1706,27001,26900,3
1707,27002,26900,3
1708,27004,26900,3
1709,27003,26900,3
1710,27005,26901,3
1711,27006,26901,3
1712,27007,26901,3
1713,27009,26901,3
1714,27008,26901,3
1715,27010,26902,3
1716,27011,26902,3
1717,27012,26902,3
1718,27014,26902,3
1719,27013,26902,3
1720,29037,29693,3
1721,29054,29693,3
1722,29038,29693,3
1723,29039,29693,3
1724,29040,29693,3
1725,29041,29693,3
1726,29042,29693,3
1727,29043,29693,3
1728,29044,29693,3
1729,29045,29693,3
1730,29046,29693,3
1731,29047,29693,3
1732,29048,29693,3
1733,29049,29693,3
1734,29050,29693,3
1735,29051,29693,3
1736,29052,29693,3
1737,29053,29693,3
1738,29055,29694,3
1739,29061,29694,3
1740,29067,29694,3
1741,29079,29694,3
1742,29073,29694,3
1743,29091,29694,3
1744,29085,29694,3
1745,29056,29695,3
1746,29062,29695,3
1747,29068,29695,3
1748,29080,29695,3
1749,29074,29695,3
1750,29092,29695,3
1751,29086,29695,3
1752,29057,29696,3
1753,29063,29696,3
1754,29069,29696,3
1755,29081,29696,3
1756,29075,29696,3
1757,29093,29696,3
1758,29087,29696,3
1759,29058,29697,3
1760,29064,29697,3
1761,29070,29697,3
1762,29082,29697,3
1763,29076,29697,3
1764,29094,29697,3
1765,29088,29697,3
1766,29059,29698,3
1767,29065,29698,3
1768,29071,29698,3
1769,29083,29698,3
1770,29077,29698,3
1771,29095,29698,3
1772,29089,29698,3
1773,29060,29699,3
1774,29066,29699,3
1775,29072,29699,3
1776,29084,29699,3
1777,29078,29699,3
1778,29096,29699,3
1779,29090,29699,3
1780,29097,29700,3
1781,29098,29700,3
1782,29099,29700,3
1783,29101,29700,3
1784,29100,29700,3
1785,29102,29701,3
1786,29103,29701,3
1787,29104,29701,3
1788,29106,29701,3
1789,29105,29701,3
1790,29107,29702,3
1791,29108,29702,3
1792,29109,29702,3
1793,29111,29702,3
1794,29110,29702,3
1795,29112,29703,3
1796,29113,29703,3
1797,29114,29703,3
1798,29116,29703,3
1799,29115,29703,3
1800,32276,32144,3
1801,32293,32144,3
1802,32277,32144,3
1803,32278,32144,3
1804,32279,32144,3
1805,32280,32144,3
1806,32281,32144,3
1807,32282,32144,3
1808,32283,32144,3
1809,32284,32144,3
1810,32285,32144,3
1811,32286,32144,3
1812,32287,32144,3
1813,32288,32144,3
1814,32289,32144,3
1815,32290,32144,3
1816,32291,32144,3
1817,32292,32144,3
1818,32294,32145,3
1819,32300,32145,3
1820,32306,32145,3
1821,32318,32145,3
1822,32312,32145,3
1823,32330,32145,3
1824,32324,32145,3
1825,32295,32146,3
1826,32301,32146,3
1827,32307,32146,3
1828,32319,32146,3
1829,32313,32146,3
1830,32331,32146,3
1831,32325,32146,3
1832,32296,32147,3
1833,32302,32147,3
1834,32308,32147,3
1835,32320,32147,3
1836,32314,32147,3
1837,32332,32147,3
1838,32326,32147,3
1839,32297,32148,3
1840,32303,32148,3
1841,32309,32148,3
1842,32321,32148,3
1843,32315,32148,3
1844,32333,32148,3
1845,32327,32148,3
1846,32298,32149,3
1847,32304,32149,3
1848,32310,32149,3
1849,32322,32149,3
1850,32316,32149,3
1851,32334,32149,3
1852,32328,32149,3
1853,32299,32150,3
1854,32305,32150,3
1855,32311,32150,3
1856,32323,32150,3
1857,32317,32150,3
1858,32335,32150,3
1859,32329,32150,3
1860,32336,32151,3
1861,32337,32151,3
1862,32338,32151,3
1863,32340,32151,3
1864,32339,32151,3
1865,32341,32152,3
1866,32342,32152,3
1867,32343,32152,3
1868,32345,32152,3
1869,32344,32152,3
1870,32346,32153,3
1871,32347,32153,3
1872,32348,32153,3
1873,32350,32153,3
1874,32349,32153,3
1875,32351,32154,3
1876,32352,32154,3
1877,32353,32154,3
1878,32355,32154,3
1879,32354,32154,3
1880,17817,20275,3
1881,17832,20275,3
1882,17742,20275,3
1883,17743,20275,3
1884,17744,20275,3
1885,17745,20275,3
1886,17746,20275,3
1887,17818,20276,3
1888,17747,20276,3
1889,17748,20276,3
1890,17749,20276,3
1891,17750,20276,3
1892,17751,20276,3
1893,17819,20277,3
1894,17752,20277,3
1895,17753,20277,3
1896,17754,20277,3
1897,17755,20277,3
1898,17756,20277,3
1899,17821,20278,3
1900,17762,20278,3
1901,17763,20278,3
1902,17764,20278,3
1903,17765,20278,3
1904,17766,20278,3
1905,17825,20279,3
1906,17767,20279,3
1907,17768,20279,3
1908,17769,20279,3
1909,17770,20279,3
1910,17771,20279,3
1911,17826,20280,3
1912,17772,20280,3
1913,17773,20280,3
1914,17774,20280,3
1915,17775,20280,3
1916,17776,20280,3
1917,17827,20281,3
1918,17777,20281,3
1919,17778,20281,3
1920,17779,20281,3
1921,17780,20281,3
1922,17781,20281,3
1923,17828,20282,3
1924,17782,20282,3
1925,17783,20282,3
1926,17784,20282,3
1927,17785,20282,3
1928,17786,20282,3
1929,17822,20283,3
1930,17787,20283,3
1931,17788,20283,3
1932,17789,20283,3
1933,17790,20283,3
1934,17791,20283,3
1935,17823,20284,3
1936,17792,20284,3
1937,17793,20284,3
1938,17794,20284,3
1939,17795,20284,3
1940,17796,20284,3
1941,17824,20285,3
1942,17797,20285,3
1943,17798,20285,3
1944,17799,20285,3
1945,17800,20285,3
1946,17801,20285,3
1947,17829,20286,3
1948,17802,20286,3
1949,17803,20286,3
1950,17804,20286,3
1951,17805,20286,3
1952,17806,20286,3
1953,17830,20287,3
1954,17807,20287,3
1955,17808,20287,3
1956,17809,20287,3
1957,17810,20287,3
1958,17811,20287,3
1959,17831,20288,3
1960,17812,20288,3
1961,17813,20288,3
1962,17814,20288,3
1963,17815,20288,3
1964,17816,20288,3
1965,17820,20303,3
1966,17757,20303,3
1967,17758,20303,3
1968,17759,20303,3
1969,17760,20303,3
1970,17761,20303,3
1971,20460,20620,3
1972,20461,20620,3
1973,20462,20620,3
1974,20463,20620,3
1975,20464,20620,3
1976,20465,20621,3
1977,20466,20621,3
1978,20467,20621,3
1979,20468,20621,3
1980,20469,20621,3
1981,24582,24587,3
1982,24583,24587,3
1983,24584,24587,3
1984,24585,24587,3
1985,24586,24587,3
1986,24552,24588,3
1987,24553,24588,3
1988,24554,24588,3
1989,24555,24588,3
1990,24556,24588,3
1991,32646,32866,3
1992,32647,32866,3
1993,32648,32866,3
1994,32649,32866,3
1995,32650,32866,3
1996,27256,27266,3
1997,27257,27266,3
1998,27258,27266,3
1999,27259,27266,3
2000,27260,27266,3
2001,27261,27267,3
2002,27262,27267,3
2003,27263,27267,3
2004,27264,27267,3
2005,27265,27267,3
2006,14402,20601,3
2007,14409,20601,3
2008,14416,20601,3
2009,14423,20601,3
2010,14430,20601,3
2011,14437,20601,3
2012,14403,20602,3
2013,14410,20602,3
2014,14417,20602,3
2015,14424,20602,3
2016,14431,20602,3
2017,14438,20602,3
2018,14404,20603,3
2019,14411,20603,3
2020,14418,20603,3
2021,14425,20603,3
2022,14432,20603,3
2023,14439,20603,3
2024,14405,20604,3
2025,14412,20604,3
2026,14419,20604,3
2027,14426,20604,3
2028,14433,20604,3
2029,14440,20604,3
2030,14406,20605,3
2031,14413,20605,3
2032,14420,20605,3
2033,14427,20605,3
2034,14434,20605,3
2035,14441,20605,3
2036,14408,20607,3
2037,14415,20607,3
2038,14422,20607,3
2039,14429,20607,3
2040,14436,20607,3
2041,14443,20607,3
2042,14407,20606,3
2043,14414,20606,3
2044,14421,20606,3
2045,14428,20606,3
2046,14435,20606,3
2047,14442,20606,3
2048,14444,20608,3
2049,14449,20608,3
2050,14454,20608,3
2051,14459,20608,3
2052,14445,20609,3
2053,14450,20609,3
2054,14455,20609,3
2055,14460,20609,3
2056,14446,20610,3
2057,14451,20610,3
2058,14456,20610,3
2059,14461,20610,3
2060,14448,20612,3
2061,14453,20612,3
2062,14458,20612,3
2063,14463,20612,3
2064,14447,20611,3
2065,14452,20611,3
2066,14457,20611,3
2067,14462,20611,3
2068,6231,20642,3
2069,6231,20644,3
2070,6231,20652,3
2071,6232,20645,3
2072,6233,20643,3
2073,6233,20647,3
2074,6234,20646,3
2075,6234,20653,3
2076,6235,20649,3
2077,6235,20650,3
2078,6236,20648,3
2079,6236,20651,3
2080,6236,20654,3
2081,6049,20642,3
2082,6050,20642,3
2083,6051,20642,3
2084,6052,20642,3
2085,6053,20642,3
2086,6059,20643,3
2087,6060,20643,3
2088,6061,20643,3
2089,6062,20643,3
2090,6063,20643,3
2091,6054,20644,3
2092,6055,20644,3
2093,6056,20644,3
2094,6057,20644,3
2095,6058,20644,3
2096,6064,20645,3
2097,6065,20645,3
2098,6066,20645,3
2099,6067,20645,3
2100,6068,20645,3
2101,6069,20646,3
2102,6071,20646,3
2103,6073,20646,3
2104,6070,20646,3
2105,6072,20646,3
2106,7953,20647,3
2107,7954,20647,3
2108,7955,20647,3
2109,7956,20647,3
2110,7957,20647,3
2111,6074,20648,3
2112,6075,20648,3
2113,6076,20648,3
2114,6077,20648,3
2115,6078,20648,3
2116,6079,20649,3
2117,6080,20649,3
2118,6081,20649,3
2119,6082,20649,3
2120,6083,20649,3
2121,6084,20650,3
2122,6085,20650,3
2123,6086,20650,3
2124,6087,20650,3
2125,6088,20650,3
2126,6089,20651,3
2127,6090,20651,3
2128,6091,20651,3
2129,6092,20651,3
2130,6093,20651,3
2131,7480,20652,3
2132,7481,20652,3
2133,7482,20652,3
2134,7483,20652,3
2135,7484,20652,3
2136,7498,20653,3
2137,7499,20653,3
2138,7500,20653,3
2139,7501,20653,3
2140,7502,20653,3
2141,7504,20654,3
2142,7505,20654,3
2143,7506,20654,3
2144,7507,20654,3
2145,7508,20654,3
2146,11844,20655,3
2147,11844,20657,3
2148,11844,20665,3
2149,11845,20658,3
2150,11846,20656,3
2151,11848,20660,3
2152,11847,20659,3
2153,11847,20666,3
2154,11850,20662,3
2155,11850,20663,3
2156,11849,20661,3
2157,11849,20664,3
2158,11849,20667,3
2159,11779,20655,3
2160,11780,20655,3
2161,11781,20655,3
2162,11782,20655,3
2163,11783,20655,3
2164,11784,20656,3
2165,11785,20656,3
2166,11786,20656,3
2167,11787,20656,3
2168,11788,20656,3
2169,11789,20657,3
2170,11790,20657,3
2171,11791,20657,3
2172,11792,20657,3
2173,11793,20657,3
2174,11794,20658,3
2175,11795,20658,3
2176,11796,20658,3
2177,11797,20658,3
2178,11798,20658,3
2179,11799,20659,3
2180,11800,20659,3
2181,11801,20659,3
2182,11802,20659,3
2183,11803,20659,3
2184,11804,20660,3
2185,11805,20660,3
2186,11806,20660,3
2187,11807,20660,3
2188,11808,20660,3
2189,11819,20661,3
2190,11820,20661,3
2191,11821,20661,3
2192,11822,20661,3
2193,11823,20661,3
2194,11824,20662,3
2195,11825,20662,3
2196,11826,20662,3
2197,11827,20662,3
2198,11828,20662,3
2199,11829,20663,3
2200,11830,20663,3
2201,11831,20663,3
2202,11832,20663,3
2203,11833,20663,3
2204,11834,20664,3
2205,11835,20664,3
2206,11836,20664,3
2207,11837,20664,3
2208,11838,20664,3
2209,11809,20665,3
2210,11810,20665,3
2211,11811,20665,3
2212,11812,20665,3
2213,11813,20665,3
2214,11814,20666,3
2215,11815,20666,3
2216,11816,20666,3
2217,11817,20666,3
2218,11818,20666,3
2219,11839,20667,3
2220,11840,20667,3
2221,11841,20667,3
2222,11842,20667,3
2223,11843,20667,3
2224,16383,20670,3
2225,16388,20670,3
2226,16393,20670,3
2227,16398,20670,3
2228,17430,20670,3
2229,16384,20671,3
2230,16389,20671,3
2231,16394,20671,3
2232,16399,20671,3
2233,17434,20671,3
2234,16385,20672,3
2235,16390,20672,3
2236,16395,20672,3
2237,16400,20672,3
2238,17438,20672,3
2239,16387,20674,3
2240,16392,20674,3
2241,16397,20674,3
2242,16402,20674,3
2243,17446,20674,3
2244,16386,20673,3
2245,16391,20673,3
2246,16396,20673,3
2247,16401,20673,3
2248,17442,20673,3
2249,25628,26824,3
2250,25645,26824,3
2251,25630,26824,3
2252,25634,26824,3
2253,25643,26824,3
2254,25631,26824,3
2255,25629,26824,3
2256,25641,26824,3
2257,25633,26824,3
2258,25632,26824,3
2259,25635,26824,3
2260,25644,26824,3
2261,25637,26824,3
2262,25638,26824,3
2263,25642,26824,3
2264,25636,26824,3
2265,25639,26824,3
2266,25640,26824,3
2267,25646,26825,3
2268,25652,26825,3
2269,25658,26825,3
2270,25670,26825,3
2271,25664,26825,3
2272,25682,26825,3
2273,25676,26825,3
2274,25647,26826,3
2275,25653,26826,3
2276,25659,26826,3
2277,25671,26826,3
2278,25665,26826,3
2279,25683,26826,3
2280,25677,26826,3
2281,25648,26827,3
2282,25654,26827,3
2283,25660,26827,3
2284,25672,26827,3
2285,25666,26827,3
2286,25684,26827,3
2287,25678,26827,3
2288,25649,26828,3
2289,25655,26828,3
2290,25661,26828,3
2291,25673,26828,3
2292,25667,26828,3
2293,25685,26828,3
2294,25679,26828,3
2295,25650,26829,3
2296,25656,26829,3
2297,25662,26829,3
2298,25674,26829,3
2299,25668,26829,3
2300,25686,26829,3
2301,25680,26829,3
2302,25651,26830,3
2303,25657,26830,3
2304,25663,26830,3
2305,25675,26830,3
2306,25669,26830,3
2307,25687,26830,3
2308,25681,26830,3
2309,25688,26831,3
2310,25689,26831,3
2311,25690,26831,3
2312,25692,26831,3
2313,25691,26831,3
2314,25693,26832,3
2315,25694,26832,3
2316,25695,26832,3
2317,25697,26832,3
2318,25696,26832,3
2319,25698,26833,3
2320,25699,26833,3
2321,25700,26833,3
2322,25702,26833,3
2323,25701,26833,3
2324,25703,26834,3
2325,25704,26834,3
2326,25705,26834,3
2327,25707,26834,3
2328,25706,26834,3
2329,25788,26835,3
2330,25805,26835,3
2331,25790,26835,3
2332,25794,26835,3
2333,25803,26835,3
2334,25791,26835,3
2335,25789,26835,3
2336,25801,26835,3
2337,25793,26835,3
2338,25792,26835,3
2339,25795,26835,3
2340,25804,26835,3
2341,25797,26835,3
2342,25798,26835,3
2343,25802,26835,3
2344,25796,26835,3
2345,25799,26835,3
2346,25800,26835,3
2347,25806,26836,3
2348,25812,26836,3
2349,25818,26836,3
2350,25830,26836,3
2351,25824,26836,3
2352,25842,26836,3
2353,25836,26836,3
2354,25807,26837,3
2355,25813,26837,3
2356,25819,26837,3
2357,25831,26837,3
2358,25825,26837,3
2359,25843,26837,3
2360,25837,26837,3
2361,25808,26838,3
2362,25814,26838,3
2363,25820,26838,3
2364,25832,26838,3
2365,25826,26838,3
2366,25844,26838,3
2367,25838,26838,3
2368,25809,26839,3
2369,25815,26839,3
2370,25821,26839,3
2371,25833,26839,3
2372,25827,26839,3
2373,25845,26839,3
2374,25839,26839,3
2375,25810,26840,3
2376,25816,26840,3
2377,25822,26840,3
2378,25834,26840,3
2379,25828,26840,3
2380,25846,26840,3
2381,25840,26840,3
2382,25811,26841,3
2383,25817,26841,3
2384,25823,26841,3
2385,25835,26841,3
2386,25829,26841,3
2387,25847,26841,3
2388,25841,26841,3
2389,25848,26842,3
2390,25849,26842,3
2391,25850,26842,3
2392,25852,26842,3
2393,25851,26842,3
2394,25853,26843,3
2395,25854,26843,3
2396,25855,26843,3
2397,25857,26843,3
2398,25856,26843,3
2399,25858,26844,3
2400,25859,26844,3
2401,25860,26844,3
2402,25862,26844,3
2403,25861,26844,3
2404,25863,26845,3
2405,25864,26845,3
2406,25865,26845,3
2407,25867,26845,3
2408,25866,26845,3
2409,25948,26846,3
2410,25965,26846,3
2411,25950,26846,3
2412,25954,26846,3
2413,25963,26846,3
2414,25951,26846,3
2415,25949,26846,3
2416,25961,26846,3
2417,25953,26846,3
2418,25952,26846,3
2419,25955,26846,3
2420,25964,26846,3
2421,25957,26846,3
2422,25958,26846,3
2423,25962,26846,3
2424,25956,26846,3
2425,25959,26846,3
2426,25960,26846,3
2427,25966,26847,3
2428,25972,26847,3
2429,25978,26847,3
2430,25990,26847,3
2431,25984,26847,3
2432,26002,26847,3
2433,25996,26847,3
2434,25967,26848,3
2435,25973,26848,3
2436,25979,26848,3
2437,25991,26848,3
2438,25985,26848,3
2439,26003,26848,3
2440,25997,26848,3
2441,25968,26849,3
2442,25974,26849,3
2443,25980,26849,3
2444,25992,26849,3
2445,25986,26849,3
2446,26004,26849,3
2447,25998,26849,3
2448,25969,26850,3
2449,25975,26850,3
2450,25981,26850,3
2451,25993,26850,3
2452,25987,26850,3
2453,26005,26850,3
2454,25999,26850,3
2455,25970,26851,3
2456,25976,26851,3
2457,25982,26851,3
2458,25994,26851,3
2459,25988,26851,3
2460,26006,26851,3
2461,26000,26851,3
2462,25971,26852,3
2463,25977,26852,3
2464,25983,26852,3
2465,25995,26852,3
2466,25989,26852,3
2467,26007,26852,3
2468,26001,26852,3
2469,26008,26853,3
2470,26009,26853,3
2471,26010,26853,3
2472,26012,26853,3
2473,26011,26853,3
2474,26013,26854,3
2475,26014,26854,3
2476,26015,26854,3
2477,26017,26854,3
2478,26016,26854,3
2479,26018,26855,3
2480,26019,26855,3
2481,26020,26855,3
2482,26022,26855,3
2483,26021,26855,3
2484,26023,26856,3
2485,26024,26856,3
2486,26025,26856,3
2487,26027,26856,3
2488,26026,26856,3
2489,26108,26857,3
2490,26125,26857,3
2491,26110,26857,3
2492,26114,26857,3
2493,26123,26857,3
2494,26111,26857,3
2495,26109,26857,3
2496,26121,26857,3
2497,26113,26857,3
2498,26112,26857,3
2499,26115,26857,3
2500,26124,26857,3
2501,26117,26857,3
2502,26118,26857,3
2503,26122,26857,3
2504,26116,26857,3
2505,26119,26857,3
2506,26120,26857,3
2507,26126,26858,3
2508,26132,26858,3
2509,26138,26858,3
2510,26150,26858,3
2511,26144,26858,3
2512,26162,26858,3
2513,26156,26858,3
2514,26127,26859,3
2515,26133,26859,3
2516,26139,26859,3
2517,26151,26859,3
2518,26145,26859,3
2519,26163,26859,3
2520,26157,26859,3
2521,26128,26860,3
2522,26134,26860,3
2523,26140,26860,3
2524,26152,26860,3
2525,26146,26860,3
2526,26164,26860,3
2527,26158,26860,3
2528,26129,26861,3
2529,26135,26861,3
2530,26141,26861,3
2531,26153,26861,3
2532,26147,26861,3
2533,26165,26861,3
2534,26159,26861,3
2535,26130,26862,3
2536,26136,26862,3
2537,26142,26862,3
2538,26154,26862,3
2539,26148,26862,3
2540,26166,26862,3
2541,26160,26862,3
2542,26131,26863,3
2543,26137,26863,3
2544,26143,26863,3
2545,26155,26863,3
2546,26149,26863,3
2547,26167,26863,3
2548,26161,26863,3
2549,26168,26864,3
2550,26169,26864,3
2551,26170,26864,3
2552,26172,26864,3
2553,26171,26864,3
2554,26173,26865,3
2555,26174,26865,3
2556,26175,26865,3
2557,26177,26865,3
2558,26176,26865,3
2559,26178,26866,3
2560,26179,26866,3
2561,26180,26866,3
2562,26182,26866,3
2563,26181,26866,3
2564,26183,26867,3
2565,26184,26867,3
2566,26185,26867,3
2567,26187,26867,3
2568,26186,26867,3
2569,26268,26868,3
2570,26285,26868,3
2571,26270,26868,3
2572,26274,26868,3
2573,26283,26868,3
2574,26271,26868,3
2575,26269,26868,3
2576,26281,26868,3
2577,26273,26868,3
2578,26272,26868,3
2579,26275,26868,3
2580,26284,26868,3
2581,26277,26868,3
2582,26278,26868,3
2583,26282,26868,3
2584,26276,26868,3
2585,26279,26868,3
2586,26280,26868,3
2587,26286,26869,3
2588,26292,26869,3
2589,26298,26869,3
2590,26310,26869,3
2591,26304,26869,3
2592,26322,26869,3
2593,26316,26869,3
2594,26287,26870,3
2595,26293,26870,3
2596,26299,26870,3
2597,26311,26870,3
2598,26305,26870,3
2599,26323,26870,3
2600,26317,26870,3
2601,26288,26871,3
2602,26294,26871,3
2603,26300,26871,3
2604,26312,26871,3
2605,26306,26871,3
2606,26324,26871,3
2607,26318,26871,3
2608,26289,26872,3
2609,26295,26872,3
2610,26301,26872,3
2611,26313,26872,3
2612,26307,26872,3
2613,26325,26872,3
2614,26319,26872,3
2615,26290,26873,3
2616,26296,26873,3
2617,26302,26873,3
2618,26314,26873,3
2619,26308,26873,3
2620,26326,26873,3
2621,26320,26873,3
2622,26291,26874,3
2623,26297,26874,3
2624,26303,26874,3
2625,26315,26874,3
2626,26309,26874,3
2627,26327,26874,3
2628,26321,26874,3
2629,26328,26875,3
2630,26329,26875,3
2631,26330,26875,3
2632,26332,26875,3
2633,26331,26875,3
2634,26333,26876,3
2635,26334,26876,3
2636,26335,26876,3
2637,26337,26876,3
2638,26336,26876,3
2639,26338,26877,3
2640,26339,26877,3
2641,26340,26877,3
2642,26342,26877,3
2643,26341,26877,3
2644,26343,26878,3
2645,26344,26878,3
2646,26345,26878,3
2647,26347,26878,3
2648,26346,26878,3
2649,21415,26879,3
2650,21416,26879,3
2651,21417,26879,3
2652,21420,26879,3
2653,21418,26879,3
2654,21419,26879,3
2655,21421,26880,3
2656,21422,26880,3
2657,21423,26880,3
2658,21426,26880,3
2659,21424,26880,3
2660,21425,26880,3
2661,21427,26881,3
2662,21428,26881,3
2663,21429,26881,3
2664,21432,26881,3
2665,21430,26881,3
2666,21431,26881,3
2667,21433,26882,3
2668,21434,26882,3
2669,21435,26882,3
2670,21438,26882,3
2671,21436,26882,3
2672,21437,26882,3
2673,21439,26883,3
2674,21440,26883,3
2675,21441,26883,3
2676,21444,26883,3
2677,21442,26883,3
2678,21443,26883,3
2679,21451,26885,3
2680,21452,26885,3
2681,21453,26885,3
2682,21456,26885,3
2683,21454,26885,3
2684,21455,26885,3
2685,21445,26884,3
2686,21446,26884,3
2687,21447,26884,3
2688,21450,26884,3
2689,21448,26884,3
2690,21449,26884,3
2691,21457,26886,3
2692,21462,26886,3
2693,21467,26886,3
2694,21472,26886,3
2695,21458,26887,3
2696,21463,26887,3
2697,21468,26887,3
2698,21473,26887,3
2699,21459,26888,3
2700,21464,26888,3
2701,21469,26888,3
2702,21474,26888,3
2703,21461,26890,3
2704,21466,26890,3
2705,21471,26890,3
2706,21476,26890,3
2707,21460,26889,3
2708,21465,26889,3
2709,21470,26889,3
2710,21475,26889,3
2711,21399,26891,3
2712,21414,26891,3
2713,21401,26891,3
2714,21405,26891,3
2715,27389,26891,3
2716,21402,26891,3
2717,21400,26891,3
2718,21412,26891,3
2719,21404,26891,3
2720,21403,26891,3
2721,21406,26891,3
2722,27390,26891,3
2723,21408,26891,3
2724,21409,26891,3
2725,21413,26891,3
2726,21407,26891,3
2727,21410,26891,3
2728,21411,26891,3
2729,23530,26903,3
2730,23535,26903,3
2731,23540,26903,3
2732,23545,26903,3
2733,24425,26903,3
2734,23531,26904,3
2735,23536,26904,3
2736,23541,26904,3
2737,23546,26904,3
2738,24426,26904,3
2739,23532,26905,3
2740,23537,26905,3
2741,23542,26905,3
2742,23547,26905,3
2743,24427,26905,3
2744,23534,26907,3
2745,23539,26907,3
2746,23544,26907,3
2747,23549,26907,3
2748,24429,26907,3
2749,23533,26906,3
2750,23538,26906,3
2751,23543,26906,3
2752,23548,26906,3
2753,24428,26906,3
2754,30142,30137,3
2755,30147,30137,3
2756,30152,30137,3
2757,30157,30137,3
2758,30162,30137,3
2759,30167,30137,3
2760,30172,30137,3
2761,30177,30137,3
2762,30182,30137,3
2763,30187,30137,3
2764,30192,30137,3
2765,30197,30137,3
2766,30202,30137,3
2767,30207,30137,3
2768,30212,30137,3
2769,30217,30137,3
2770,30222,30137,3
2771,30143,30138,3
2772,30148,30138,3
2773,30153,30138,3
2774,30158,30138,3
2775,30163,30138,3
2776,30168,30138,3
2777,30173,30138,3
2778,30178,30138,3
2779,30183,30138,3
2780,30188,30138,3
2781,30193,30138,3
2782,30198,30138,3
2783,30203,30138,3
2784,30208,30138,3
2785,30213,30138,3
2786,30218,30138,3
2787,30223,30138,3
2788,30144,30139,3
2789,30149,30139,3
2790,30154,30139,3
2791,30159,30139,3
2792,30164,30139,3
2793,30169,30139,3
2794,30174,30139,3
2795,30179,30139,3
2796,30184,30139,3
2797,30189,30139,3
2798,30194,30139,3
2799,30199,30139,3
2800,30204,30139,3
2801,30209,30139,3
2802,30214,30139,3
2803,30219,30139,3
2804,30224,30139,3
2805,30145,30140,3
2806,30150,30140,3
2807,30155,30140,3
2808,30160,30140,3
2809,30165,30140,3
2810,30170,30140,3
2811,30175,30140,3
2812,30180,30140,3
2813,30185,30140,3
2814,30190,30140,3
2815,30195,30140,3
2816,30200,30140,3
2817,30205,30140,3
2818,30210,30140,3
2819,30215,30140,3
2820,30220,30140,3
2821,30225,30140,3
2822,30146,30141,3
2823,30151,30141,3
2824,30156,30141,3
2825,30161,30141,3
2826,30166,30141,3
2827,30171,30141,3
2828,30176,30141,3
2829,30181,30141,3
2830,30186,30141,3
2831,30191,30141,3
2832,30196,30141,3
2833,30201,30141,3
2834,30206,30141,3
2835,30211,30141,3
2836,30216,30141,3
2837,30221,30141,3
2838,30226,30141,3
2839,1611,31329,3
2840,2241,31329,3
2841,1758,31329,3
2842,1827,31329,3
2843,8662,31329,3
2844,1897,31329,3
2845,2111,31329,3
2846,2149,31329,3
2847,2002,31329,3
2848,1614,31330,3
2849,2242,31330,3
2850,1764,31330,3
2851,1833,31330,3
2852,1694,31330,3
2853,8663,31330,3
2854,1899,31330,3
2855,2116,31330,3
2856,2151,31330,3
2857,2010,31330,3
2858,1625,31331,3
2859,2246,31331,3
2860,1766,31331,3
2861,1836,31331,3
2862,1697,31331,3
2863,9193,31331,3
2864,1905,31331,3
2865,2118,31331,3
2866,2156,31331,3
2867,2011,31331,3
2868,1627,31332,3
2869,2250,31332,3
2870,1769,31332,3
2871,1838,31332,3
2872,1699,31332,3
2873,8664,31332,3
2874,1908,31332,3
2875,2069,31332,3
2876,2160,31332,3
2877,1967,31332,3
2878,1637,31333,3
2879,2260,31333,3
2880,1778,31333,3
2881,1847,31333,3
2882,1708,31333,3
2883,8665,31333,3
2884,1917,31333,3
2885,2123,31333,3
2886,2166,31333,3
2887,2023,31333,3
2888,1639,31334,3
2889,2262,31334,3
2890,1781,31334,3
2891,1850,31334,3
2892,1711,31334,3
2893,8666,31334,3
2894,1920,31334,3
2895,2078,31334,3
2896,2169,31334,3
2897,2026,31334,3
2898,1650,31335,3
2899,2270,31335,3
2900,1786,31335,3
2901,1855,31335,3
2902,1716,31335,3
2903,9209,31335,3
2904,1925,31335,3
2905,2083,31335,3
2906,2174,31335,3
2907,1974,31335,3
2908,1659,31336,3
2909,2287,31336,3
2910,1796,31336,3
2911,1867,31336,3
2912,1728,31336,3
2913,8667,31336,3
2914,1937,31336,3
2915,2094,31336,3
2916,2185,31336,3
2917,1981,31336,3
2918,1663,31337,3
2919,2296,31337,3
2920,1803,31337,3
2921,1872,31337,3
2922,1733,31337,3
2923,8668,31337,3
2924,1942,31337,3
2925,2133,31337,3
2926,2189,31337,3
2927,2044,31337,3
2928,1666,31691,3
2929,2302,31691,3
2930,1806,31691,3
2931,1875,31691,3
2932,1736,31691,3
2933,9225,31691,3
2934,1945,31691,3
2935,2136,31691,3
2936,2193,31691,3
2937,2048,31691,3
2938,2194,31691,3
2939,1679,31691,3
2940,2311,31691,3
2941,1818,31691,3
2942,1888,31691,3
2943,1748,31691,3
2944,9241,31691,3
2945,1957,31691,3
2946,2141,31691,3
2947,2217,31691,3
2948,2054,31691,3
2949,2218,31691,3
2950,7351,31691,3
2951,7350,31691,3
2952,7353,31691,3
2953,7354,31691,3
2954,7352,31691,3
2955,9247,31691,3
2956,7355,31691,3
2957,7357,31691,3
2958,7358,31691,3
2959,7356,31691,3
2960,7359,31691,3
2961,20977,21068,3
2962,20978,21068,3
2963,20979,21068,3
2964,20980,21068,3
2965,20981,21068,3
2966,22362,22402,3
2967,22363,22402,3
2968,22364,22402,3
2969,22365,22402,3
2970,22366,22402,3
2971,23038,24340,3
2972,23039,24340,3
2973,23040,24340,3
2974,23041,24340,3
2975,23042,24340,3
2976,24192,24341,3
2977,24193,24341,3
2978,24194,24341,3
2979,24195,24341,3
2980,24196,24341,3
2981,27333,27338,3
2982,27334,27338,3
2983,27335,27338,3
2984,27336,27338,3
2985,27337,27338,3
2986,27339,27344,3
2987,27340,27344,3
2988,27341,27344,3
2989,27342,27344,3
2990,27343,27344,3
2991,33445,33450,3
2992,33446,33450,3
2993,33447,33450,3
2994,33448,33450,3
2995,33449,33450,3
2996,33455,33460,3
2997,33456,33460,3
2998,33457,33460,3
2999,33458,33460,3
3000,33459,33460,3
3001,29612,29679,3
3002,29613,29679,3
3003,29614,29679,3
3004,29615,29679,3
3005,29616,29679,3
3006,29617,29679,3
3007,29618,29679,3
3008,29619,29679,3
3009,29621,29679,3
3010,29620,29679,3
3011,29622,29679,3
3012,33043,33098,3
3013,33044,33098,3
3014,33045,33098,3
3015,33046,33098,3
3016,33047,33098,3
3017,33048,33099,3
3018,33049,33099,3
3019,33050,33099,3
3020,33051,33099,3
3021,33052,33099,3
3022,33053,33100,3
3023,33054,33100,3
3024,33055,33100,3
3025,33056,33100,3
3026,33057,33100,3
3027,33058,33101,3
3028,33059,33101,3
3029,33060,33101,3
3030,33061,33101,3
3031,33062,33101,3
3032,33063,33102,3
3033,33064,33102,3
3034,33065,33102,3
3035,33066,33102,3
3036,33067,33102,3
3037,33068,33103,3
3038,33069,33103,3
3039,33070,33103,3
3040,33071,33103,3
3041,33072,33103,3
3042,33073,33104,3
3043,33074,33104,3
3044,33075,33104,3
3045,33076,33104,3
3046,33077,33104,3
3047,33078,33105,3
3048,33079,33105,3
3049,33080,33105,3
3050,33081,33105,3
3051,33082,33105,3
3052,33083,33106,3
3053,33084,33106,3
3054,33085,33106,3
3055,33086,33106,3
3056,33087,33106,3
3057,33088,33107,3
3058,33089,33107,3
3059,33090,33107,3
3060,33091,33107,3
3061,33092,33107,3
3062,33093,33108,3
3063,33094,33108,3
3064,33095,33108,3
3065,33096,33108,3
3066,33097,33108,3
3067,24594,27969,3
3068,24595,27969,3
3069,24596,27969,3
3070,24597,27969,3
3071,24598,27969,3
3072,30051,30271,3
3073,30048,30271,3
3074,30049,30271,3
3075,30050,30271,3
3076,30762,31630,3
3077,30763,31630,3
3078,30764,31630,3
3079,30765,31630,3
3080,30766,31630,3
3081,16599,33143,3
3082,16600,33143,3
3083,16910,33143,3
3084,16601,33143,3
3085,30759,33144,3
3086,30760,33144,3
3087,30761,33144,3
3088,33667,33838,3
3089,33668,33838,3
3090,33669,33838,3
3091,33670,33838,3
3092,33671,33838,3
3093,23017,23380,3
3094,23018,23380,3
3095,23019,23380,3
3096,23226,23380,3
3097,25055,25056,3
3098,17718,25056,3
3099,17719,25056,3
3100,17720,25056,3
3101,17721,25056,3
3102,17722,25056,3
3103,9782,10128,3
3104,9779,10128,3
3105,9783,10128,3
3106,16759,10128,3
3107,9776,10128,3
3108,9775,10128,3
3109,9797,10128,3
3110,9796,10128,3
3111,16762,10128,3
3112,16760,10128,3
3113,9798,10128,3
3114,9795,10128,3
3115,9809,10128,3
3116,16765,10128,3
3117,15621,10128,3
3118,9785,10129,3
3119,9786,10129,3
3120,9788,10129,3
3121,9787,10129,3
3122,9790,10129,3
3123,9792,10129,3
3124,14199,10129,3
3125,9813,10129,3
3126,9814,10129,3
3127,9811,10129,3
3128,9812,10129,3
3129,9821,10129,3
3130,9828,10129,3
3131,9828,10077,3
3132,9828,17699,3
3133,9828,17696,3
3134,9828,17697,3
3135,9828,17691,3
3136,9827,10129,3
3137,9800,10130,3
3138,9805,10130,3
3139,14192,10130,3
3140,9799,10130,3
3141,9801,10130,3
3142,9829,10130,3
3143,9825,10130,3
3144,9825,17699,3
3145,9825,17700,3
3146,9825,17701,3
3147,9824,10130,3
3148,9824,17691,3
3149,9826,10130,3
3150,9826,10077,3
3151,9826,17693,3
3152,9822,10130,3
3153,9822,10077,3
3154,9822,17695,3
3155,9822,17692,3
3156,9837,10130,3
3157,9836,10130,3
3158,9838,10130,3
3159,9839,10130,3
3160,9847,10130,3
3161,14193,13380,3
3162,13368,13380,3
3163,9810,13380,3
3164,13372,13380,3
3165,13367,13380,3
3166,9823,13380,3
3167,9823,17696,3
3168,9843,13380,3
3169,9841,13380,3
3170,9844,13380,3
3171,16775,17702,3
3172,16774,17702,3
3173,17681,17702,3
3174,17682,17702,3
3175,17686,17702,3
3176,13378,17702,3
3177,28653,28652,3
3178,28657,28652,3
3179,28655,28652,3
3180,26767,28652,3
3181,28658,28652,3
3182,26765,28652,3
3183,26768,28652,3
3184,26766,28652,3
3185,26772,28652,3
3186,28660,28652,3
3187,28661,28652,3
3188,9830,10077,3
3189,14208,10077,3
3190,9831,10077,3
3191,15872,10077,3
3192,9834,10077,3
3193,9834,17697,3
3194,9834,17701,3
3195,9840,10077,3
3196,9840,17696,3
3197,9840,17697,3
3198,9840,17698,3
3199,9842,10077,3
3200,9842,17693,3
3201,9842,17694,3
3202,9842,17695,3
3203,9848,10077,3
3204,9848,17699,3
3205,9848,17700,3
3206,9848,17701,3
3207,9851,10077,3
3208,9851,17690,3
3209,9851,17691,3
3210,9851,17692,3
3211,14072,14007,4
3212,14073,14007,4
3213,14074,14007,4
3214,14075,14007,4
3215,14076,14007,4
3216,14077,14007,4
3217,14078,14007,4
3218,14079,14007,4
3219,16017,16016,4
3220,16018,16016,4
3221,16019,16016,4
3222,16020,16016,4
3223,16021,16016,4
3224,16023,16016,4
3225,16024,16016,4
3226,16025,16016,4
3227,17049,17546,4
3228,17050,17546,4
3229,17051,17546,4
3230,17052,17546,4
3231,17053,17546,4
3232,17054,17546,4
3233,17055,17546,4
3234,17056,17546,4
3235,17997,17996,4
3236,17998,17996,4
3237,18000,17996,4
3238,18001,17996,4
3239,18002,17996,4
3240,18003,17996,4
3241,18004,17996,4
3242,18005,17996,4
3243,29259,35716,3
3244,29260,35716,3
3245,29261,35716,3
3246,29262,35716,3
3247,29263,35716,3
3248,29264,35716,3
3249,29265,35716,3
3250,29266,35716,3
3251,29267,35716,3
3252,29268,35716,3
3253,29269,35716,3
3254,29270,35716,3
3255,29271,35716,3
3256,29272,35716,3
3257,29273,35716,3
3258,29274,35716,3
3259,29275,35716,3
3260,29276,35716,3
3261,36613,35716,3
3262,36614,35716,3
3263,29277,35717,3
3264,29278,35717,3
3265,29279,35717,3
3266,29280,35717,3
3267,29281,35717,3
3268,29283,35718,3
3269,29284,35718,3
3270,29285,35718,3
3271,29286,35718,3
3272,29287,35718,3
3273,29289,35719,3
3274,29290,35719,3
3275,29291,35719,3
3276,29292,35719,3
3277,29293,35719,3
3278,29295,35720,3
3279,29296,35720,3
3280,29297,35720,3
3281,29298,35720,3
3282,29299,35720,3
3283,29301,35721,3
3284,29302,35721,3
3285,29303,35721,3
3286,29304,35721,3
3287,29305,35721,3
3288,29307,35722,3
3289,29308,35722,3
3290,29309,35722,3
3291,29310,35722,3
3292,29311,35722,3
3293,29313,35723,3
3294,29314,35723,3
3295,29315,35723,3
3296,29316,35723,3
3297,29317,35723,3
3298,29319,35724,3
3299,29324,35724,3
3300,29329,35724,3
3301,29334,35724,3
3302,29320,35725,3
3303,29325,35725,3
3304,29330,35725,3
3305,29335,35725,3
3306,29321,35726,3
3307,29326,35726,3
3308,29331,35726,3
3309,29336,35726,3
3310,29322,35727,3
3311,29327,35727,3
3312,29332,35727,3
3313,29337,35727,3
3314,29323,35728,3
3315,29328,35728,3
3316,29333,35728,3
3317,29338,35728,3
3318,38081,38390,3
3319,38082,38390,3
3320,38083,38390,3
3321,38084,38390,3
3322,38085,38390,3
3323,38086,38390,3
3324,38087,38390,3
3325,38088,38390,3
3326,38089,38390,3
3327,38090,38390,3
3328,38093,38390,3
3329,38094,38390,3
3330,38095,38390,3
3331,38096,38390,3
3332,38097,38390,3
3333,38098,38390,3
3334,38099,38390,3
3335,38100,38390,3
3336,38101,38391,3
3337,38106,38391,3
3338,38111,38391,3
3339,38116,38391,3
3340,38121,38391,3
3341,38126,38391,3
3342,38131,38391,3
3343,38102,38392,3
3344,38107,38392,3
3345,38112,38392,3
3346,38117,38392,3
3347,38122,38392,3
3348,38127,38392,3
3349,38132,38392,3
3350,38103,38393,3
3351,38108,38393,3
3352,38113,38393,3
3353,38118,38393,3
3354,38123,38393,3
3355,38128,38393,3
3356,38133,38393,3
3357,38104,38394,3
3358,38109,38394,3
3359,38114,38394,3
3360,38119,38394,3
3361,38124,38394,3
3362,38129,38394,3
3363,38134,38394,3
3364,38105,38395,3
3365,38110,38395,3
3366,38115,38395,3
3367,38120,38395,3
3368,38125,38395,3
3369,38130,38395,3
3370,38135,38395,3
3371,38136,38396,3
3372,38137,38396,3
3373,38138,38396,3
3374,38139,38396,3
3375,38140,38396,3
3376,38141,38397,3
3377,38142,38397,3
3378,38143,38397,3
3379,38144,38397,3
3380,38145,38397,3
3381,38146,38398,3
3382,38147,38398,3
3383,38148,38398,3
3384,38149,38398,3
3385,38150,38398,3
3386,38151,38399,3
3387,38152,38399,3
3388,38153,38399,3
3389,38154,38399,3
3390,38155,38399,3
3391,16465,35924,3
3392,16466,35924,3
3393,16467,35924,3
3394,16468,35924,3
3395,16469,35924,3
3396,16470,35924,3
3397,16471,35924,3
3398,16472,35924,3
3399,16473,35924,3
3400,16474,35924,3
3401,16475,35924,3
3402,16476,35924,3
3403,16477,35924,3
3404,16478,35924,3
3405,20452,35924,3
3406,20453,35924,3
3407,16479,35925,3
3408,16485,35925,3
3409,16491,35925,3
3410,16497,35925,3
3411,16503,35925,3
3412,16509,35925,3
3413,16515,35925,3
3414,16480,35926,3
3415,16486,35926,3
3416,16492,35926,3
3417,16498,35926,3
3418,16504,35926,3
3419,16510,35926,3
3420,16516,35926,3
3421,16481,35927,3
3422,16487,35927,3
3423,16493,35927,3
3424,16499,35927,3
3425,16505,35927,3
3426,16511,35927,3
3427,16517,35927,3
3428,16482,35928,3
3429,16488,35928,3
3430,16494,35928,3
3431,16500,35928,3
3432,16506,35928,3
3433,16512,35928,3
3434,16518,35928,3
3435,16483,35929,3
3436,16489,35929,3
3437,16495,35929,3
3438,16501,35929,3
3439,16507,35929,3
3440,16513,35929,3
3441,16519,35929,3
3442,1678,35874,3
3443,1747,35874,3
3444,1817,35874,3
3445,1887,35874,3
3446,1956,35874,3
3447,2053,35874,3
3448,2105,35874,3
3449,2215,35874,3
3450,2216,35874,3
3451,2308,35874,3
3452,7218,35874,3
3453,7219,35874,3
3454,7220,35874,3
3455,7221,35874,3
3456,7222,35874,3
3457,7223,35874,3
3458,7224,35874,3
3459,7225,35874,3
3460,7226,35874,3
3461,7227,35874,3
3462,9248,35874,3
3463,9249,35874,3
3464,10454,35874,3
3465,10455,35874,3
3466,10516,35874,3
3467,10517,35874,3
3468,10578,35874,3
3469,10579,35874,3
3470,13790,35874,3
3471,13791,35874,3
3472,13792,35874,3
3473,13793,35874,3
3474,13794,35874,3
3475,13795,35874,3
3476,13796,35874,3
3477,13797,35874,3
3478,13798,35874,3
3479,13799,35874,3
3480,13800,35874,3
3481,13801,35874,3
3482,13802,35874,3
3483,13803,35874,3
3484,13834,35874,3
3485,13835,35874,3
3486,13836,35874,3
3487,13837,35874,3
3488,13838,35874,3
3489,13839,35874,3
3490,13840,35874,3
3491,13841,35874,3
3492,13842,35874,3
3493,13843,35874,3
3494,13844,35874,3
3495,13845,35874,3
3496,13846,35874,3
3497,13847,35874,3
3498,14892,35874,3
3499,15097,35874,3
3500,19203,35874,3
3501,19204,35874,3
3502,19205,35874,3
3503,19206,35874,3
3504,19207,35874,3
3505,19208,35874,3
3506,19209,35874,3
3507,19210,35874,3
3508,19211,35874,3
3509,19212,35874,3
3510,19213,35874,3
3511,19214,35874,3
3512,19215,35874,3
3513,19216,35874,3
3514,19217,35874,3
3515,19218,35874,3
3516,19281,35874,3
3517,19282,35874,3
3518,19283,35874,3
3519,19284,35874,3
3520,19285,35874,3
3521,19286,35874,3
3522,19287,35874,3
3523,19288,35874,3
3524,19289,35874,3
3525,19290,35874,3
3526,19291,35874,3
3527,19292,35874,3
3528,19293,35874,3
3529,19294,35874,3
3530,19295,35874,3
3531,19296,35874,3
3532,2947,35875,3
3533,2948,35875,3
3534,2949,35875,3
3535,2950,35875,3
3536,6225,35875,3
3537,3263,35876,3
3538,3264,35876,3
3539,3265,35876,3
3540,3267,35876,3
3541,6226,35876,3
3542,3729,35877,3
3543,3730,35877,3
3544,3731,35877,3
3545,3733,35877,3
3546,6228,35877,3
3547,3504,35878,3
3548,3505,35878,3
3549,3506,35878,3
3550,3508,35878,3
3551,6227,35878,3
3552,3948,35879,3
3553,3949,35879,3
3554,3950,35879,3
3555,3952,35879,3
3556,6229,35879,3
3557,7218,35884,3
3558,7219,35884,3
3559,7220,35884,3
3560,7221,35884,3
3561,7222,35884,3
3562,7223,35884,3
3563,7224,35884,3
3564,7225,35884,3
3565,7226,35884,3
3566,7227,35884,3
3567,9249,35884,3
3568,10455,35884,3
3569,10517,35884,3
3570,10579,35884,3
3571,13834,35884,3
3572,13835,35884,3
3573,13836,35884,3
3574,13837,35884,3
3575,13838,35884,3
3576,13839,35884,3
3577,13840,35884,3
3578,13841,35884,3
3579,13842,35884,3
3580,13843,35884,3
3581,13844,35884,3
3582,13845,35884,3
3583,13846,35884,3
3584,13847,35884,3
3585,7162,35885,3
3586,7172,35885,3
3587,7178,35885,3
3588,7188,35885,3
3589,7198,35885,3
3590,7208,35885,3
3591,7173,35886,3
3592,7179,35886,3
3593,7189,35886,3
3594,7199,35886,3
3595,7209,35886,3
3596,7164,35887,3
3597,7174,35887,3
3598,7180,35887,3
3599,7190,35887,3
3600,7200,35887,3
3601,7210,35887,3
3602,7165,35888,3
3603,7175,35888,3
3604,7181,35888,3
3605,7191,35888,3
3606,7201,35888,3
3607,7211,35888,3
3608,7166,35889,3
3609,7176,35889,3
3610,7182,35889,3
3611,7192,35889,3
3612,7202,35889,3
3613,7212,35889,3
3614,35245,35734,3
3615,35246,35734,3
3616,35247,35734,3
3617,35248,35734,3
3618,35249,35734,3
3619,35250,35734,3
3620,35251,35734,3
3621,35252,35734,3
3622,35253,35734,3
3623,35254,35734,3
3624,35255,35734,3
3625,35256,35734,3
3626,35257,35734,3
3627,35258,35734,3
3628,35259,35734,3
3629,35260,35734,3
3630,35261,35734,3
3631,35262,35734,3
3632,35263,35734,3
3633,35264,35734,3
3634,35265,35735,3
3635,35270,35735,3
3636,35275,35735,3
3637,35280,35735,3
3638,35285,35735,3
3639,35290,35735,3
3640,35295,35735,3
3641,35266,35736,3
3642,35271,35736,3
3643,35276,35736,3
3644,35281,35736,3
3645,35286,35736,3
3646,35291,35736,3
3647,35296,35736,3
3648,35267,35737,3
3649,35272,35737,3
3650,35277,35737,3
3651,35282,35737,3
3652,35287,35737,3
3653,35292,35737,3
3654,35297,35737,3
3655,35268,35738,3
3656,35273,35738,3
3657,35278,35738,3
3658,35283,35738,3
3659,35288,35738,3
3660,35293,35738,3
3661,35298,35738,3
3662,35269,35739,3
3663,35274,35739,3
3664,35279,35739,3
3665,35284,35739,3
3666,35289,35739,3
3667,35294,35739,3
3668,35299,35739,3
3669,35300,35740,3
3670,35301,35740,3
3671,35302,35740,3
3672,35303,35740,3
3673,35304,35740,3
3674,35305,35741,3
3675,35306,35741,3
3676,35307,35741,3
3677,35308,35741,3
3678,35309,35741,3
3679,35310,35742,3
3680,35311,35742,3
3681,35312,35742,3
3682,35313,35742,3
3683,35314,35742,3
3684,35315,35743,3
3685,35316,35743,3
3686,35317,35743,3
3687,35318,35743,3
3688,35319,35743,3
3689,36923,36813,3
3690,36924,36813,3
3691,36925,36813,3
3692,36926,36813,3
3693,36927,36813,3
3694,36928,36813,3
3695,36929,36813,3
3696,36930,36813,3
3697,36931,36813,3
3698,36932,36813,3
3699,36933,36813,3
3700,36934,36813,3
3701,36935,36813,3
3702,36936,36813,3
3703,36937,36813,3
3704,36938,36813,3
3705,36939,36813,3
3706,36940,36813,3
3707,36941,36813,3
3708,36942,36813,3
3709,21477,36150,3
3710,21478,36150,3
3711,21479,36150,3
3712,21480,36150,3
3713,21481,36150,3
3714,21482,36150,3
3715,21483,36150,3
3716,21484,36150,3
3717,21485,36150,3
3718,21486,36150,3
3719,21487,36150,3
3720,21488,36150,3
3721,21489,36150,3
3722,21490,36150,3
3723,21491,36150,3
3724,21492,36150,3
3725,33597,36150,3
3726,33598,36150,3
3727,33599,36150,3
3728,33600,36150,3
3729,33601,36150,3
3730,33602,36150,3
3731,33603,36150,3
3732,33604,36150,3
3733,33605,36150,3
3734,33606,36150,3
3735,33607,36150,3
3736,33608,36150,3
3737,33609,36150,3
3738,33610,36150,3
3739,33611,36150,3
3740,33612,36150,3
