RowId,StartItemId,EndItemId,PatchNo
1,1,24,1.0
2,25,25,2.1
3,26,26,2.2
4,27,27,2.3
5,28,28,2.4
6,29,29,2.51
7,30,30,3.0
8,31,31,3.05
9,32,32,3.2
10,33,33,3.4
11,34,34,4.0
12,35,35,4.05
13,36,36,4.2
14,37,37,4.4
15,38,38,5.0
16,39,39,5.05
17,40,40,5.2
18,41,41,5.4
19,42,42,6.0
20,43,43,6.05
21,44,44,6.2
22,45,45,6.4
23,100,1675,1.0
24,1676,1676,2.4
25,1677,1677,1.0
26,1678,1678,2.0
27,1679,1679,2.1
28,1680,1746,1.0
29,1747,1747,2.0
30,1748,1748,2.1
31,1749,1816,1.0
32,1817,1817,2.0
33,1818,1818,2.1
34,1819,1886,1.0
35,1887,1887,2.0
36,1888,1888,2.1
37,1889,1955,1.0
38,1956,1956,2.0
39,1957,1957,2.1
40,1958,2052,1.0
41,2053,2053,2.0
42,2054,2054,2.1
43,2055,2104,1.0
44,2105,2105,2.0
45,2106,2140,1.0
46,2141,2141,2.1
47,2142,2192,1.0
48,2193,2194,2.2
49,2195,2206,1.0
50,2207,2208,2.1
51,2209,2214,1.0
52,2215,2216,2.0
53,2217,2218,2.1
54,2219,2219,1.0
55,2220,2220,3.0
56,2221,2300,1.0
57,2301,2301,2.1
58,2302,2306,1.0
59,2307,2307,2.51
60,2308,2309,2.0
61,2311,2311,2.1
62,2314,2649,1.0
63,2650,2650,3.0
64,2651,2945,1.0
65,2946,2950,2.0
66,2951,2951,1.0
67,2952,2957,2.1
68,2958,2992,1.0
69,2993,2993,3.0
70,2994,3262,1.0
71,3263,3267,2.0
72,3268,3273,2.1
73,3274,3503,1.0
74,3504,3508,2.0
75,3509,3514,2.1
76,3515,3728,1.0
77,3729,3733,2.0
78,3734,3739,2.1
79,3740,3947,1.0
80,3948,3952,2.0
81,3953,3958,2.1
82,3959,4079,1.0
83,4080,4084,2.0
84,4085,4090,2.1
85,4091,4183,1.0
86,4184,4189,2.0
87,4190,4195,2.1
88,4196,4288,1.0
89,4289,4294,2.0
90,4295,4300,2.1
91,4301,4390,1.0
92,4391,4396,2.0
93,4397,4403,2.1
94,4404,4529,1.0
95,4530,4535,2.0
96,4536,4541,2.1
97,4542,5607,1.0
98,5608,5608,3.0
99,5609,5612,1.0
100,5613,5613,3.0
101,5614,5617,1.0
102,5618,5618,3.0
103,5619,5622,1.0
104,5623,5623,3.0
105,5624,5627,1.0
106,5628,5628,3.0
107,5629,5632,1.0
108,5633,5633,3.0
109,5634,5637,1.0
110,5638,5638,3.0
111,5639,5642,1.0
112,5643,5643,3.0
113,5644,5647,1.0
114,5648,5648,3.0
115,5649,5652,1.0
116,5653,5653,3.0
117,5654,5657,1.0
118,5658,5658,3.0
119,5659,5662,1.0
120,5663,5663,3.0
121,5664,5667,1.0
122,5668,5668,3.0
123,5669,5672,1.0
124,5673,5673,3.0
125,5674,5677,1.0
126,5678,5678,3.0
127,5679,5682,1.0
128,5683,5683,3.0
129,5684,5687,1.0
130,5688,5688,3.0
131,5689,5692,1.0
132,5693,5693,3.0
133,5694,5697,1.0
134,5698,5698,3.0
135,5699,5702,1.0
136,5703,5703,3.0
137,5704,5707,1.0
138,5708,5708,3.0
139,5709,5712,1.0
140,5713,5713,3.0
141,5714,5717,1.0
142,5718,5718,3.0
143,5719,5722,1.0
144,5723,5723,3.0
145,5724,5735,1.0
146,5736,5736,2.2
147,5737,5740,1.0
148,5741,5741,2.2
149,5742,5743,1.0
150,5744,5744,2.1
151,5745,5748,1.0
152,5749,5749,2.1
153,5750,5750,2.2
154,5751,5751,2.1
155,5752,5752,1.0
156,5753,5753,2.1
157,5754,5754,1.0
158,5755,5755,2.1
159,5756,5757,1.0
160,5758,5758,2.2
161,5759,5759,2.1
162,5760,5762,1.0
163,5763,5763,2.2
164,5764,5765,1.0
165,5766,5766,2.2
166,5767,5767,2.1
167,5768,5769,1.0
168,5770,5770,2.1
169,5771,5771,1.0
170,5772,5772,2.2
171,5773,5773,2.1
172,5774,5774,1.0
173,5775,5775,2.2
174,5776,5776,1.0
175,5777,5777,2.1
176,5778,5778,2.2
177,5779,5779,2.1
178,5780,5780,1.0
179,5781,5781,2.1
180,5782,5782,2.2
181,5783,5783,1.0
182,5784,5785,2.2
183,5786,5786,2.1
184,5787,5789,1.0
185,5790,5791,2.1
186,5792,5793,2.2
187,5794,5794,1.0
188,5795,5795,2.2
189,5796,5796,1.0
190,5797,5799,2.1
191,5800,5800,2.2
192,5801,5802,1.0
193,5803,5803,2.2
194,5804,5804,1.0
195,5805,5805,2.2
196,5806,5806,1.0
197,5807,5807,2.1
198,5808,5808,2.2
199,5809,5810,1.0
200,5811,5811,2.2
201,5812,5812,2.1
202,5813,5941,1.0
203,5942,5945,2.05
204,5946,6031,1.0
205,6032,6032,3.0
206,6033,6048,2.05
207,6049,6108,1.0
208,6109,6109,3.0
209,6110,6110,2.1
210,6111,6111,2.16
211,6112,6112,2.1
212,6113,6113,2.35
213,6114,6115,2.1
214,6116,6137,2.16
215,6138,6158,1.0
216,6159,6159,2.1
217,6160,6160,1.0
218,6161,6161,2.1
219,6162,6162,1.0
220,6163,6163,2.1
221,6164,6179,1.0
222,6180,6180,2.1
223,6181,6181,2.51
224,6183,6183,1.0
225,6184,6184,2.1
226,6185,6187,1.0
227,6188,6188,2.1
228,6189,6195,1.0
229,6196,6196,2.1
230,6197,6205,1.0
231,6206,6206,2.3
232,6207,6207,1.0
233,6208,6208,2.1
234,6209,6210,1.0
235,6211,6211,2.1
236,6212,6216,1.0
237,6217,6217,2.1
238,6218,6224,1.0
239,6225,6230,2.0
240,6231,6269,1.0
241,6270,6319,2.0
242,6320,6498,2.1
243,6499,6500,2.2
244,6501,6501,2.1
245,6502,6502,2.15
246,6503,6540,2.1
247,6541,6541,4.3
248,6542,6599,2.1
249,6600,6600,2.15
250,6601,6692,2.1
251,6693,6703,2.2
252,6704,7005,2.1
253,7006,7006,2.15
254,7007,7056,2.1
255,7059,7101,2.2
256,7102,7107,2.3
257,7108,7117,2.2
258,7118,7121,2.3
259,7122,7123,2.2
260,7124,7125,2.35
261,7126,7157,2.2
262,7158,7158,2.3
263,7159,7359,2.2
264,7360,7443,2.25
265,7444,7564,2.2
266,7565,7565,2.51
267,7566,7566,2.2
268,7567,7567,2.4
269,7568,7798,2.2
270,7799,7799,2.3
271,7802,7862,2.2
272,7863,7885,2.28
273,7886,7893,2.4
274,7894,7951,2.3
275,7952,7957,2.4
276,7958,7958,2.3
277,7959,7963,2.4
278,7964,7967,2.3
279,7968,7968,3.0
280,7969,8051,2.3
281,8052,8110,2.35
282,8111,8111,2.45
283,8112,8115,2.35
284,8116,8116,2.45
285,8117,8118,2.35
286,8119,8119,2.45
287,8120,8123,2.35
288,8124,8124,2.45
289,8125,8127,2.35
290,8128,8128,2.45
291,8129,8134,2.35
292,8135,8156,2.3
293,8157,8163,2.35
294,8164,8164,2.45
295,8165,8173,2.3
296,8174,8180,2.35
297,8182,8188,2.3
298,8189,8189,2.35
299,8190,8199,2.3
300,8200,8200,2.4
301,8201,8205,2.3
302,8206,8206,3.25
303,8207,8207,2.3
304,8208,8208,2.35
305,8209,8218,2.3
306,8222,8222,2.35
307,8224,8561,2.3
308,8562,8562,2.35
309,8563,8567,2.3
310,8568,8569,2.35
311,8570,8572,2.3
312,8573,8573,3.05
313,8574,8574,3.0
314,8575,8575,2.45
315,8576,8581,2.35
316,8582,8648,2.4
317,8649,8659,2.38
318,8660,8668,2.4
319,8669,8702,2.45
320,8703,8716,2.38
321,8717,8717,2.4
322,8718,8720,2.38
323,8721,8721,2.45
324,8722,8724,2.38
325,8725,8725,2.45
326,8726,8726,2.38
327,8727,8731,3.0
328,8732,8733,2.38
329,8734,8734,2.5
330,8735,8736,3.4
331,8737,8737,2.5
332,8738,8738,3.1
333,8739,8739,2.5
334,8740,8740,3.1
335,8741,8741,2.5
336,8742,8742,3.1
337,8743,8744,2.38
338,8745,8745,2.45
339,8746,8747,4.1
340,8748,8748,2.45
341,8749,8749,3.1
342,8750,8750,2.45
343,8751,8751,3.1
344,8752,8784,2.4
345,8785,8785,2.5
346,8786,8790,2.4
347,8791,8792,2.45
348,8793,8798,2.4
349,8799,8802,2.45
350,8803,8803,3.07
351,8804,8804,2.45
352,8805,8809,2.4
353,8810,8810,2.45
354,8811,8821,2.4
355,8822,8822,3.07
356,8823,8828,2.45
357,8829,8829,3.07
358,8830,8830,2.45
359,8831,8836,2.4
360,8837,8838,2.5
361,8839,8840,3.0
362,8841,8841,2.4
363,8842,8843,3.05
364,8844,8875,2.5
365,8876,9031,2.4
366,9032,9035,2.5
367,9036,9047,2.4
368,9048,9051,2.5
369,9052,9057,2.4
370,9058,9061,2.5
371,9062,9067,2.4
372,9068,9071,2.5
373,9072,9077,2.4
374,9078,9092,2.5
375,9093,9267,2.4
376,9268,9282,2.45
377,9283,9289,2.4
378,9290,9290,2.45
379,9291,9317,2.4
380,9318,9321,2.45
381,9322,9344,2.4
382,9345,9345,2.45
383,9346,9350,2.4
384,9351,9351,2.51
385,9352,9372,2.4
386,9373,9373,2.5
387,9374,9375,2.4
388,9376,9376,2.5
389,9377,9378,2.4
390,9379,9379,2.5
391,9380,9461,2.4
392,9462,9463,3.0
393,9464,9464,3.1
394,9465,9465,3.2
395,9466,9466,3.3
396,9467,9490,2.4
397,9491,9559,2.45
398,9560,9629,2.51
399,9630,9644,3.05
400,9645,9668,3.0
401,9669,9669,3.3
402,9670,9700,3.0
403,9701,9701,3.3
404,9702,9716,3.0
405,9717,9724,2.5
406,9725,9725,2.55
407,9726,9737,2.5
408,9738,9738,2.51
409,9739,9740,2.5
410,9741,9742,2.51
411,9743,9771,2.5
412,9772,9853,2.51
413,9854,9854,3.25
414,9855,9856,2.51
415,9857,9857,3.25
416,9858,9859,2.51
417,9860,9860,3.25
418,9861,9862,2.51
419,9863,9863,3.25
420,9864,9865,2.51
421,9866,9866,3.25
422,9867,9868,2.51
423,9869,9869,3.25
424,9870,9871,2.51
425,9872,9872,3.25
426,9873,9874,2.51
427,9875,9875,3.25
428,9876,9877,2.51
429,9878,9878,3.25
430,9879,9880,2.51
431,9881,9881,3.25
432,9882,9885,2.51
433,9886,9886,3.25
434,9887,9890,2.51
435,9891,9891,3.25
436,9892,9893,2.51
437,9894,9894,3.25
438,9895,9900,2.51
439,9901,10004,2.5
440,10005,10024,2.51
441,10025,10025,3.0
442,10026,10031,2.51
443,10032,10041,2.5
444,10042,10046,2.51
445,10047,10050,2.5
446,10051,10051,2.51
447,10052,10053,2.5
448,10054,10066,2.51
449,10067,10070,2.55
450,10071,10073,2.5
451,10074,10074,3.0
452,10075,10075,3.01
453,10076,10076,2.5
454,10077,10077,2.55
455,10078,10079,2.51
456,10080,10082,2.5
457,10083,10085,2.51
458,10086,10086,2.5
459,10087,10087,2.55
460,10088,10089,2.51
461,10090,10093,2.5
462,10094,10095,2.51
463,10096,10096,2.5
464,10097,10098,2.51
465,10099,10110,2.5
466,10111,10111,2.55
467,10112,10124,2.5
468,10125,10125,2.51
469,10127,10127,2.5
470,10128,10131,2.51
471,10132,10146,2.5
472,10147,10151,2.51
473,10152,10154,2.5
474,10155,10179,3.0
475,10180,10306,3.05
476,10307,10308,3.0
477,10309,10309,3.05
478,10310,10310,3.0
479,10311,10311,3.05
480,10316,10321,3.07
481,10322,10324,3.0
482,10325,10327,3.05
483,10328,10328,3.5
484,10329,10331,3.0
485,10332,10333,3.07
486,10335,10373,3.0
487,10374,10385,3.05
488,10386,10675,3.0
489,10676,10676,3.05
490,10677,10682,3.0
491,10683,10683,3.05
492,10684,10689,3.0
493,10690,10690,3.05
494,10691,10696,3.0
495,10697,10697,3.05
496,10698,10703,3.0
497,10704,10704,3.05
498,10705,10710,3.0
499,10711,10711,3.05
500,10712,10717,3.0
501,10718,10718,3.05
502,10719,10724,3.0
503,10725,10725,3.05
504,10726,10731,3.0
505,10732,10732,3.05
506,10733,10738,3.0
507,10739,10739,3.05
508,10740,10745,3.0
509,10746,10746,3.05
510,10747,10752,3.0
511,10753,10753,3.05
512,10754,10759,3.0
513,10760,10760,3.05
514,10761,10766,3.0
515,10767,10767,3.05
516,10768,10773,3.0
517,10774,10774,3.05
518,10775,10780,3.0
519,10781,10781,3.05
520,10782,10787,3.0
521,10788,10788,3.05
522,10789,10794,3.0
523,10795,10795,3.05
524,10796,10801,3.0
525,10802,10802,3.05
526,10803,10808,3.0
527,10809,10809,3.05
528,10810,10815,3.0
529,10816,10816,3.05
530,10817,10822,3.0
531,10823,10823,3.05
532,10824,10829,3.0
533,10830,10830,3.05
534,10831,10836,3.0
535,10837,10837,3.05
536,10838,10843,3.0
537,10844,10844,3.05
538,10845,10850,3.0
539,10851,10851,3.05
540,10852,10857,3.0
541,10858,10858,3.05
542,10859,10864,3.0
543,10865,10865,3.05
544,10866,10871,3.0
545,10872,10872,3.05
546,10873,10878,3.0
547,10879,10879,3.05
548,10880,10885,3.0
549,10886,10886,3.05
550,10887,10892,3.0
551,10893,10893,3.05
552,10894,10899,3.0
553,10900,10900,3.05
554,10901,10906,3.0
555,10907,10907,3.05
556,10908,10913,3.0
557,10914,10914,3.05
558,10915,10920,3.0
559,10921,10921,3.05
560,10922,10927,3.0
561,10928,10928,3.05
562,10929,10934,3.0
563,10935,10935,3.05
564,10936,10941,3.0
565,10942,10942,3.05
566,10943,10948,3.0
567,10949,10949,3.05
568,10950,10955,3.0
569,10956,10956,3.05
570,10957,10962,3.0
571,10963,10963,3.05
572,10964,11447,3.0
573,11448,11509,3.01
574,11510,11585,3.05
575,11586,11737,3.0
576,11738,11870,3.05
577,11871,11917,3.0
578,11918,11918,3.05
579,11919,11921,3.0
580,11922,11922,3.05
581,11923,11925,3.0
582,11926,11926,3.05
583,11927,11929,3.0
584,11930,11930,3.05
585,11931,11933,3.0
586,11934,11934,3.05
587,11935,11937,3.0
588,11938,11938,3.05
589,11939,11941,3.0
590,11942,11942,3.05
591,11943,11945,3.0
592,11946,11946,3.05
593,11947,11949,3.0
594,11950,11950,3.05
595,11951,11953,3.0
596,11954,11954,3.05
597,11955,11971,3.0
598,11972,11972,3.05
599,11973,11999,3.0
600,12000,12000,3.05
601,12001,12012,3.0
602,12013,12013,3.05
603,12014,12015,3.0
604,12016,12016,3.05
605,12017,12018,3.0
606,12019,12019,3.05
607,12020,12021,3.0
608,12022,12022,3.05
609,12023,12024,3.0
610,12025,12025,3.05
611,12026,12027,3.0
612,12028,12028,3.05
613,12029,12030,3.0
614,12031,12031,3.05
615,12032,12033,3.0
616,12034,12034,3.05
617,12035,12039,3.0
618,12040,12040,3.05
619,12041,12041,3.0
620,12042,12042,3.07
621,12044,12046,3.0
622,12047,12047,3.01
623,12048,12049,3.0
624,12050,12050,3.1
625,12051,12059,3.0
626,12060,12060,3.05
627,12061,12061,3.0
628,12062,12062,3.01
629,12063,12064,3.0
630,12065,12065,3.07
631,12066,12069,3.0
632,12071,12071,3.1
633,12072,12075,3.0
634,12076,12076,3.05
635,12077,12092,3.0
636,12093,12093,3.07
637,12094,12103,3.0
638,12104,12104,3.01
639,12105,12105,3.05
640,12106,12106,3.01
641,12107,12107,3.05
642,12108,12123,3.0
643,12124,12124,3.15
644,12125,12132,3.0
645,12133,12133,3.15
646,12134,12141,3.0
647,12142,12142,3.15
648,12143,12150,3.0
649,12151,12151,3.15
650,12152,12159,3.0
651,12160,12160,3.15
652,12161,12168,3.0
653,12169,12169,3.15
654,12170,12177,3.0
655,12178,12178,3.15
656,12179,12186,3.0
657,12187,12187,3.15
658,12188,12195,3.0
659,12196,12196,3.15
660,12197,12204,3.0
661,12205,12205,3.15
662,12206,12212,3.0
663,12213,12213,3.15
664,12214,12253,3.0
665,12254,12254,3.01
666,12255,12255,3.05
667,12256,12279,3.0
668,12280,12355,3.05
669,12356,12511,3.0
670,12513,12517,3.05
671,12518,12522,3.0
672,12523,12523,3.05
673,12524,12526,3.0
674,12527,12527,3.05
675,12528,12566,3.0
676,12567,12567,3.05
677,12568,12572,3.0
678,12573,12573,3.05
679,12574,12583,3.0
680,12584,12584,3.05
681,12585,12592,3.0
682,12593,12593,3.05
683,12594,12616,3.0
684,12617,12621,3.05
685,12622,12632,3.0
686,12633,12633,3.05
687,12634,12651,3.0
688,12652,12652,3.01
689,12653,12673,3.0
690,12674,12680,3.01
691,12681,12684,3.05
692,12698,12710,3.0
693,12711,12712,3.07
694,12713,12837,3.0
695,12838,12838,3.05
696,12839,12839,3.3
697,12840,12840,3.05
698,12841,12929,3.0
699,12931,12935,3.05
700,12936,12945,3.0
701,12946,12965,3.05
702,12966,12973,3.0
703,12974,12984,3.05
704,12985,12989,3.0
705,12990,12990,3.07
706,12991,13003,3.0
707,13004,13004,1.0
708,13005,13052,3.05
709,13055,13058,3.1
710,13059,13061,3.2
711,13062,13063,3.07
712,13064,13078,3.1
713,13079,13079,3.07
714,13080,13083,3.15
715,13084,13084,3.1
716,13085,13089,3.2
717,13090,13097,3.1
718,13098,13102,3.07
719,13104,13104,3.25
720,13111,13113,3.07
721,13114,13222,3.1
722,13223,13236,3.15
723,13237,13284,3.1
724,13285,13285,3.2
725,13286,13297,3.1
726,13298,13299,3.15
727,13300,13320,3.2
728,13321,13334,3.1
729,13335,13337,3.25
730,13339,13339,3.45
731,13341,13342,3.25
732,13354,13566,3.1
733,13567,13624,3.15
734,13625,13631,3.1
735,13632,13636,3.15
736,13637,13638,3.1
737,13639,13639,3.2
738,13640,13708,3.1
739,13709,13710,3.4
740,13711,13717,3.1
741,13718,13719,4.1
742,13720,13723,3.1
743,13724,13725,3.2
744,13726,13740,3.1
745,13741,13741,3.2
746,13742,13775,3.1
747,13776,13789,3.25
748,13790,13877,3.2
749,13878,13891,3.55
750,13892,13926,3.3
751,13987,13990,3.15
752,13991,13991,4.0
753,14003,14006,3.2
754,14007,14013,3.3
755,14014,14053,3.2
756,14054,14054,3.25
757,14055,14057,3.3
758,14058,14070,3.2
759,14071,14079,3.3
760,14080,14083,3.2
761,14084,14084,3.25
762,14085,14103,3.2
763,14104,14105,3.3
764,14106,14164,3.2
765,14171,14175,3.4
766,14176,14840,3.2
767,14841,14849,3.3
768,14850,14853,3.2
769,14854,14860,3.4
770,14861,14867,3.25
771,14868,14869,3.2
772,14870,14883,3.25
773,14884,14898,3.2
774,14899,14899,3.25
775,14900,14903,3.2
776,14904,14923,3.25
777,14924,14944,3.2
778,14945,14954,3.4
779,14955,14957,3.2
780,14958,14958,3.25
781,14959,14981,3.2
782,14982,14983,3.5
783,15095,15095,3.4
784,15096,15096,3.5
785,15097,15112,3.2
786,15115,15129,3.25
787,15130,15143,3.3
788,15144,15144,4.5
789,15145,15155,3.3
790,15156,15156,3.35
791,15157,15161,3.3
792,15162,15162,5.0
793,15163,15163,3.35
794,15164,15166,3.3
795,15167,15222,3.35
796,15223,15236,3.3
797,15237,15250,3.45
798,15251,15264,3.5
799,15265,15265,3.3
800,15266,15266,3.35
801,15267,15283,3.3
802,15284,15284,3.4
803,15285,15285,3.5
804,15286,15286,3.55
805,15287,15287,3.3
806,15288,15288,3.4
807,15289,15289,3.5
808,15290,15290,3.55
809,15291,15291,3.3
810,15292,15292,3.4
811,15293,15293,3.5
812,15294,15294,3.55
813,15295,15295,3.3
814,15296,15296,3.4
815,15297,15297,3.5
816,15298,15298,3.55
817,15299,15299,3.3
818,15300,15300,3.4
819,15301,15301,3.5
820,15302,15302,3.55
821,15303,15421,3.3
822,15422,15422,3.35
823,15423,15423,3.3
824,15424,15425,3.35
825,15427,15427,3.3
826,15428,15428,3.5
827,15429,15429,3.3
828,15430,15431,3.35
829,15432,15433,3.3
830,15434,15434,3.35
831,15435,15440,3.3
832,15441,15441,3.55
833,15442,15442,3.3
834,15443,15443,3.35
835,15444,15445,3.3
836,15446,15446,3.35
837,15447,15447,3.3
838,15448,15448,3.35
839,15449,15449,4.4
840,15450,15461,3.3
841,15462,15466,3.4
842,15467,15471,3.35
843,15472,15475,3.3
844,15476,15477,3.4
845,15478,15479,3.3
846,15480,15481,3.55
847,15482,15486,4.1
848,15487,15491,3.5
849,15495,15504,3.4
850,15505,15583,3.3
851,15584,15611,3.4
852,15612,15614,3.35
853,15615,15638,3.3
854,15639,15644,3.4
855,15645,15771,3.3
856,15772,15778,3.4
857,15779,15779,3.3
858,15780,15780,3.4
859,15781,15781,3.5
860,15782,15782,3.55
861,15783,15783,3.3
862,15784,15784,3.4
863,15785,15785,3.5
864,15786,15786,3.55
865,15787,15787,3.3
866,15788,15788,3.4
867,15789,15789,3.5
868,15790,15790,3.55
869,15791,15791,3.3
870,15792,15792,3.4
871,15793,15793,3.5
872,15794,15794,3.55
873,15795,15795,3.3
874,15796,15796,3.4
875,15797,15797,3.5
876,15798,15798,3.55
877,15799,15810,3.3
878,15811,15812,3.35
879,15813,15841,3.3
880,15842,15844,3.35
881,15854,15872,3.3
882,15873,15892,3.4
883,15893,15918,3.3
884,15919,15920,3.57
885,15921,15932,3.3
886,15933,15933,3.35
887,15934,15934,4.1
888,15935,15936,3.3
889,15938,15944,3.35
890,15945,15945,3.3
891,15946,15946,3.35
892,15947,15949,3.3
893,15950,15956,3.4
894,15957,15963,3.5
895,15964,15965,3.4
896,15966,15966,3.45
897,15967,15977,3.4
898,15978,15978,3.45
899,15979,15984,3.4
900,15985,15987,3.45
901,15988,15991,3.4
902,15992,16001,3.45
903,16002,16002,3.4
904,16003,16008,3.45
905,16009,16009,3.4
906,16010,16010,3.45
907,16013,16026,3.4
908,16027,16027,3.5
909,16028,16030,3.4
910,16031,16039,4.0
911,16040,16040,3.4
912,16041,16041,4.05
913,16042,16048,3.5
914,16049,16049,3.4
915,16050,16063,3.55
916,16064,16064,3.45
917,16065,16066,3.4
918,16067,16145,3.5
919,16147,16151,3.35
920,16152,16165,3.4
921,16166,16169,3.45
922,16170,16558,3.4
923,16559,16560,3.5
924,16561,16561,4.1
925,16562,16564,3.4
926,16565,16567,3.5
927,16568,16575,3.4
928,16578,16587,4.2
929,16588,16595,4.1
930,16596,16611,3.4
931,16612,16612,3.45
932,16613,16613,3.4
933,16614,16615,3.45
934,16616,16735,3.4
935,16736,16741,3.45
936,16742,16771,3.4
937,16772,16775,3.5
938,16776,16776,3.55
939,16777,16777,3.45
940,16778,16796,3.4
941,16797,16798,3.45
942,16799,16811,3.4
943,16812,16815,3.45
944,16816,16828,3.4
945,16829,16830,3.45
946,16831,16911,3.4
947,16912,16925,3.45
948,16926,16929,3.4
949,16930,16930,3.5
950,16931,16931,4.1
951,16932,16933,3.5
952,16934,16934,3.55
953,16935,16985,3.5
954,16986,16999,3.55
955,17000,17000,3.5
956,17002,17002,4.1
957,17003,17041,3.5
958,17042,17042,3.55
959,17043,17136,3.5
960,17137,17137,4.0
961,17138,17164,3.5
962,17165,17243,3.56
963,17244,17342,3.55
964,17343,17469,3.5
965,17470,17470,4.3
966,17471,17474,3.55
967,17476,17490,3.5
968,17491,17494,3.56
969,17495,17499,3.5
970,17500,17521,3.55
971,17522,17523,3.5
972,17524,17524,3.55
973,17525,17527,3.5
974,17528,17528,3.55
975,17529,17548,3.5
976,17549,17571,3.55
977,17572,17574,3.5
978,17575,17575,3.55
979,17576,17576,3.56
980,17577,17593,3.5
981,17594,17594,3.55
982,17595,17603,3.5
983,17604,17617,4.1
984,17618,17625,3.5
985,17626,17626,3.55
986,17627,17629,3.56
987,17630,17656,3.5
988,17657,17662,3.55
989,17663,17664,3.5
990,17665,17678,3.55
991,17679,17683,3.5
992,17684,17684,3.55
993,17685,17686,3.5
994,17687,17687,3.55
995,17688,17688,3.5
996,17689,17689,3.55
997,17690,17717,3.5
998,17718,17722,4.5
999,17723,17725,3.55
1000,17726,17726,4.0
1001,17727,17730,3.55
1002,17731,17739,4.1
1003,17740,17843,4.0
1004,17844,17846,4.05
1005,17847,17860,4.0
1006,17861,17863,4.05
1007,17864,17865,4.0
1008,17868,17876,4.05
1009,17877,17962,4.0
1010,17963,17963,4.1
1011,17965,17965,4.0
1012,17966,17966,4.05
1013,17967,17974,4.0
1014,17975,17976,4.05
1015,17977,17977,4.0
1016,17978,17978,4.05
1017,17979,17980,4.0
1018,17981,17981,4.1
1019,17982,17995,4.0
1020,17996,18005,4.05
1021,18006,18968,4.0
1022,18969,19046,4.05
1023,19047,19103,4.0
1024,19104,19107,4.05
1025,19108,19108,4.01
1026,19109,19110,4.0
1027,19111,19117,4.01
1028,19118,19121,4.05
1029,19122,19122,4.01
1030,19123,19202,4.0
1031,19203,19436,4.05
1032,19437,19498,4.01
1033,19499,19505,4.05
1034,19506,19589,4.0
1035,19590,19600,4.01
1036,19601,19611,4.1
1037,19612,19661,4.0
1038,19662,19716,4.01
1039,19717,19726,4.1
1040,19727,19756,4.0
1041,19757,19766,4.1
1042,19767,19769,4.0
1043,19770,19770,4.1
1044,19771,19809,4.0
1045,19810,19810,4.05
1046,19811,19817,4.0
1047,19818,19818,4.05
1048,19819,19835,4.0
1049,19836,19836,4.05
1050,19837,19839,4.0
1051,19840,19840,4.05
1052,19841,19875,4.0
1053,19876,19876,4.05
1054,19877,19895,4.0
1055,19896,19900,4.05
1056,19901,19928,4.0
1057,19929,19929,4.05
1058,19930,19934,4.0
1059,19935,19935,4.05
1060,19936,19947,4.0
1061,19948,19949,4.05
1062,19950,19959,4.0
1063,19960,19961,4.05
1064,19962,19989,4.0
1065,19990,19990,4.05
1066,19991,19991,4.0
1067,19992,19992,4.05
1068,19993,19997,4.0
1069,19998,19998,4.05
1070,19999,20004,4.0
1071,20005,20005,4.05
1072,20006,20260,4.0
1073,20261,20271,4.05
1074,20272,20303,4.0
1075,20304,20304,4.05
1076,20305,20305,4.15
1077,20306,20309,4.0
1078,20310,20310,4.1
1079,20311,20439,4.0
1080,20440,20441,4.1
1081,20442,20474,4.0
1082,20475,20478,4.05
1083,20479,20488,4.2
1084,20489,20531,4.0
1085,20532,20532,4.05
1086,20533,20533,4.0
1087,20534,20534,4.05
1088,20535,20535,4.2
1089,20536,20536,4.0
1090,20537,20537,4.05
1091,20538,20542,4.0
1092,20543,20543,4.01
1093,20544,20547,4.0
1094,20548,20548,4.05
1095,20549,20555,4.0
1096,20556,20556,4.05
1097,20557,20562,4.0
1098,20563,20563,4.2
1099,20564,20566,4.05
1100,20567,20567,4.2
1101,20568,20621,4.0
1102,20622,20625,4.05
1103,20627,20627,4.0
1104,20628,20636,4.05
1105,20637,20639,4.0
1106,20640,20640,4.3
1107,20641,20641,4.2
1108,20642,20674,4.0
1109,20675,20676,4.01
1110,20677,20677,4.0
1111,20678,20679,4.15
1112,20680,20745,4.1
1113,20746,20746,4.2
1114,20747,20817,4.1
1115,20818,20818,4.11
1116,20819,20922,4.1
1117,20931,20932,4.55
1118,20943,20958,4.1
1119,20959,20974,4.11
1120,20975,21026,4.1
1121,21027,21032,4.15
1122,21033,21034,4.1
1123,21035,21035,4.25
1124,21042,21048,4.1
1125,21049,21049,4.2
1126,21050,21050,4.1
1127,21051,21051,4.15
1128,21052,21060,4.1
1129,21061,21061,4.5
1130,21062,21188,4.1
1131,21189,21190,4.2
1132,21191,21191,4.25
1133,21192,21192,4.15
1134,21193,21196,4.1
1135,21197,21197,4.11
1136,21198,21207,4.1
1137,21208,21273,4.2
1138,21274,21276,4.1
1139,21277,21277,4.15
1140,21278,21306,4.1
1141,21307,21307,4.15
1142,21308,21316,4.4
1143,21317,21320,4.1
1144,21321,21800,4.2
1145,21801,21803,4.25
1146,21804,21813,4.2
1147,21814,21814,4.45
1148,21815,21830,4.2
1149,21831,21832,4.25
1150,21833,21836,4.2
1151,21838,21838,4.3
1152,21839,21851,4.2
1153,21852,21852,4.25
1154,21854,21869,4.2
1155,21870,21870,4.25
1156,21871,21873,4.2
1157,21874,21874,4.25
1158,21875,21901,4.2
1159,21902,21902,4.3
1160,21903,21906,4.2
1161,21907,21907,4.25
1162,21908,21909,4.2
1163,21910,21910,4.4
1164,21911,21914,4.2
1165,21915,21915,4.3
1166,21916,21916,4.2
1167,21917,21919,4.25
1168,21920,21941,4.2
1169,21942,22306,4.25
1170,22307,22356,4.2
1171,22357,22357,6.35
1172,22358,22360,4.25
1173,22361,22366,4.2
1174,22367,22376,4.3
1175,22377,22404,4.2
1176,22405,22405,4.5
1177,22406,22406,5.1
1178,22407,22410,4.5
1179,22411,22451,4.2
1180,22452,22456,4.25
1181,22457,22458,4.45
1182,22459,22459,4.2
1183,22460,22460,4.3
1184,22461,22461,4.25
1185,22462,22478,4.2
1186,22479,22480,4.25
1187,22481,22498,4.2
1188,22499,22499,4.25
1189,22500,22507,4.2
1190,22508,22519,4.25
1191,22520,22521,4.3
1192,22522,22522,4.25
1193,22525,22531,4.3
1194,22532,22532,4.35
1195,22533,22537,4.3
1196,22538,22541,4.35
1197,22542,22542,4.36
1198,22543,22560,4.3
1199,22561,22561,4.36
1200,22562,22564,4.3
1201,22565,22565,4.31
1202,22566,22566,4.35
1203,22567,22570,4.3
1204,22571,22571,4.36
1205,22572,22578,4.3
1206,22579,22579,4.35
1207,22580,22580,4.3
1208,22581,22582,4.35
1209,22583,22583,4.36
1210,22584,22598,4.3
1211,22599,22615,4.36
1212,22616,22745,4.3
1213,22746,22747,4.5
1214,22748,22867,4.3
1215,22868,22883,4.31
1216,22884,22924,4.3
1217,22925,22976,4.36
1218,22977,22996,4.35
1219,22997,23000,4.36
1220,23001,23002,4.3
1221,23003,23012,4.4
1222,23013,23020,4.3
1223,23021,23021,4.4
1224,23022,23022,4.3
1225,23023,23024,4.35
1226,23025,23026,4.3
1227,23027,23028,4.36
1228,23029,23029,4.35
1229,23030,23032,4.3
1230,23033,23033,4.35
1231,23034,23037,4.3
1232,23038,23042,4.4
1233,23043,23043,4.3
1234,23044,23045,4.35
1235,23046,23046,4.36
1236,23047,23047,4.3
1237,23048,23048,4.35
1238,23049,23050,4.36
1239,23051,23075,4.3
1240,23076,23096,4.4
1241,23097,23119,4.3
1242,23120,23123,4.31
1243,23124,23124,4.3
1244,23125,23125,6.3
1245,23126,23142,4.36
1246,23143,23162,4.3
1247,23163,23164,4.35
1248,23165,23165,4.3
1249,23166,23166,4.35
1250,23167,23174,4.3
1251,23175,23175,4.31
1252,23176,23176,4.3
1253,23177,23177,4.35
1254,23178,23210,4.3
1255,23213,23219,4.36
1256,23220,23222,4.3
1257,23223,23225,4.35
1258,23226,23226,4.3
1259,23227,23228,4.35
1260,23229,23229,4.36
1261,23230,23308,4.3
1262,23309,23309,4.36
1263,23310,23314,4.5
1264,23315,23317,4.3
1265,23318,23320,4.35
1266,23321,23341,4.3
1267,23342,23359,4.36
1268,23360,23360,4.3
1269,23361,23362,4.4
1270,23363,23363,4.5
1271,23364,23364,4.3
1272,23365,23365,4.35
1273,23366,23366,4.36
1274,23367,23367,4.3
1275,23369,23369,4.35
1276,23370,23376,4.3
1277,23377,23379,4.36
1278,23380,23380,4.3
1279,23381,23381,4.35
1280,23382,23382,4.3
1281,23383,23393,4.36
1282,23394,23857,4.4
1283,23858,23858,4.45
1284,23859,23865,4.4
1285,23866,23866,5.1
1286,23867,23880,4.4
1287,23881,23882,4.45
1288,23883,23887,4.4
1289,23888,23890,4.45
1290,23891,23906,4.4
1291,23907,23907,4.45
1292,23908,23911,4.4
1293,23912,23913,4.45
1294,23914,23914,4.4
1295,23915,23915,4.45
1296,23916,23981,4.4
1297,23982,23982,5.0
1298,23983,23983,4.5
1299,23984,23986,4.4
1300,23987,23988,4.5
1301,23989,23991,4.4
1302,23992,23992,5.0
1303,23993,23994,4.4
1304,23995,23996,4.5
1305,23997,23999,4.4
1306,24000,24001,4.45
1307,24002,24006,4.4
1308,24007,24142,4.45
1309,24143,24143,4.4
1310,24144,24144,4.45
1311,24145,24147,4.4
1312,24148,24157,5.0
1313,24158,24162,4.4
1314,24163,24163,4.45
1315,24164,24164,4.56
1316,24165,24218,4.4
1317,24219,24219,4.45
1318,24220,24221,4.5
1319,24222,24222,4.4
1320,24224,24224,4.45
1321,24225,24225,6.0
1322,24226,24232,4.4
1323,24233,24233,4.45
1324,24234,24234,4.4
1325,24235,24235,5.2
1326,24236,24239,5.1
1327,24240,24265,4.4
1328,24266,24273,5.05
1329,24274,24282,4.4
1330,24283,24283,4.45
1331,24284,24284,4.4
1332,24285,24287,4.45
1333,24288,24311,4.4
1334,24312,24313,4.45
1335,24314,24315,4.5
1336,24316,24338,4.4
1337,24339,24339,4.45
1338,24340,24342,4.4
1339,24343,24343,4.45
1340,24344,24347,4.5
1341,24348,24367,5.05
1342,24368,24487,4.5
1343,24488,24488,4.55
1344,24489,24534,4.5
1345,24535,24535,4.55
1346,24536,24536,4.5
1347,24537,24537,4.56
1348,24538,24593,4.5
1349,24594,24598,4.56
1350,24599,24607,4.5
1351,24608,24611,4.56
1352,24612,24615,4.5
1353,24617,24621,4.56
1354,24622,24623,4.5
1355,24624,24624,4.56
1356,24625,24625,4.5
1357,24626,24626,4.55
1358,24627,24628,4.5
1359,24629,24629,5.0
1360,24630,24631,4.55
1361,24632,24633,5.0
1362,24634,24634,4.5
1363,24635,24635,4.55
1364,24636,24636,4.5
1365,24637,24638,4.56
1366,24639,24639,4.5
1367,24640,24640,4.55
1368,24641,24641,4.56
1369,24642,24642,4.5
1370,24643,24792,4.55
1371,24794,24794,4.56
1372,24796,24799,4.5
1373,24800,24800,4.56
1374,24801,24801,4.5
1375,24802,24802,4.56
1376,24803,24805,4.5
1377,24806,24820,4.55
1378,24821,24831,4.5
1379,24832,24858,4.55
1380,24859,24869,4.5
1381,24870,24871,4.55
1382,24872,24872,4.5
1383,24873,24873,4.55
1384,24874,24876,4.5
1385,24877,24877,4.56
1386,24878,24879,4.5
1387,24880,24880,4.56
1388,24881,24900,4.5
1389,24901,24901,4.56
1390,24902,24903,4.5
1391,24904,24907,4.55
1392,24908,24908,4.5
1393,24909,24909,4.56
1394,24910,24989,4.5
1395,24990,24995,4.56
1396,24996,24998,4.55
1397,24999,25000,4.5
1398,25001,25001,4.55
1399,25002,25002,4.5
1400,25003,25004,5.2
1401,25005,25006,4.5
1402,25007,25007,4.56
1403,25008,25037,4.5
1404,25038,25053,5.4
1405,25054,25056,4.5
1406,25057,25057,5.0
1407,25058,25066,4.5
1408,25067,25069,4.55
1409,25070,25077,4.5
1410,25078,25083,4.56
1411,25084,25086,4.5
1412,25180,25467,5.0
1413,25468,25627,5.05
1414,25628,26427,5.0
1415,26428,26532,5.05
1416,26533,26778,5.0
1417,26779,26779,5.05
1418,26780,26781,5.0
1419,26782,26782,5.05
1420,26783,26784,5.0
1421,26785,26785,5.05
1422,26786,26786,5.2
1423,26787,26788,5.0
1424,26789,26789,5.05
1425,26790,26794,5.0
1426,26795,26795,5.01
1427,26796,26801,5.0
1428,26802,26802,5.05
1429,26803,26810,5.0
1430,26811,26818,5.05
1431,26819,26891,5.0
1432,26892,26902,5.05
1433,26903,26934,5.0
1434,26935,27014,5.05
1435,27015,27076,5.01
1436,27077,27286,5.0
1437,27287,27287,5.05
1438,27288,27291,5.0
1439,27292,27293,5.05
1440,27294,27305,5.0
1441,27306,27311,5.05
1442,27312,27392,5.0
1443,27393,27399,5.01
1444,27400,27403,5.05
1445,27404,27404,5.01
1446,27405,27408,5.05
1447,27409,27409,5.01
1448,27410,27693,5.0
1449,27694,27695,5.05
1450,27696,27715,5.0
1451,27716,27719,5.05
1452,27720,27736,5.0
1453,27737,27737,5.05
1454,27738,27742,5.0
1455,27743,27744,5.05
1456,27745,27759,5.0
1457,27760,27760,5.05
1458,27761,27761,5.0
1459,27762,27762,5.05
1460,27763,27790,5.0
1461,27791,27796,5.05
1462,27797,27843,5.0
1463,27844,27848,5.05
1464,27849,27882,5.0
1465,27883,27892,5.05
1466,27893,27914,5.0
1467,27915,27916,5.01
1468,27917,27917,5.0
1469,27918,27918,5.05
1470,27919,27920,4.56
1471,27921,27937,5.0
1472,27938,27939,5.05
1473,27940,27955,5.0
1474,27956,27956,5.05
1475,27957,27975,5.0
1476,27976,27977,5.05
1477,27978,27983,5.0
1478,27984,27984,5.05
1479,27985,27990,5.0
1480,27991,27991,5.05
1481,27992,27994,5.0
1482,27995,27999,5.05
1483,28061,28061,5.01
1484,28062,28062,5.0
1485,28063,28072,5.1
1486,28073,28078,5.2
1487,28079,28079,5.18
1488,28080,28080,5.2
1489,28081,28115,5.1
1490,28116,28116,5.15
1491,28117,28117,5.1
1492,28118,28118,5.18
1493,28119,28119,5.2
1494,28120,28120,5.15
1495,28121,28121,5.1
1496,28122,28122,5.2
1497,28123,28123,5.1
1498,28124,28125,5.21
1499,28126,28136,5.1
1500,28137,28137,5.2
1501,28139,28147,5.1
1502,28148,28148,5.15
1503,28149,28149,5.1
1504,28150,28150,5.15
1505,28151,28156,5.1
1506,28157,28157,5.4
1507,28158,28158,5.1
1508,28160,28161,5.15
1509,28162,28186,5.1
1510,28187,28187,5.2
1511,28188,28188,5.3
1512,28189,28481,5.1
1513,28492,28496,5.15
1514,28501,28507,5.1
1515,28508,28508,5.2
1516,28509,28555,5.1
1517,28556,28557,5.4
1518,28558,28594,5.1
1519,28595,28599,5.2
1520,28600,28610,5.4
1521,28612,28612,5.1
1522,28613,28613,5.15
1523,28614,28622,5.1
1524,28623,28623,5.15
1525,28624,28627,5.1
1526,28628,28628,5.21
1527,28629,28634,5.1
1528,28635,28635,5.15
1529,28636,28641,5.1
1530,28642,28647,5.15
1531,28648,28650,5.1
1532,28651,28651,5.4
1533,28652,28889,5.1
1534,28890,28891,5.15
1535,28892,28895,5.1
1536,28896,28896,5.5
1537,28897,28924,5.1
1538,28925,28962,5.2
1539,28963,28964,5.21
1540,28965,28967,5.2
1541,28968,28968,5.25
1542,28969,28970,5.2
1543,28971,28971,5.21
1544,28972,28972,5.2
1545,28973,28973,5.25
1546,28974,28977,5.2
1547,28978,28978,5.25
1548,28979,28979,5.21
1549,28980,28981,5.2
1550,28982,28982,5.25
1551,28983,28988,5.2
1552,28989,28989,5.21
1553,28990,28994,5.2
1554,28995,28995,5.21
1555,28996,29402,5.2
1556,29403,29403,5.21
1557,29404,29611,5.2
1558,29612,29680,5.25
1559,29681,29706,5.2
1560,29707,29707,5.21
1561,29708,29791,5.2
1562,29792,29947,5.21
1563,29948,29979,5.2
1564,29980,29982,5.15
1565,29983,29991,5.2
1566,29992,29992,5.21
1567,29993,29993,5.25
1568,29994,30033,5.21
1569,30034,30046,5.2
1570,30047,30054,5.21
1571,30055,30088,5.2
1572,30089,30089,5.21
1573,30090,30093,5.2
1574,30094,30095,5.21
1575,30096,30098,5.2
1576,30099,30099,5.4
1577,30100,30100,5.21
1578,30101,30101,5.2
1579,30102,30102,5.35
1580,30103,30103,5.2
1581,30104,30104,5.21
1582,30105,30109,5.2
1583,30110,30130,5.21
1584,30131,30135,5.2
1585,30136,30245,5.25
1586,30246,30258,5.2
1587,30259,30262,5.21
1588,30263,30266,5.2
1589,30267,30267,5.21
1590,30268,30268,5.2
1591,30269,30271,5.21
1592,30272,30272,5.2
1593,30273,30273,5.25
1594,30274,30277,5.2
1595,30278,30281,5.21
1596,30282,30340,5.35
1597,30341,30341,5.3
1598,30342,30361,5.35
1599,30362,30362,5.3
1600,30363,30363,5.35
1601,30364,30412,5.3
1602,30413,30418,5.31
1603,30419,30423,5.35
1604,30424,30594,5.3
1605,30595,30595,5.5
1606,30596,30714,5.3
1607,30715,30749,5.35
1608,30750,30758,5.3
1609,30759,30761,5.41
1610,30762,30766,5.31
1611,30767,30802,5.35
1612,30803,30860,5.3
1613,30861,30861,5.35
1614,30862,30862,5.31
1615,30863,30869,5.3
1616,30870,30870,5.35
1617,30871,30871,5.31
1618,30872,30874,5.3
1619,30875,30875,5.31
1620,30876,30876,5.35
1621,30877,30883,5.3
1622,30884,30969,5.35
1623,30970,31100,5.3
1624,31101,31135,5.35
1625,31136,31183,5.3
1626,31184,31319,5.31
1627,31320,31323,5.3
1628,31324,31325,5.31
1629,31326,31326,5.35
1630,31327,31328,5.31
1631,31329,31338,5.3
1632,31339,31339,5.41
1633,31340,31340,5.3
1634,31341,31341,5.31
1635,31342,31343,5.3
1636,31344,31345,5.35
1637,31346,31350,5.3
1638,31351,31393,5.35
1639,31394,31397,5.3
1640,31398,31398,5.4
1641,31399,31399,5.5
1642,31400,31400,5.3
1643,31401,31401,5.31
1644,31402,31402,5.35
1645,31403,31403,5.41
1646,31404,31405,5.3
1647,31406,31406,5.31
1648,31407,31407,5.35
1649,31408,31572,5.3
1650,31573,31576,5.35
1651,31577,31577,5.3
1652,31578,31630,5.31
1653,31631,31648,5.35
1654,31649,31663,5.3
1655,31664,31669,5.35
1656,31670,31673,5.3
1657,31674,31675,5.31
1658,31676,31681,5.3
1659,31682,31683,5.4
1660,31684,31713,5.3
1661,31714,31771,5.41
1662,31772,31912,5.4
1663,31913,32048,5.41
1664,32049,32161,5.4
1665,32162,32201,5.41
1666,32202,32209,5.4
1667,32210,32211,5.41
1668,32212,32212,5.4
1669,32213,32213,5.41
1670,32214,32214,5.4
1671,32215,32218,5.41
1672,32219,32219,5.4
1673,32220,32220,5.5
1674,32221,32224,5.4
1675,32225,32226,5.41
1676,32227,32228,5.4
1677,32229,32229,5.41
1678,32230,32237,5.4
1679,32238,32238,6.0
1680,32239,32240,5.41
1681,32241,32249,5.4
1682,32250,32251,5.41
1683,32252,32639,5.4
1684,32640,32797,5.41
1685,32798,32803,5.4
1686,32804,32805,6.0
1687,32806,32823,5.4
1688,32824,32824,5.41
1689,32825,32825,5.4
1690,32826,32827,5.41
1691,32828,32828,5.55
1692,32829,32829,5.41
1693,32830,32830,5.4
1694,32831,32835,5.41
1695,32836,32837,5.4
1696,32838,32838,5.5
1697,32839,32839,5.4
1698,32840,32841,5.41
1699,32842,32842,6.0
1700,32843,32845,5.4
1701,32846,32846,5.41
1702,32847,32849,5.4
1703,32850,32850,5.5
1704,32851,32851,6.0
1705,32852,32854,5.5
1706,32855,32855,5.41
1707,32856,32856,5.4
1708,32857,32857,5.41
1709,32858,32865,5.4
1710,32866,32869,5.41
1711,32870,32870,6.0
1712,32871,32874,5.41
1713,32875,32881,5.4
1714,32882,32933,5.41
1715,32934,32955,5.4
1716,32956,32960,5.41
1717,32961,33013,5.4
1718,33014,33014,5.41
1719,33015,33015,5.4
1720,33016,33020,5.41
1721,33021,33036,5.4
1722,33037,33037,5.41
1723,33038,33038,5.4
1724,33039,33039,5.41
1725,33040,33042,5.4
1726,33043,33109,5.41
1727,33110,33110,5.4
1728,33111,33114,5.41
1729,33115,33125,5.4
1730,33126,33128,5.41
1731,33129,33135,5.4
1732,33136,33137,5.41
1733,33139,33143,5.4
1734,33144,33144,5.41
1735,33145,33153,5.4
1736,33154,33238,5.5
1737,33239,33244,5.55
1738,33245,33253,5.5
1739,33254,33254,5.55
1740,33255,33256,5.5
1741,33257,33259,5.55
1742,33260,33264,5.5
1743,33265,33265,5.55
1744,33266,33270,5.5
1745,33271,33271,5.55
1746,33272,33280,5.5
1747,33281,33285,5.55
1748,33286,33290,5.5
1749,33291,33291,5.55
1750,33292,33293,5.5
1751,33294,33297,5.55
1752,33298,33334,5.5
1753,33335,33337,5.55
1754,33338,33339,5.5
1755,33340,33340,5.55
1756,33341,33341,5.5
1757,33354,33355,6.0
1758,33356,33461,5.5
1759,33462,33479,5.55
1760,33480,33612,5.5
1761,33613,33647,5.55
1762,33648,33671,5.5
1763,33672,33672,5.55
1764,33673,33675,5.5
1765,33676,33676,5.55
1766,33677,33677,5.5
1767,33678,33680,6.2
1768,33681,33683,6.4
1769,33684,33684,5.55
1770,33685,33688,5.5
1771,33689,33689,5.55
1772,33690,33699,5.5
1773,33700,33700,5.55
1774,33701,33705,5.5
1775,33706,33706,5.55
1776,33707,33709,5.5
1777,33710,33711,5.55
1778,33712,33714,5.5
1779,33715,33750,5.55
1780,33751,33756,5.5
1781,33757,33817,5.55
1782,33818,33819,5.5
1783,33820,33837,5.55
1784,33838,33839,5.5
1785,33840,33840,5.55
1786,33841,33844,5.5
1787,33845,33845,5.55
1788,33846,33883,5.5
1789,33884,33884,5.55
1790,33885,33885,5.5
1791,33886,33886,5.55
1792,33887,33912,5.5
1793,33913,35019,6.0
1794,35020,35319,6.05
1795,35320,35555,6.0
1796,35556,35557,6.05
1797,35558,35558,6.0
1798,35559,35559,6.05
1799,35560,35567,6.0
1800,35568,35568,6.05
1801,35569,35571,6.0
1802,35572,35572,6.05
1803,35573,35574,6.0
1804,35575,35575,6.05
1805,35576,35577,6.0
1806,35578,35578,6.05
1807,35579,35583,6.0
1808,35584,35587,6.05
1809,35588,35607,6.0
1810,35608,35617,6.1
1811,35618,35625,6.05
1812,35626,35733,6.0
1813,35734,35743,6.05
1814,35744,35794,6.0
1815,35796,35796,6.05
1816,35797,35822,6.0
1817,35823,35826,6.05
1818,35827,35827,6.0
1819,35828,35830,6.05
1820,35831,35852,6.0
1821,35853,35856,6.28
1822,35857,35867,6.0
1823,35868,35871,6.05
1824,35872,36007,6.0
1825,36008,36008,6.05
1826,36009,36028,6.0
1827,36029,36035,6.05
1828,36036,36066,6.0
1829,36067,36076,6.05
1830,36077,36098,6.0
1831,36099,36103,6.05
1832,36104,36108,6.0
1833,36109,36113,6.05
1834,36114,36117,6.0
1835,36118,36120,6.1
1836,36121,36172,6.0
1837,36173,36173,6.05
1838,36174,36186,6.0
1839,36187,36187,6.05
1840,36188,36200,6.0
1841,36201,36201,6.05
1842,36202,36212,6.0
1843,36213,36213,6.05
1844,36214,36217,6.0
1845,36218,36222,6.05
1846,36223,36231,6.0
1847,36232,36236,6.05
1848,36237,36251,6.0
1849,36252,36252,6.05
1850,36253,36340,6.0
1851,36341,36341,6.05
1852,36342,36367,6.0
1853,36368,36369,6.05
1854,36370,36627,6.0
1855,36628,36628,6.05
1856,36629,36631,6.0
1857,36632,36632,6.2
1858,36633,36636,6.0
1859,36637,36637,6.05
1860,36638,36654,6.0
1861,36656,36656,6.1
1862,36657,36657,6.15
1863,36658,36658,6.1
1864,36659,36678,6.15
1865,36679,36809,6.1
1866,36810,36810,6.11
1867,36811,36843,6.1
1868,36844,36848,6.15
1869,36849,36850,6.1
1870,36851,36851,6.15
1871,36852,36860,6.1
1872,36862,36862,6.2
1873,36863,36904,6.1
1874,36905,36905,6.2
1875,36906,36906,6.1
1876,36907,36907,6.15
1877,36909,36910,6.1
1878,36911,36911,6.35
1879,36912,36913,6.1
1880,36915,36915,6.2
1881,36916,36942,6.1
1882,36943,36962,6.11
1883,36963,37334,6.1
1884,37335,37336,6.15
1885,37337,37349,6.1
1886,37351,37352,6.15
1887,37353,37357,6.1
1888,37358,37358,6.15
1889,37359,37363,6.1
1890,37364,37364,6.15
1891,37365,37366,6.1
1892,37367,37367,6.15
1893,37368,37382,6.1
1894,37383,37385,6.15
1895,37386,37389,6.1
1896,37390,37390,6.28
1897,37391,37399,6.1
1898,37400,37400,6.15
1899,37401,37413,6.1
1900,37414,37414,6.15
1901,37416,37418,6.1
1902,37419,37419,6.15
1903,37420,37492,6.1
1904,37493,37493,6.15
1905,37549,37853,6.2
1906,37854,37854,6.25
1907,37856,38210,6.2
1908,38211,38211,6.3
1909,38212,38222,6.2
1910,38223,38227,6.25
1911,38228,38232,6.2
1912,38233,38237,6.3
1913,38238,38275,6.2
1914,38276,38347,6.25
1915,38348,38399,6.2
1916,38400,38420,6.25
1917,38421,38428,6.2
1918,38429,38432,6.25
1919,38433,38434,6.2
1920,38435,38435,6.25
1921,38436,38444,6.2
1922,38445,38445,6.25
1923,38446,38450,6.2
1924,38451,38452,6.25
1925,38453,38453,6.3
1926,38454,38455,6.2
1927,38456,38456,6.25
1928,38457,38457,6.2
1929,38458,38459,6.3
1930,38460,38460,6.2
1931,38461,38462,6.25
1932,38463,38464,6.2
1933,38465,38466,6.25
1934,38467,38532,6.2
1935,38533,38535,6.25
1936,38536,38536,6.2
1937,38537,38537,6.25
1938,38538,38538,6.2
1939,38539,38539,6.25
1940,38540,38558,6.2
1941,38559,38559,6.25
1942,38560,38569,6.2
1943,38570,38570,6.25
1944,38571,38585,6.2
1945,38586,38586,6.25
1946,38587,38587,6.2
1947,38588,38588,6.25
1948,38589,38591,6.2
1949,38592,38592,6.25
1950,38593,38594,6.2
1951,38595,38598,6.25
1952,38599,38599,6.2
1953,38600,38603,6.25
1954,38604,38620,6.2
1955,38621,38621,6.25
1956,38622,38631,6.2
1957,38632,38632,6.25
1958,38633,38638,6.2
1959,38639,38639,6.25
1960,38640,38690,6.2
1961,38691,38691,6.25
1962,38697,38714,6.2
1963,38715,38809,6.35
1964,38810,38841,6.3
1965,38842,38889,6.35
1966,38890,38939,6.3
1967,38940,38947,6.35
1968,38948,38950,6.3
1969,38951,38951,6.31
1970,38952,38952,6.35
1971,38953,39143,6.3
1972,39144,39163,6.35
1973,39164,39183,6.31
1974,39184,39223,6.35
1975,39224,39302,6.3
1976,39303,39307,6.4
1977,39308,39328,6.3
1978,39329,39348,6.35
1979,39349,39367,6.3
1980,39368,39368,6.35
1981,39369,39370,6.3
1982,39371,39372,6.35
1983,39373,39375,6.3
1984,39376,39378,6.35
1985,39379,39387,6.3
1986,39388,39389,6.35
1987,39390,39390,6.3
1988,39391,39391,6.35
1989,39392,39395,6.3
1990,39396,39400,6.35
1991,39401,39419,6.3
1992,39420,39420,6.35
1993,39421,39425,6.3
1994,39426,39426,6.35
1995,39427,39470,6.3
1996,39471,39471,6.35
1997,39472,39472,6.3
1998,39473,39473,6.35
1999,39474,39478,6.3
2000,39479,39480,6.35
2001,39481,39484,6.3
2002,39485,39486,6.35
2003,39487,39495,6.3
2004,39496,39496,6.4
2005,39497,39503,6.3
2006,39504,39508,6.35
2007,39509,39575,6.3
2008,39576,39577,6.35
2009,39578,39579,6.3
2010,39580,39580,6.35
2011,39582,39596,6.3
2012,39597,39597,6.35
2013,39598,39598,6.3
2014,39599,39599,6.35
2015,39600,39612,6.3
2016,39613,39615,6.35
2017,39616,39629,6.3
2018,39630,40764,6.4
