RowId,ItemId,BNpcNameId
1,4,115
2,4,9537
3,4,10129
4,4,12913
5,4,13140
6,5,113
7,5,9538
8,5,13128
9,5,13538
10,6,117
11,6,4093
12,6,9536
13,6,10126
14,6,12783
15,6,12812
16,7,56
17,7,9533
18,7,10127
19,7,11498
20,7,12480
21,7,13126
22,7,445
23,8,116
24,8,12811
25,8,13134
26,8,912
27,9,114
28,9,8093
29,9,9942
30,9,10128
31,9,11296
32,9,12810
33,9,1430
34,10,1979
35,10,115
36,10,9537
37,10,10129
38,10,12913
39,10,13140
40,10,2043
41,10,2044
42,10,2045
43,11,113
44,11,9538
45,11,13128
46,11,13538
47,12,117
48,12,4093
49,12,9536
50,12,10126
51,12,12783
52,12,12812
53,12,2190
54,12,2043
55,12,2044
56,12,2045
57,13,56
58,13,9533
59,13,10127
60,13,11498
61,13,12480
62,13,13126
63,13,2043
64,13,2044
65,13,2045
66,2931,1823
67,2931,1821
68,2931,1822
69,2931,1824
70,2931,1825
71,2931,1663
72,2931,2351
73,2931,57
74,2931,59
75,2931,5549
76,2931,53
77,2931,5547
78,2931,58
79,2931,5548
80,2931,60
81,2931,5550
82,2931,61
83,2931,5551
84,2931,2120
85,2931,3110
86,2931,3334
87,2931,1817
88,2931,1815
89,2931,1816
90,2931,1818
91,2931,1819
92,2931,1811
93,2931,2983
94,2931,1809
95,2931,1810
96,2931,1812
97,2931,1813
98,2931,3177
99,2931,3361
100,2931,3176
101,2931,3181
102,2931,3362
103,2931,3178
104,2931,3360
105,2931,3180
106,2931,3359
107,4758,262
108,4759,392
109,4759,1099
110,4760,393
111,4760,394
112,4760,859
113,4761,958
114,4761,409
115,4761,403
116,4761,410
117,4761,577
118,4761,1317
119,4761,306
120,4765,3
121,4765,1992
122,4765,514
123,4766,879
124,4766,880
125,4766,881
126,4766,2049
127,4766,2050
128,4766,273
129,4766,274
130,4767,411
131,4767,412
132,4767,2375
133,4767,130
134,4767,2
135,4768,1608
136,4768,1313
137,4768,894
138,4769,1831
139,4769,2014
140,4769,645
141,4769,2060
142,4769,8139
143,4770,235
144,4770,307
145,4770,2191
146,4771,561
147,4771,850
148,4771,860
149,4773,393
150,4773,394
151,4773,859
152,4774,1526
153,4774,62
154,4774,1463
155,4774,2029
156,4775,341
157,4794,47
158,4794,141
159,4794,48
160,4794,220
161,4794,699
162,4794,166
163,4834,408
164,4834,5
165,4850,201
166,4850,395
167,4850,953
168,4850,8134
169,4850,641
170,4850,54
171,4850,1983
172,4850,632
173,4850,696
174,4850,564
175,5104,1826
176,5104,2310
177,5104,269
178,5104,10907
179,5104,12272
180,5104,8138
181,5104,1509
182,5104,1820
183,5104,1814
184,5104,3179
185,5104,3357
186,5104,3545
187,5105,1826
188,5105,2310
189,5105,269
190,5105,10907
191,5105,12272
192,5105,8138
193,5105,1509
194,5105,1820
195,5105,1814
196,5105,3179
197,5105,3357
198,5105,3545
199,5107,575
200,5107,277
201,5107,901
202,5107,276
203,5111,1671
204,5111,1836
205,5111,275
206,5111,2005
207,5111,2008
208,5111,278
209,5229,365
210,5229,4108
211,5229,1527
212,5229,1461
213,5229,131
214,5229,558
215,5229,2960
216,5229,1981
217,5229,30
218,5229,616
219,5229,2188
220,5229,280
221,5229,3621
222,5229,4286
223,5263,304
224,5291,408
225,5291,678
226,5291,349
227,5291,417
228,5291,391
229,5291,196
230,5291,37
231,5291,592
232,5291,623
233,5291,5
234,5291,228
235,5291,170
236,5291,289
237,5291,282
238,5291,262
239,5291,216
240,5291,873
241,5291,865
242,5291,265
243,5291,2156
244,5291,2003
245,5292,366
246,5292,1863
247,5292,1940
248,5292,2012
249,5292,1515
250,5292,1316
251,5292,965
252,5292,393
253,5292,2020
254,5292,1523
255,5292,407
256,5292,1465
257,5292,28
258,5292,1312
259,5292,1234
260,5292,2376
261,5292,394
262,5292,859
263,5292,966
264,5292,1181
265,5292,51
266,5292,120
267,5292,221
268,5292,195
269,5292,130
270,5292,605
271,5292,449
272,5292,6
273,5292,222
274,5292,16
275,5292,12458
276,5292,14
277,5292,223
278,5292,5
279,5292,224
280,5292,281
281,5296,879
282,5296,880
283,5296,881
284,5296,2049
285,5296,2050
286,5296,273
287,5296,274
288,5300,26
289,5300,1976
290,5300,164
291,5300,8136
292,5300,2015
293,5300,217
294,5300,27
295,5303,1975
296,5303,16
297,5303,12458
298,5303,15
299,5303,1667
300,5306,304
301,5306,1993
302,5306,303
303,5308,1427
304,5308,795
305,5310,411
306,5310,412
307,5310,2375
308,5310,130
309,5310,2
310,5316,1444
311,5316,789
312,5317,352
313,5317,106
314,5317,2192
315,5317,1462
316,5318,958
317,5318,409
318,5318,403
319,5318,410
320,5318,318
321,5318,574
322,5318,577
323,5318,1317
324,5318,306
325,5319,3
326,5319,4
327,5319,1992
328,5319,514
329,5320,11
330,5320,461
331,5320,1985
332,5320,9
333,5320,2033
334,5320,2034
335,5321,790
336,5321,1444
337,5321,789
338,5322,411
339,5322,412
340,5322,2375
341,5322,130
342,5322,2
343,5340,1823
344,5340,1821
345,5340,1822
346,5340,1824
347,5340,1825
348,5340,1663
349,5340,2351
350,5340,57
351,5340,59
352,5340,5549
353,5340,53
354,5340,5547
355,5340,58
356,5340,5548
357,5340,60
358,5340,5550
359,5340,61
360,5340,5551
361,5340,2120
362,5340,3110
363,5340,3334
364,5340,1817
365,5340,1815
366,5340,1816
367,5340,1818
368,5340,1819
369,5340,1811
370,5340,2983
371,5340,1809
372,5340,1810
373,5340,1812
374,5340,1813
375,5340,3177
376,5340,3361
377,5340,3176
378,5340,3181
379,5340,3362
380,5340,3178
381,5340,3360
382,5340,3180
383,5340,3359
384,5345,11
385,5345,461
386,5345,1985
387,5345,9
388,5345,2033
389,5345,2034
390,5347,1427
391,5347,795
392,5348,341
393,5349,1503
394,5349,271
395,5355,393
396,5355,394
397,5355,859
398,5432,20
399,5432,110
400,5434,392
401,5434,1099
402,5435,4
403,5436,879
404,5436,880
405,5436,881
406,5436,2049
407,5436,2050
408,5436,273
409,5436,274
410,5439,2017
411,5439,3493
412,5439,2061
413,5439,793
414,5439,1442
415,5439,2874
416,5442,364
417,5442,363
418,5442,38
419,5442,612
420,5442,112
421,5442,171
422,5442,3342
423,5442,279
424,5444,399
425,5444,1180
426,5444,174
427,5444,1846
428,5444,653
429,5444,659
430,5446,353
431,5446,687
432,5446,1516
433,5446,4114
434,5446,355
435,5446,2002
436,5446,1986
437,5446,354
438,5446,1612
439,5446,1611
440,5447,2010
441,5447,290
442,5447,885
443,5447,1978
444,5448,3627
445,5449,3622
446,5449,4285
447,5454,227
448,5454,204
449,5454,285
450,5455,381
451,5455,226
452,5455,869
453,5456,561
454,5456,850
455,5456,860
456,5457,1200
457,5457,1995
458,5457,560
459,5458,1505
460,5458,2511
461,5458,243
462,5458,2360
463,5468,1987
464,5468,286
465,5468,12521
466,5468,8137
467,5492,396
468,5492,364
469,5492,363
470,5492,43
471,5492,41
472,5492,38
473,5492,612
474,5492,118
475,5492,2058
476,5492,680
477,5492,681
478,5492,168
479,5492,201
480,5492,279
481,5492,1199
482,5492,696
483,5492,1994
484,5492,298
485,5493,587
486,5493,44
487,5493,2187
488,5493,4069
489,5494,112
490,5494,171
491,5494,3342
492,5495,962
493,5495,39
494,5495,448
495,5495,188
496,5495,4046
497,5496,1479
498,5496,2622
499,5496,40
500,5497,293
501,5497,292
502,5497,875
503,5499,232
504,5499,2876
505,5499,233
506,5499,163
507,5499,25
508,5499,1669
509,5499,3343
510,5499,24
511,5518,5717
512,5518,5721
513,5526,1511
514,5526,270
515,5526,9879
516,5528,270
517,5528,9879
518,5528,2688
519,5528,2707
520,5528,2745
521,5528,2743
522,5528,3646
523,5528,17
524,5528,2189
525,5528,132
526,5533,1823
527,5533,1821
528,5533,1822
529,5533,1824
530,5533,1825
531,5533,1663
532,5533,2351
533,5533,57
534,5533,59
535,5533,5549
536,5533,53
537,5533,5547
538,5533,58
539,5533,5548
540,5533,60
541,5533,5550
542,5533,61
543,5533,5551
544,5533,2120
545,5533,3110
546,5533,3334
547,5533,1817
548,5533,1815
549,5533,1816
550,5533,1818
551,5533,1819
552,5533,1811
553,5533,2983
554,5533,1809
555,5533,1810
556,5533,1812
557,5533,1813
558,5533,3177
559,5533,3361
560,5533,3176
561,5533,3181
562,5533,3362
563,5533,3178
564,5533,3360
565,5533,3180
566,5533,3359
567,5548,573
568,5548,400
569,5548,447
570,5548,22
571,5548,4064
572,5549,162
573,5549,23
574,5549,3341
575,5550,401
576,5550,402
577,5550,1526
578,5550,62
579,5550,1463
580,5550,2029
581,5551,364
582,5551,363
583,5551,38
584,5551,612
585,5551,112
586,5551,171
587,5551,3342
588,5551,279
589,5552,512
590,5552,21
591,5552,492
592,5552,1028
593,5552,1198
594,5552,2039
595,5552,692
596,5553,242
597,5553,1508
598,5554,2057
599,5554,1329
600,5554,238
601,5554,1662
602,5554,237
603,5554,12627
604,5554,2871
605,5554,2007
606,5554,1610
607,5554,2055
608,5554,4995
609,5555,165
610,5555,33
611,5556,2024
612,5556,361
613,5556,1481
614,5556,360
615,5557,2024
616,5557,361
617,5557,1481
618,5557,360
619,5633,7064
620,5633,7655
621,5633,7654
622,5633,7658
623,5633,7649
624,5633,7652
625,5633,6030
626,5633,6254
627,5633,6032
628,5633,6260
629,5633,6902
630,5633,6901
631,5633,6130
632,5633,6127
633,5633,6132
634,5633,6131
635,5633,7003
636,5633,7074
637,5633,7006
638,5633,7007
639,5633,7682
640,5633,7685
641,5633,7214
642,5633,7216
643,5633,7212
644,5633,6077
645,5633,6079
646,5668,7064
647,5668,7655
648,5668,7654
649,5668,7658
650,5668,7649
651,5668,7652
652,5668,6030
653,5668,6254
654,5668,6032
655,5668,6260
656,5668,6902
657,5668,6901
658,5668,6130
659,5668,6127
660,5668,6132
661,5668,6131
662,5668,7003
663,5668,7074
664,5668,7006
665,5668,7007
666,5668,7682
667,5668,7685
668,5668,7214
669,5668,7216
670,5668,7212
671,5668,6077
672,5668,6079
673,5673,7064
674,5673,7655
675,5673,7654
676,5673,7658
677,5673,7649
678,5673,7652
679,5673,6030
680,5673,6254
681,5673,6032
682,5673,6260
683,5673,6902
684,5673,6901
685,5673,6130
686,5673,6127
687,5673,6132
688,5673,6131
689,5673,7003
690,5673,7074
691,5673,7006
692,5673,7007
693,5673,7682
694,5673,7685
695,5673,7214
696,5673,7216
697,5673,7212
698,5673,6077
699,5673,6079
700,5678,7064
701,5678,7655
702,5678,7654
703,5678,7658
704,5678,7649
705,5678,7652
706,5678,6030
707,5678,6254
708,5678,6032
709,5678,6260
710,5678,6902
711,5678,6901
712,5678,6130
713,5678,6127
714,5678,6132
715,5678,6131
716,5678,7003
717,5678,7074
718,5678,7006
719,5678,7007
720,5678,7682
721,5678,7685
722,5678,7214
723,5678,7216
724,5678,7212
725,5678,6077
726,5678,6079
727,5683,7064
728,5683,7655
729,5683,7654
730,5683,7658
731,5683,7649
732,5683,7652
733,5683,6030
734,5683,6254
735,5683,6032
736,5683,6260
737,5683,6902
738,5683,6901
739,5683,6130
740,5683,6127
741,5683,6132
742,5683,6131
743,5683,7003
744,5683,7074
745,5683,7006
746,5683,7007
747,5683,7682
748,5683,7685
749,5683,7214
750,5683,7216
751,5683,7212
752,5683,6077
753,5683,6079
754,5718,7064
755,5718,7655
756,5718,7654
757,5718,7658
758,5718,7649
759,5718,7652
760,5718,6030
761,5718,6254
762,5718,6032
763,5718,6260
764,5718,6902
765,5718,6901
766,5718,6130
767,5718,6127
768,5718,6132
769,5718,6131
770,5718,7003
771,5718,7074
772,5718,7006
773,5718,7007
774,5718,7682
775,5718,7685
776,5718,7214
777,5718,7216
778,5718,7212
779,5718,6077
780,5718,6079
781,5723,7064
782,5723,7655
783,5723,7654
784,5723,7658
785,5723,7649
786,5723,7652
787,5723,6030
788,5723,6254
789,5723,6032
790,5723,6260
791,5723,6902
792,5723,6901
793,5723,6130
794,5723,6127
795,5723,6132
796,5723,6131
797,5723,7003
798,5723,7074
799,5723,7006
800,5723,7007
801,5723,7682
802,5723,7685
803,5723,7214
804,5723,7216
805,5723,7212
806,5723,6077
807,5723,6079
808,6149,1608
809,6149,1313
810,6149,894
811,6150,352
812,6150,106
813,6150,2192
814,6150,1462
815,6158,1185
816,6158,9288
817,6160,1644
818,6160,7893
819,6160,9287
820,6162,1801
821,6162,8350
822,6218,1466
823,6218,11955
824,6219,1459
825,6220,1482
826,7007,725
827,7007,2752
828,7157,2612
829,7159,2505
830,7159,2550
831,7159,8486
832,8019,2832
833,8019,9281
834,9377,2994
835,9377,9353
836,9380,3210
837,12254,3772
838,12255,3772
839,12256,3649
840,12256,9354
841,12258,3660
842,12568,3481
843,12568,3489
844,12569,4045
845,12569,4054
846,12569,9248
847,12569,3628
848,12569,3576
849,12570,3505
850,12571,3486
851,12571,3630
852,12571,3617
853,12571,3586
854,12572,4053
855,12572,3559
856,12572,3619
857,12572,4278
858,12572,4290
859,12573,4404
860,12573,3526
861,12573,12313
862,12575,3483
863,12575,3490
864,12576,3486
865,12576,3630
866,12576,3617
867,12576,3586
868,12577,4404
869,12577,3526
870,12577,12313
871,12599,3540
872,12600,3603
873,12609,3566
874,12609,3606
875,12627,3486
876,12627,3630
877,12627,3617
878,12627,3586
879,12628,3471
880,12629,3505
881,12630,3486
882,12630,3630
883,12630,3617
884,12630,3586
885,12635,3480
886,12635,3491
887,12636,4045
888,12636,4054
889,12636,9248
890,12636,3628
891,12636,3576
892,12637,3402
893,12637,3475
894,12637,3488
895,12871,3495
896,12871,4059
897,12872,3610
898,12873,3571
899,12874,3505
900,12875,3610
901,12876,3609
902,12888,3479
903,12888,11214
904,13059,4776
905,14936,4708
906,14936,9216
907,16898,5193
908,16898,9220
909,18011,7069
910,18011,7071
911,18011,2642
912,18011,7067
913,18011,7653
914,18011,7656
915,18011,6033
916,18011,5655
917,18011,6034
918,18011,6261
919,18011,6359
920,18011,6904
921,18011,6905
922,18011,6906
923,18011,6123
924,18011,6124
925,18011,7014
926,18011,7004
927,18011,7012
928,18011,7008
929,18011,7009
930,18011,7011
931,18011,7010
932,18011,7013
933,18011,7683
934,18011,7681
935,18011,7684
936,18011,7688
937,18011,7686
938,18011,7218
939,18011,7213
940,18011,7215
941,18011,7219
942,18011,6084
943,18011,6082
944,18018,7069
945,18018,7071
946,18018,2642
947,18018,7067
948,18018,7653
949,18018,7656
950,18018,6033
951,18018,5655
952,18018,6034
953,18018,6261
954,18018,6359
955,18018,6904
956,18018,6905
957,18018,6906
958,18018,6123
959,18018,6124
960,18018,7014
961,18018,7004
962,18018,7012
963,18018,7008
964,18018,7009
965,18018,7011
966,18018,7010
967,18018,7013
968,18018,7683
969,18018,7681
970,18018,7684
971,18018,7688
972,18018,7686
973,18018,7218
974,18018,7213
975,18018,7215
976,18018,7219
977,18018,6084
978,18018,6082
979,18019,7069
980,18019,7071
981,18019,2642
982,18019,7067
983,18019,7653
984,18019,7656
985,18019,6033
986,18019,5655
987,18019,6034
988,18019,6261
989,18019,6359
990,18019,6904
991,18019,6905
992,18019,6906
993,18019,6123
994,18019,6124
995,18019,7014
996,18019,7004
997,18019,7012
998,18019,7008
999,18019,7009
1000,18019,7011
1001,18019,7010
1002,18019,7013
1003,18019,7683
1004,18019,7681
1005,18019,7684
1006,18019,7688
1007,18019,7686
1008,18019,7218
1009,18019,7213
1010,18019,7215
1011,18019,7219
1012,18019,6084
1013,18019,6082
1014,18020,7069
1015,18020,7071
1016,18020,2642
1017,18020,7067
1018,18020,7653
1019,18020,7656
1020,18020,6033
1021,18020,5655
1022,18020,6034
1023,18020,6261
1024,18020,6359
1025,18020,6904
1026,18020,6905
1027,18020,6906
1028,18020,6123
1029,18020,6124
1030,18020,7014
1031,18020,7004
1032,18020,7012
1033,18020,7008
1034,18020,7009
1035,18020,7011
1036,18020,7010
1037,18020,7013
1038,18020,7683
1039,18020,7681
1040,18020,7684
1041,18020,7688
1042,18020,7686
1043,18020,7218
1044,18020,7213
1045,18020,7215
1046,18020,7219
1047,18020,6084
1048,18020,6082
1049,18021,7069
1050,18021,7071
1051,18021,2642
1052,18021,7067
1053,18021,7653
1054,18021,7656
1055,18021,6033
1056,18021,5655
1057,18021,6034
1058,18021,6261
1059,18021,6359
1060,18021,6904
1061,18021,6905
1062,18021,6906
1063,18021,6123
1064,18021,6124
1065,18021,7014
1066,18021,7004
1067,18021,7012
1068,18021,7008
1069,18021,7009
1070,18021,7011
1071,18021,7010
1072,18021,7013
1073,18021,7683
1074,18021,7681
1075,18021,7684
1076,18021,7688
1077,18021,7686
1078,18021,7218
1079,18021,7213
1080,18021,7215
1081,18021,7219
1082,18021,6084
1083,18021,6082
1084,18028,7069
1085,18028,7071
1086,18028,2642
1087,18028,7067
1088,18028,7653
1089,18028,7656
1090,18028,6033
1091,18028,5655
1092,18028,6034
1093,18028,6261
1094,18028,6359
1095,18028,6904
1096,18028,6905
1097,18028,6906
1098,18028,6123
1099,18028,6124
1100,18028,7014
1101,18028,7004
1102,18028,7012
1103,18028,7008
1104,18028,7009
1105,18028,7011
1106,18028,7010
1107,18028,7013
1108,18028,7683
1109,18028,7681
1110,18028,7684
1111,18028,7688
1112,18028,7686
1113,18028,7218
1114,18028,7213
1115,18028,7215
1116,18028,7219
1117,18028,6084
1118,18028,6082
1119,18029,7069
1120,18029,7071
1121,18029,2642
1122,18029,7067
1123,18029,7653
1124,18029,7656
1125,18029,6033
1126,18029,5655
1127,18029,6034
1128,18029,6261
1129,18029,6359
1130,18029,6904
1131,18029,6905
1132,18029,6906
1133,18029,6123
1134,18029,6124
1135,18029,7014
1136,18029,7004
1137,18029,7012
1138,18029,7008
1139,18029,7009
1140,18029,7011
1141,18029,7010
1142,18029,7013
1143,18029,7683
1144,18029,7681
1145,18029,7684
1146,18029,7688
1147,18029,7686
1148,18029,7218
1149,18029,7213
1150,18029,7215
1151,18029,7219
1152,18029,6084
1153,18029,6082
1154,19873,5773
1155,19874,5703
1156,19874,5748
1157,19874,5759
1158,19874,5771
1159,19875,5712
1160,19877,5692
1161,19877,5672
1162,19878,5773
1163,19919,5709
1164,19919,5704
1165,19920,5697
1166,19920,6280
1167,19921,5773
1168,19922,5702
1169,19923,5737
1170,19923,11765
1171,19923,5900
1172,19924,4753
1173,19924,5708
1174,19924,5757
1175,19924,12933
1176,19930,5671
1177,19933,5716
1178,19985,5777
1179,19986,5783
1180,19989,5713
1181,19999,5692
1182,19999,5672
1183,20000,5734
1184,20001,5785
1185,20001,5772
1186,20001,5760
1187,20002,5688
1188,20002,5908
1189,20002,5781
1190,20003,5697
1191,20003,6280
1192,20004,5711
1193,22308,7131
1194,25186,10115
1195,25186,10114
1196,25186,10116
1197,25186,10561
1198,25186,10117
1199,25186,10553
1200,25186,9722
1201,25186,9724
1202,25186,9725
1203,25186,9734
1204,25186,8283
1205,25186,8284
1206,25186,8282
1207,25186,8286
1208,25186,8285
1209,25186,8190
1210,25186,10933
1211,25186,11250
1212,25186,8188
1213,25186,8199
1214,25186,10371
1215,25186,11054
1216,25186,8189
1217,25186,8192
1218,25186,8212
1219,25186,10373
1220,25186,10924
1221,25186,11245
1222,25186,11348
1223,25186,9277
1224,25186,9273
1225,25186,9055
1226,25186,9062
1227,25186,9058
1228,25186,9179
1229,25186,9469
1230,25186,9479
1231,25186,9477
1232,25186,9481
1233,25186,9466
1234,25186,9482
1235,25186,8175
1236,25187,10115
1237,25187,10114
1238,25187,10116
1239,25187,10561
1240,25187,10117
1241,25187,10553
1242,25187,9722
1243,25187,9724
1244,25187,9725
1245,25187,9734
1246,25187,8283
1247,25187,8284
1248,25187,8282
1249,25187,8286
1250,25187,8285
1251,25187,8190
1252,25187,10933
1253,25187,11250
1254,25187,8188
1255,25187,8199
1256,25187,10371
1257,25187,11054
1258,25187,8189
1259,25187,8192
1260,25187,8212
1261,25187,10373
1262,25187,10924
1263,25187,11245
1264,25187,11348
1265,25187,9277
1266,25187,9273
1267,25187,9055
1268,25187,9062
1269,25187,9058
1270,25187,9179
1271,25187,9469
1272,25187,9479
1273,25187,9477
1274,25187,9481
1275,25187,9466
1276,25187,9482
1277,25187,8175
1278,25188,10115
1279,25188,10114
1280,25188,10116
1281,25188,10561
1282,25188,10117
1283,25188,10553
1284,25188,9722
1285,25188,9724
1286,25188,9725
1287,25188,9734
1288,25188,8283
1289,25188,8284
1290,25188,8282
1291,25188,8286
1292,25188,8285
1293,25188,8190
1294,25188,10933
1295,25188,11250
1296,25188,8188
1297,25188,8199
1298,25188,10371
1299,25188,11054
1300,25188,8189
1301,25188,8192
1302,25188,8212
1303,25188,10373
1304,25188,10924
1305,25188,11245
1306,25188,11348
1307,25188,9277
1308,25188,9273
1309,25188,9055
1310,25188,9062
1311,25188,9058
1312,25188,9179
1313,25188,9469
1314,25188,9479
1315,25188,9477
1316,25188,9481
1317,25188,9466
1318,25188,9482
1319,25188,8175
1320,25189,10115
1321,25189,10114
1322,25189,10116
1323,25189,10561
1324,25189,10117
1325,25189,10553
1326,25189,9722
1327,25189,9724
1328,25189,9725
1329,25189,9734
1330,25189,8283
1331,25189,8284
1332,25189,8282
1333,25189,8286
1334,25189,8285
1335,25189,8190
1336,25189,10933
1337,25189,11250
1338,25189,8188
1339,25189,8199
1340,25189,10371
1341,25189,11054
1342,25189,8189
1343,25189,8192
1344,25189,8212
1345,25189,10373
1346,25189,10924
1347,25189,11245
1348,25189,11348
1349,25189,9277
1350,25189,9273
1351,25189,9055
1352,25189,9062
1353,25189,9058
1354,25189,9179
1355,25189,9469
1356,25189,9479
1357,25189,9477
1358,25189,9481
1359,25189,9466
1360,25189,9482
1361,25189,8175
1362,25190,10115
1363,25190,10114
1364,25190,10116
1365,25190,10561
1366,25190,10117
1367,25190,10553
1368,25190,9722
1369,25190,9724
1370,25190,9725
1371,25190,9734
1372,25190,8283
1373,25190,8284
1374,25190,8282
1375,25190,8286
1376,25190,8285
1377,25190,8190
1378,25190,10933
1379,25190,11250
1380,25190,8188
1381,25190,8199
1382,25190,10371
1383,25190,11054
1384,25190,8189
1385,25190,8192
1386,25190,8212
1387,25190,10373
1388,25190,10924
1389,25190,11245
1390,25190,11348
1391,25190,9277
1392,25190,9273
1393,25190,9055
1394,25190,9062
1395,25190,9058
1396,25190,9179
1397,25190,9469
1398,25190,9479
1399,25190,9477
1400,25190,9481
1401,25190,9466
1402,25190,9482
1403,25190,8175
1404,25197,10115
1405,25197,10114
1406,25197,10116
1407,25197,10561
1408,25197,10117
1409,25197,10553
1410,25197,9722
1411,25197,9724
1412,25197,9725
1413,25197,9734
1414,25197,8283
1415,25197,8284
1416,25197,8282
1417,25197,8286
1418,25197,8285
1419,25197,8190
1420,25197,10933
1421,25197,11250
1422,25197,8188
1423,25197,8199
1424,25197,10371
1425,25197,11054
1426,25197,8189
1427,25197,8192
1428,25197,8212
1429,25197,10373
1430,25197,10924
1431,25197,11245
1432,25197,11348
1433,25197,9277
1434,25197,9273
1435,25197,9055
1436,25197,9062
1437,25197,9058
1438,25197,9179
1439,25197,9469
1440,25197,9479
1441,25197,9477
1442,25197,9481
1443,25197,9466
1444,25197,9482
1445,25197,8175
1446,26727,10101
1447,26727,10102
1448,26727,9730
1449,26727,9728
1450,26727,9727
1451,26727,9729
1452,26727,9731
1453,26727,8291
1454,26727,8292
1455,26727,8200
1456,26727,10365
1457,26727,10931
1458,26727,10959
1459,26727,8187
1460,26727,10368
1461,26727,10932
1462,26727,8186
1463,26727,10935
1464,26727,9278
1465,26727,9061
1466,26727,9127
1467,26727,9059
1468,26727,9128
1469,26727,9060
1470,26727,9469
1471,26727,9479
1472,26727,9467
1473,26727,9480
1474,26727,9475
1475,26727,9478
1476,26727,9641
1477,26727,8182
1478,26727,8176
1479,26728,10101
1480,26728,10102
1481,26728,9730
1482,26728,9728
1483,26728,9727
1484,26728,9729
1485,26728,9731
1486,26728,8291
1487,26728,8292
1488,26728,8200
1489,26728,10365
1490,26728,10931
1491,26728,10959
1492,26728,8187
1493,26728,10368
1494,26728,10932
1495,26728,8186
1496,26728,10935
1497,26728,9278
1498,26728,9061
1499,26728,9127
1500,26728,9059
1501,26728,9128
1502,26728,9060
1503,26728,9469
1504,26728,9479
1505,26728,9467
1506,26728,9480
1507,26728,9475
1508,26728,9478
1509,26728,9641
1510,26728,8182
1511,26728,8176
1512,26729,10101
1513,26729,10102
1514,26729,9730
1515,26729,9728
1516,26729,9727
1517,26729,9729
1518,26729,9731
1519,26729,8291
1520,26729,8292
1521,26729,8200
1522,26729,10365
1523,26729,10931
1524,26729,10959
1525,26729,8187
1526,26729,10368
1527,26729,10932
1528,26729,8186
1529,26729,10935
1530,26729,9278
1531,26729,9061
1532,26729,9127
1533,26729,9059
1534,26729,9128
1535,26729,9060
1536,26729,9469
1537,26729,9479
1538,26729,9467
1539,26729,9480
1540,26729,9475
1541,26729,9478
1542,26729,9641
1543,26729,8182
1544,26729,8176
1545,26730,10101
1546,26730,10102
1547,26730,9730
1548,26730,9728
1549,26730,9727
1550,26730,9729
1551,26730,9731
1552,26730,8291
1553,26730,8292
1554,26730,8200
1555,26730,10365
1556,26730,10931
1557,26730,10959
1558,26730,8187
1559,26730,10368
1560,26730,10932
1561,26730,8186
1562,26730,10935
1563,26730,9278
1564,26730,9061
1565,26730,9127
1566,26730,9059
1567,26730,9128
1568,26730,9060
1569,26730,9469
1570,26730,9479
1571,26730,9467
1572,26730,9480
1573,26730,9475
1574,26730,9478
1575,26730,9641
1576,26730,8182
1577,26730,8176
1578,26731,10101
1579,26731,10102
1580,26731,9730
1581,26731,9728
1582,26731,9727
1583,26731,9729
1584,26731,9731
1585,26731,8291
1586,26731,8292
1587,26731,8200
1588,26731,10365
1589,26731,10931
1590,26731,10959
1591,26731,8187
1592,26731,10368
1593,26731,10932
1594,26731,8186
1595,26731,10935
1596,26731,9278
1597,26731,9061
1598,26731,9127
1599,26731,9059
1600,26731,9128
1601,26731,9060
1602,26731,9469
1603,26731,9479
1604,26731,9467
1605,26731,9480
1606,26731,9475
1607,26731,9478
1608,26731,9641
1609,26731,8182
1610,26731,8176
1611,26738,10101
1612,26738,10102
1613,26738,9730
1614,26738,9728
1615,26738,9727
1616,26738,9729
1617,26738,9731
1618,26738,8291
1619,26738,8292
1620,26738,8200
1621,26738,10365
1622,26738,10931
1623,26738,10959
1624,26738,8187
1625,26738,10368
1626,26738,10932
1627,26738,8186
1628,26738,10935
1629,26738,9278
1630,26738,9061
1631,26738,9127
1632,26738,9059
1633,26738,9128
1634,26738,9060
1635,26738,9469
1636,26738,9479
1637,26738,9467
1638,26738,9480
1639,26738,9475
1640,26738,9478
1641,26738,9641
1642,26738,8182
1643,26738,8176
1644,26739,10101
1645,26739,10102
1646,26739,9730
1647,26739,9728
1648,26739,9727
1649,26739,9729
1650,26739,9731
1651,26739,8291
1652,26739,8292
1653,26739,8200
1654,26739,10365
1655,26739,10931
1656,26739,10959
1657,26739,8187
1658,26739,10368
1659,26739,10932
1660,26739,8186
1661,26739,10935
1662,26739,9278
1663,26739,9061
1664,26739,9127
1665,26739,9059
1666,26739,9128
1667,26739,9060
1668,26739,9469
1669,26739,9479
1670,26739,9467
1671,26739,9480
1672,26739,9475
1673,26739,9478
1674,26739,9641
1675,26739,8182
1676,26739,8176
1677,27732,8511
1678,27733,8577
1679,27734,8604
1680,27735,8563
1681,27736,8630
1682,27756,8552
1683,27756,8553
1684,27763,8507
1685,27764,8506
1686,27773,8613
1687,27774,8600
1688,27797,8582
1689,27798,8533
1690,27799,8621
1691,27800,8628
1692,27850,8525
1693,27851,8582
1694,27852,8552
1695,27852,8553
1696,33917,11366
1697,33917,11363
1698,33917,11362
1699,33917,12342
1700,33917,12490
1701,33917,10303
1702,33917,10302
1703,33917,10305
1704,33917,10306
1705,33917,11225
1706,33917,11226
1707,33917,11235
1708,33917,11236
1709,33917,11875
1710,33917,12082
1711,33917,12079
1712,33917,12095
1713,33917,12311
1714,33917,10319
1715,33917,10318
1716,33917,10335
1717,33917,10356
1718,33917,10360
1719,33917,10414
1720,33917,10407
1721,33917,10413
1722,33917,10406
1723,33918,11366
1724,33918,11363
1725,33918,11362
1726,33918,12342
1727,33918,12490
1728,33918,10303
1729,33918,10302
1730,33918,10305
1731,33918,10306
1732,33918,11225
1733,33918,11226
1734,33918,11235
1735,33918,11236
1736,33918,11875
1737,33918,12082
1738,33918,12079
1739,33918,12095
1740,33918,12311
1741,33918,10319
1742,33918,10318
1743,33918,10335
1744,33918,10356
1745,33918,10360
1746,33918,10414
1747,33918,10407
1748,33918,10413
1749,33918,10406
1750,33919,11366
1751,33919,11363
1752,33919,11362
1753,33919,12342
1754,33919,12490
1755,33919,10303
1756,33919,10302
1757,33919,10305
1758,33919,10306
1759,33919,11225
1760,33919,11226
1761,33919,11235
1762,33919,11236
1763,33919,11875
1764,33919,12082
1765,33919,12079
1766,33919,12095
1767,33919,12311
1768,33919,10319
1769,33919,10318
1770,33919,10335
1771,33919,10356
1772,33919,10360
1773,33919,10414
1774,33919,10407
1775,33919,10413
1776,33919,10406
1777,33920,11366
1778,33920,11363
1779,33920,11362
1780,33920,12342
1781,33920,12490
1782,33920,10303
1783,33920,10302
1784,33920,10305
1785,33920,10306
1786,33920,11225
1787,33920,11226
1788,33920,11235
1789,33920,11236
1790,33920,11875
1791,33920,12082
1792,33920,12079
1793,33920,12095
1794,33920,12311
1795,33920,10319
1796,33920,10318
1797,33920,10335
1798,33920,10356
1799,33920,10360
1800,33920,10414
1801,33920,10407
1802,33920,10413
1803,33920,10406
1804,33921,11366
1805,33921,11363
1806,33921,11362
1807,33921,12342
1808,33921,12490
1809,33921,10303
1810,33921,10302
1811,33921,10305
1812,33921,10306
1813,33921,11225
1814,33921,11226
1815,33921,11235
1816,33921,11236
1817,33921,11875
1818,33921,12082
1819,33921,12079
1820,33921,12095
1821,33921,12311
1822,33921,10319
1823,33921,10318
1824,33921,10335
1825,33921,10356
1826,33921,10360
1827,33921,10414
1828,33921,10407
1829,33921,10413
1830,33921,10406
1831,33928,11366
1832,33928,11363
1833,33928,11362
1834,33928,12342
1835,33928,12490
1836,33928,10303
1837,33928,10302
1838,33928,10305
1839,33928,10306
1840,33928,11225
1841,33928,11226
1842,33928,11235
1843,33928,11236
1844,33928,11875
1845,33928,12082
1846,33928,12079
1847,33928,12095
1848,33928,12311
1849,33928,10319
1850,33928,10318
1851,33928,10335
1852,33928,10356
1853,33928,10360
1854,33928,10414
1855,33928,10407
1856,33928,10413
1857,33928,10406
1858,33929,11366
1859,33929,11363
1860,33929,11362
1861,33929,12342
1862,33929,12490
1863,33929,10303
1864,33929,10302
1865,33929,10305
1866,33929,10306
1867,33929,11225
1868,33929,11226
1869,33929,11235
1870,33929,11236
1871,33929,11875
1872,33929,12082
1873,33929,12079
1874,33929,12095
1875,33929,12311
1876,33929,10319
1877,33929,10318
1878,33929,10335
1879,33929,10356
1880,33929,10360
1881,33929,10414
1882,33929,10407
1883,33929,10413
1884,33929,10406
1885,33930,11364
1886,33930,11367
1887,33930,11447
1888,33930,12349
1889,33930,12347
1890,33930,10304
1891,33930,11228
1892,33930,12086
1893,33930,12084
1894,33930,10321
1895,33930,10327
1896,33930,10323
1897,33930,10355
1898,33930,10359
1899,33930,10415
1900,33931,11364
1901,33931,11367
1902,33931,11447
1903,33931,12349
1904,33931,12347
1905,33931,10304
1906,33931,11228
1907,33931,12086
1908,33931,12084
1909,33931,10321
1910,33931,10327
1911,33931,10323
1912,33931,10355
1913,33931,10359
1914,33931,10415
1915,33932,11364
1916,33932,11367
1917,33932,11447
1918,33932,12349
1919,33932,12347
1920,33932,10304
1921,33932,11228
1922,33932,12086
1923,33932,12084
1924,33932,10321
1925,33932,10327
1926,33932,10323
1927,33932,10355
1928,33932,10359
1929,33932,10415
1930,33933,11364
1931,33933,11367
1932,33933,11447
1933,33933,12349
1934,33933,12347
1935,33933,10304
1936,33933,11228
1937,33933,12086
1938,33933,12084
1939,33933,10321
1940,33933,10327
1941,33933,10323
1942,33933,10355
1943,33933,10359
1944,33933,10415
1945,33934,11364
1946,33934,11367
1947,33934,11447
1948,33934,12349
1949,33934,12347
1950,33934,10304
1951,33934,11228
1952,33934,12086
1953,33934,12084
1954,33934,10321
1955,33934,10327
1956,33934,10323
1957,33934,10355
1958,33934,10359
1959,33934,10415
1960,33941,11364
1961,33941,11367
1962,33941,11447
1963,33941,12349
1964,33941,12347
1965,33941,10304
1966,33941,11228
1967,33941,12086
1968,33941,12084
1969,33941,10321
1970,33941,10327
1971,33941,10323
1972,33941,10355
1973,33941,10359
1974,33941,10415
1975,33942,11364
1976,33942,11367
1977,33942,11447
1978,33942,12349
1979,33942,12347
1980,33942,10304
1981,33942,11228
1982,33942,12086
1983,33942,12084
1984,33942,10321
1985,33942,10327
1986,33942,10323
1987,33942,10355
1988,33942,10359
1989,33942,10415
1990,36203,10656
1991,36203,10915
1992,36242,10705
1993,36243,10673
1994,36244,10667
1995,36245,10714
1996,36246,10609
1997,36253,10700
1998,36254,10674
1999,36255,10659
2000,36256,10597
2001,36257,10471
2002,36258,10457
2003,36259,10468
2004,36260,10614
2005,36260,10612
2006,36260,10613
2007,36261,10671
2008,36262,10429
2009,36262,10432
2010,36262,10433
2011,36262,10434
2012,36262,10435
2013,36262,10427
2014,36262,10430
2015,36262,10416
2016,36262,10417
2017,36262,10418
2018,36262,10426
2019,36262,10425
2020,36262,10431
2021,36262,10428
2022,36264,10698
2023,36630,10597
2024,41757,12895
2025,41757,12894
2026,41757,12836
2027,41757,12837
2028,41757,12838
2029,41757,12794
2030,41757,12795
2031,41757,12796
2032,41757,13186
2033,41757,13187
2034,41757,13183
2035,41757,13298
2036,41757,13295
2037,41757,13290
2038,41757,13296
2039,41758,12895
2040,41758,12894
2041,41758,12836
2042,41758,12837
2043,41758,12838
2044,41758,12794
2045,41758,12795
2046,41758,12796
2047,41758,13186
2048,41758,13187
2049,41758,13183
2050,41758,13298
2051,41758,13295
2052,41758,13290
2053,41758,13296
2054,41759,12895
2055,41759,12894
2056,41759,12836
2057,41759,12837
2058,41759,12838
2059,41759,12794
2060,41759,12795
2061,41759,12796
2062,41759,13186
2063,41759,13187
2064,41759,13183
2065,41759,13298
2066,41759,13295
2067,41759,13290
2068,41759,13296
2069,41760,12895
2070,41760,12894
2071,41760,12836
2072,41760,12837
2073,41760,12838
2074,41760,12794
2075,41760,12795
2076,41760,12796
2077,41760,13186
2078,41760,13187
2079,41760,13183
2080,41760,13298
2081,41760,13295
2082,41760,13290
2083,41760,13296
2084,41761,12895
2085,41761,12894
2086,41761,12836
2087,41761,12837
2088,41761,12838
2089,41761,12794
2090,41761,12795
2091,41761,12796
2092,41761,13186
2093,41761,13187
2094,41761,13183
2095,41761,13298
2096,41761,13295
2097,41761,13290
2098,41761,13296
2099,41768,12895
2100,41768,12894
2101,41768,12836
2102,41768,12837
2103,41768,12838
2104,41768,12794
2105,41768,12795
2106,41768,12796
2107,41768,13186
2108,41768,13187
2109,41768,13183
2110,41768,13298
2111,41768,13295
2112,41768,13290
2113,41768,13296
2114,41769,12895
2115,41769,12894
2116,41769,12836
2117,41769,12837
2118,41769,12838
2119,41769,12794
2120,41769,12795
2121,41769,12796
2122,41769,13186
2123,41769,13187
2124,41769,13183
2125,41769,13298
2126,41769,13295
2127,41769,13290
2128,41769,13296
2129,41770,10792
2130,41770,12840
2131,41770,12694
2132,41770,12839
2133,41770,12836
2134,41770,12800
2135,41770,12799
2136,41770,13189
2137,41770,13301
2138,41770,13299
2139,41771,10792
2140,41771,12840
2141,41771,12694
2142,41771,12839
2143,41771,12836
2144,41771,12800
2145,41771,12799
2146,41771,13189
2147,41771,13301
2148,41771,13299
2149,41772,10792
2150,41772,12840
2151,41772,12694
2152,41772,12839
2153,41772,12836
2154,41772,12800
2155,41772,12799
2156,41772,13189
2157,41772,13301
2158,41772,13299
2159,41773,10792
2160,41773,12840
2161,41773,12694
2162,41773,12839
2163,41773,12836
2164,41773,12800
2165,41773,12799
2166,41773,13189
2167,41773,13301
2168,41773,13299
2169,41774,10792
2170,41774,12840
2171,41774,12694
2172,41774,12839
2173,41774,12836
2174,41774,12800
2175,41774,12799
2176,41774,13189
2177,41774,13301
2178,41774,13299
2179,41781,10792
2180,41781,12840
2181,41781,12694
2182,41781,12839
2183,41781,12836
2184,41781,12800
2185,41781,12799
2186,41781,13189
2187,41781,13301
2188,41781,13299
2189,41782,10792
2190,41782,12840
2191,41782,12694
2192,41782,12839
2193,41782,12836
2194,41782,12800
2195,41782,12799
2196,41782,13189
2197,41782,13301
2198,41782,13299
2199,44027,12991
2200,44027,13548
2201,44027,13588
2202,44053,13082
2203,44054,12930
2204,44056,13104
2205,44057,13131
2206,44063,13079
2207,44064,12944
2208,44065,12964
2209,44066,12974
2210,44066,12973
2211,44067,13080
2212,44068,12939
2213,44069,12943
2214,44071,12972
2215,44072,281
2216,44106,12991
2217,44106,13548
2218,44106,13588
2219,4794,2576
2220,4794,433
2221,4794,1541
2222,4794,438
2223,5552,1213
2224,5552,109
2225,5552,1354
2226,5552,456
2227,5552,2370
2228,5552,426
2229,24449,7899
2230,24449,7657
2231,24286,7763
2232,24287,7739
2233,24285,5180
2234,24819,7955
2235,24817,8070
2236,24818,7966
2237,33776,10173
2238,33776,10172
2239,33776,10174
2240,33774,10156
2241,33774,10157
2242,33774,10158
2243,33773,10152
2244,33773,10153
2245,33773,10154
2246,33771,10140
2247,33770,10125
2248,33769,10120
2249,33769,10130
2250,33769,10123
2251,33768,10135
2252,33768,10137
2253,33768,10136
2254,5495,1561
2255,5495,432
2256,5495,1560
2257,5549,1542
2258,5468,1009
2259,5468,1594
2260,5446,1747
2261,5292,535
2262,5292,528
2263,15831,4374
2264,15831,4363
2265,15831,4362
2266,15833,4366
2267,15833,4367
2268,15833,4376
2269,14270,4378
2270,14270,4370
2271,14270,4371
2272,15832,4369
2273,15832,4368
2274,15832,4377
2275,5468,1019
2276,5355,1096
2277,4773,1096
2278,4760,1096
2279,5292,1057
2280,4758,1101
2281,5291,1101
2282,5550,1097
2283,5292,471
2284,5291,198
2285,5548,180
2286,4850,179
2287,5319,458
2288,5549,175
2289,14269,4365
2290,14269,4364
2291,14269,4375
2292,5319,176
2293,5264,2162
2294,5340,2238
2295,18030,6001
2296,18030,6000
2297,18030,5999
2298,18030,5998
2299,18030,5997
2300,18030,5996
2301,18030,5995
2302,18030,5994
2303,18030,5993
2304,18030,5992
2305,18030,5991
2306,18030,5990
2307,18030,5985
2308,18030,5989
2309,18030,5987
2310,18030,5984
2311,18030,5988
2312,18030,5986
2313,36027,10620
2314,36027,10617
2315,36027,10618
2316,36027,10622
2317,36027,10621
2318,36027,10619
2319,36027,10615
2320,36025,10620
2321,36025,10617
2322,36025,10618
2323,36025,10622
2324,36025,10621
2325,36025,10619
2326,36025,10615
2327,26819,8910
2328,26819,8900
2329,26819,8915
2330,26821,8890
2331,26821,8653
2332,26821,8895
2333,26821,8905
2334,26821,8915
2335,26821,8912
2336,26821,8896
2337,26821,8892
2338,26821,8655
2339,26819,8890
2340,26819,8653
2341,26819,8895
2342,26819,8905
2343,26821,8910
2344,26821,8900
2345,26821,8911
2346,26821,8907
2347,26821,8906
2348,26821,8902
2349,26821,8901
2350,26821,8897
2351,26821,8891
2352,26821,8654
2353,26819,8912
2354,26819,8911
2355,26819,8907
2356,26819,8906
2357,26819,8902
2358,26819,8901
2359,26819,8897
2360,26819,8896
2361,26819,8892
2362,26819,8891
2363,26819,8655
2364,26819,8654
2365,36027,10634
2366,36027,10633
2367,36027,10632
2368,36027,10631
2369,36027,10630
2370,36027,10629
2371,36027,10628
2372,36027,10627
2373,36027,10626
2374,36027,10625
2375,36027,10624
2376,36027,10623
2377,36025,10634
2378,36025,10633
2379,36025,10632
2380,36025,10631
2381,36025,10630
2382,36025,10629
2383,36025,10628
2384,36025,10627
2385,36025,10626
2386,36025,10625
2387,36025,10624
2388,36025,10623
2389,27,2950
2390,27,2952
2391,27,2951
2392,27,2949
2393,27,2948
2394,27,2947
2395,27,2946
2396,27,2945
2397,27,2944
2398,27,2943
2399,27,2942
2400,27,2941
2401,27,2940
2402,27,2939
2403,27,2938
2404,27,2937
2405,27,2936
2406,10307,2950
2407,10307,2952
2408,10307,2951
2409,10307,2949
2410,10307,2948
2411,10307,2947
2412,10307,2946
2413,10307,2945
2414,10307,2944
2415,10307,2943
2416,10307,2942
2417,10307,2941
2418,10307,2940
2419,10307,2939
2420,10307,2938
2421,10307,2937
2422,10307,2936
2423,27,2956
2424,27,2957
2425,27,2961
2426,27,2954
2427,27,2963
2428,27,2959
2429,27,2953
2430,27,2958
2431,27,2965
2432,27,2962
2433,27,2966
2434,27,2955
2435,27,2967
2436,27,2968
2437,27,2964
2438,27,2969
2439,27,2960
2440,10307,2956
2441,10307,2957
2442,10307,2961
2443,10307,2954
2444,10307,2963
2445,10307,2959
2446,10307,2953
2447,10307,2958
2448,10307,2965
2449,10307,2962
2450,10307,2966
2451,10307,2955
2452,10307,2967
2453,10307,2968
2454,10307,2964
2455,10307,2969
2456,10307,2960
2457,10307,5984
2458,10307,4374
2459,10307,4378
2460,10307,5985
2461,10307,5987
2462,10307,5986
2463,10307,4380
2464,10307,4376
2465,10307,5988
2466,10307,4375
2467,10307,4377
2468,10307,5989
2469,10307,4373
2470,10307,4372
2471,10307,4371
2472,10307,4370
2473,10307,4369
2474,10307,4368
2475,10307,4367
2476,10307,4366
2477,10307,4365
2478,10307,4364
2479,10307,10238
2480,10307,4362
2481,10307,6001
2482,10307,6000
2483,10307,5999
2484,10307,5998
2485,10307,5997
2486,10307,5996
2487,10307,5995
2488,10307,5994
2489,10307,5993
2490,10307,5992
2491,10307,5991
2492,10307,5990
2493,26533,8915
2494,26533,10615
2495,26533,10622
2496,26533,10621
2497,26533,8910
2498,26533,8895
2499,26533,8905
2500,26533,8900
2501,26533,10619
2502,26533,10617
2503,26533,10618
2504,26533,8890
2505,26533,8653
2506,26533,10620
2507,26533,8912
2508,26533,8911
2509,26533,8907
2510,26533,8906
2511,26533,8902
2512,26533,8901
2513,26533,8897
2514,26533,8896
2515,26533,8892
2516,26533,8891
2517,26533,8655
2518,26533,8654
2519,26533,10632
2520,26533,10631
2521,26533,10634
2522,26533,10633
2523,26533,10624
2524,26533,10623
2525,26533,10625
2526,26533,10626
2527,26533,10628
2528,26533,10627
2529,26533,10629
2530,26533,10630
2531,40610,12393
2532,40603,12373
2533,40608,12428
2534,40604,12357
2535,40756,12357
2536,32162,9755
2537,32832,9755
2538,32833,9754
2539,32833,9751
2540,32165,9755
2541,32196,9834
2542,32210,9751
2543,32197,9849
2544,32197,9843
2545,32197,9840
2546,32197,9838
2547,32824,9863
2548,32199,9863
2549,32240,9863
2550,32239,9863
2551,33114,9863
2552,32846,9863
2553,32835,9863
2554,33112,9755
2555,32211,9755
2556,32162,9754
2557,32162,9751
2558,32832,9754
2559,32832,9751
2560,32833,9755
2561,32165,9754
2562,32165,9751
2563,32834,9755
2564,32834,9754
2565,32834,9751
2566,32831,9755
2567,32831,9754
2568,32831,9751
2569,32163,9751
2570,32163,9754
2571,32163,9755
2572,32163,9863
2573,32164,9863
2574,32164,9755
2575,32164,9751
2576,32164,9754
2577,32189,9863
2578,32188,9863
2579,32187,9863
2580,32186,9863
2581,32187,9759
2582,32189,9853
2583,32186,9849
2584,32186,9843
2585,32186,9840
2586,32186,9838
2587,32188,9754
2588,32190,9863
2589,32190,9834
2590,32855,9863
2591,32182,9759
2592,32184,9853
2593,32181,9843
2594,32181,9849
2595,32181,9840
2596,32181,9838
2597,32185,9834
2598,41385,12636
2599,41383,12506
2600,41381,12605
2601,41382,12639
2602,5435,1992
2603,24013,7773
2604,24013,7772
2605,24010,7774
2606,44055,12956
2607,44065,13239
2608,44070,12953
2609,44072,13101
2610,41834,12854
2611,4573,7774
2612,4573,7773
2613,4573,7771
2614,4573,7772
2615,4573,6993
2616,4573,6982
2617,4573,6983
2618,4573,6659
2619,4573,7469
2620,4573,7472
2621,4573,7470
2622,4573,7471
