ItemId,SubmarineExplorationId,LootTier,Min,Max,Probability
10,1,1,30,35,12.06
13,1,1,30,35,19.81
5665,1,1,10,15,20.79
5666,1,2,10,15,16.23
5715,1,1,10,15,17.15
5716,1,2,10,15,25.19
7590,1,1,15,20,10.80
10099,1,3,5,10,100.00
12220,1,1,30,40,19.40
12586,1,2,15,20,22.18
12923,1,2,5,10,20.00
12928,1,2,10,15,16.40
9,2,1,30,35,19.65
11,2,1,30,35,12.97
5118,2,2,15,20,21.82
5680,2,1,10,15,20.57
5681,2,2,10,15,16.54
5720,2,1,10,15,16.09
5721,2,2,10,15,26.71
7588,2,1,15,20,11.71
10099,2,3,5,10,100.00
12224,2,1,30,40,19.02
12923,2,2,5,10,19.30
12928,2,2,10,15,15.62
10,3,1,30,35,12.00
13,3,1,30,35,20.60
5700,3,1,10,15,16.84
5701,3,2,10,15,23.84
5710,3,1,10,15,21.82
5711,3,2,10,15,15.82
7590,3,1,15,20,9.75
10099,3,3,5,10,100.00
12220,3,1,30,40,18.99
12586,3,2,15,20,23.30
12923,3,2,5,10,20.04
12928,3,2,10,15,17.00
9,4,1,30,35,19.66
11,4,1,30,35,13.05
5118,4,2,15,20,22.05
5690,4,1,10,15,15.89
5691,4,2,10,15,26.50
5695,4,1,10,15,20.48
5696,4,2,10,15,16.48
7588,4,1,15,20,11.88
10099,4,3,5,10,59.04
12224,4,1,30,40,19.03
12923,4,2,5,10,19.32
12928,4,2,10,15,15.64
22441,4,3,2,2,40.96
10,5,1,30,35,13.10
13,5,1,30,35,22.03
5675,5,1,10,15,21.50
5676,5,2,10,15,15.26
5715,5,1,10,15,18.57
5716,5,2,10,15,18.85
10099,5,3,5,10,54.08
12220,5,1,30,40,18.12
12225,5,2,2,5,15.06
12585,5,2,15,20,19.90
12586,5,1,15,20,6.68
12923,5,2,5,10,18.07
12928,5,2,10,15,12.86
21921,5,3,1,1,45.92
9,6,1,30,35,22.65
11,6,1,30,35,13.46
5118,6,1,15,20,8.38
5120,6,2,15,20,18.41
5630,6,1,10,15,16.39
5631,6,2,10,15,24.61
5720,6,1,10,15,19.58
5721,6,2,10,15,10.39
10099,6,3,5,9,59.18
12224,6,1,30,40,19.54
12227,6,2,2,5,11.85
12923,6,2,5,10,22.99
12928,6,2,11,15,11.75
22441,6,3,2,2,40.82
10,7,1,30,35,10.76
13,7,1,30,35,11.65
5705,7,1,10,15,13.13
5706,7,2,10,15,16.44
5710,7,1,10,15,12.10
5711,7,2,10,15,28.13
10099,7,3,5,10,46.55
12220,7,1,30,40,15.60
12229,7,1,2,5,9.91
12585,7,2,15,20,17.25
12586,7,1,15,20,12.32
12923,7,1,5,10,14.54
12924,7,2,5,10,21.66
12928,7,2,10,15,16.53
21921,7,3,1,1,53.45
12,8,1,30,35,17.02
13,8,1,30,35,16.61
5671,8,1,10,15,17.78
5676,8,1,10,15,17.04
7590,8,2,30,35,25.91
10099,8,3,5,10,52.72
12225,8,1,2,5,17.19
12585,8,2,30,35,24.71
12586,8,2,30,35,24.54
12920,8,3,10,15,47.28
12923,8,1,5,10,14.36
12924,8,2,5,10,11.92
12928,8,2,10,15,12.92
8,9,1,30,35,4.69
9,9,1,30,35,28.18
5118,9,2,30,35,27.14
5120,9,2,30,35,26.16
5671,9,1,10,15,29.73
5716,9,1,10,15,4.75
7588,9,2,30,35,23.21
10099,9,3,5,10,29.90
12225,9,1,2,5,29.11
12920,9,3,10,15,35.82
12923,9,1,5,10,3.55
12924,9,2,5,10,9.57
12928,9,2,10,15,13.92
22442,9,3,1,2,34.28
5069,10,2,15,20,14.81
5187,10,1,20,25,20.39
5188,10,1,20,25,14.61
5189,10,1,20,25,16.76
5192,10,1,20,25,15.83
9360,10,2,15,20,20.79
12544,10,1,20,25,19.10
12545,10,1,20,25,13.31
22500,10,2,2,2,14.11
22501,10,2,2,2,18.80
22502,10,2,2,2,13.41
22503,10,2,2,2,18.08
22504,10,3,2,2,20.52
22505,10,3,2,2,19.24
22506,10,3,2,2,39.68
22507,10,3,2,2,20.56
7,11,1,55,65,4.12
19,11,1,12,17,16.80
5706,11,1,10,15,17.14
5707,11,2,7,10,18.11
5711,11,1,10,15,18.95
5712,11,2,7,10,21.05
10099,11,3,5,10,49.41
12223,11,1,30,40,21.25
12229,11,1,2,5,12.70
12585,11,2,30,35,19.12
12586,11,1,30,35,3.82
12923,11,1,5,10,5.22
12924,11,2,5,10,20.81
12928,11,2,10,15,20.90
21921,11,3,1,1,50.59
5,12,1,55,65,3.20
17,12,1,12,17,16.61
5120,12,2,30,35,22.86
5671,12,1,10,15,21.26
5672,12,2,7,10,21.98
5676,12,1,10,15,17.98
5677,12,2,7,10,18.08
7588,12,1,30,35,3.34
12223,12,1,30,40,21.18
12226,12,1,2,5,12.96
12921,12,3,10,15,46.62
12924,12,1,5,10,3.46
12925,12,2,5,10,19.10
12928,12,2,10,15,17.98
23337,12,3,1,1,53.38
3,13,1,55,65,9.17
15,13,1,12,17,11.14
5631,13,1,10,15,15.07
5632,13,2,7,10,23.62
5721,13,1,10,15,8.70
5722,13,2,7,10,18.14
10099,13,3,5,10,44.68
12223,13,1,30,40,10.45
12224,13,1,30,40,11.44
12228,13,1,2,5,9.96
12585,13,2,30,35,18.16
12586,13,1,30,35,10.71
12924,13,1,5,10,13.36
12925,13,2,5,10,21.83
12928,13,2,10,15,18.25
22506,13,3,2,2,55.32
5,14,1,55,65,2.24
17,14,1,12,17,17.43
5118,14,2,30,35,21.54
5120,14,2,30,35,20.81
5676,14,1,10,15,22.25
5677,14,2,7,10,20.84
5716,14,1,10,15,18.26
5717,14,2,7,10,18.52
7588,14,1,30,35,2.27
12223,14,1,30,40,22.07
12230,14,1,2,5,13.04
12657,14,3,2,2,45.89
12924,14,1,5,10,2.43
12925,14,2,5,10,18.30
22441,14,3,2,2,54.11
5187,15,1,20,25,20.41
5188,15,1,20,25,14.63
5189,15,1,20,25,16.82
5192,15,1,20,25,15.76
9360,15,2,15,20,20.79
12544,15,1,20,25,19.12
12545,15,1,20,25,13.27
22500,15,2,2,2,14.10
22501,15,2,2,2,18.81
22502,15,2,2,2,13.43
22503,15,2,2,2,18.07
22504,15,3,2,2,20.46
22505,15,3,2,2,19.26
22506,15,3,2,2,39.80
22507,15,3,2,2,20.48
23222,15,2,2,2,14.80
5667,16,1,10,15,13.40
5682,16,1,10,15,17.66
12220,16,1,30,40,12.85
12221,16,2,30,40,24.63
12222,16,2,30,40,17.05
12228,16,1,2,5,21.66
12578,16,2,30,35,21.66
12579,16,1,30,35,23.35
12657,16,3,2,2,42.82
12922,16,3,10,15,57.18
12925,16,1,5,10,11.08
12926,16,2,5,10,19.85
12928,16,2,10,15,16.81
5677,17,1,10,15,14.66
5717,17,1,10,15,21.13
12223,17,1,30,40,14.52
12224,17,1,30,40,16.89
12226,17,1,2,5,14.75
12532,17,2,30,35,14.38
12533,17,2,30,35,16.79
12537,17,2,30,35,15.00
12539,17,2,30,35,14.70
12551,17,2,30,35,14.47
12922,17,3,10,15,46.49
12925,17,1,5,10,18.05
12926,17,2,5,10,11.00
12928,17,2,10,15,13.67
23875,17,3,2,2,53.51
5069,18,1,15,20,55.42
9360,18,1,15,20,44.58
9733,18,2,2,2,14.20
15976,18,2,2,2,12.16
17019,18,2,2,2,11.47
22500,18,2,2,2,13.58
22501,18,2,2,2,12.83
22502,18,2,2,2,15.69
22503,18,2,2,2,7.90
22504,18,3,2,2,16.31
22505,18,3,2,2,17.47
22506,18,3,2,2,22.47
22507,18,3,2,2,12.48
23222,18,2,2,2,12.16
23875,18,3,2,2,31.28
5668,19,2,7,10,11.85
5672,19,1,10,15,19.56
5673,19,2,7,10,11.87
5678,19,2,7,10,15.03
5683,19,2,7,10,11.82
5718,19,2,7,10,12.48
5722,19,1,10,15,41.52
5723,19,2,7,10,10.91
12230,19,1,2,5,24.30
12922,19,3,10,15,20.14
12925,19,1,5,10,14.62
12926,19,2,5,10,11.63
12929,19,2,10,15,14.41
21921,19,3,1,1,30.88
22441,19,3,2,2,28.69
23337,19,3,1,1,20.29
5633,20,2,4,7,15.29
5668,20,2,4,7,14.98
5673,20,2,4,7,20.98
5678,20,2,4,7,12.26
5688,20,3,4,7,16.79
5693,20,3,4,7,20.99
5698,20,3,4,7,20.65
5703,20,3,5,7,21.43
5708,20,3,5,7,9.43
5713,20,3,4,7,10.71
5718,20,2,4,7,14.51
5723,20,2,4,7,21.97
12223,20,1,30,40,29.64
12224,20,1,30,40,34.89
14934,20,1,4,7,35.48
5365,21,2,10,20,21.64
5395,21,1,10,20,14.07
12221,21,1,30,40,24.05
12230,21,1,2,5,18.87
12578,21,1,30,35,19.44
12579,21,1,30,35,23.58
12922,21,3,10,15,37.98
12927,21,2,5,10,16.08
12928,21,2,10,15,14.50
14957,21,3,2,14,55.54
19930,21,2,30,35,14.94
19932,21,2,30,35,14.86
19933,21,2,30,35,17.97
21921,21,3,1,1,6.48
19,22,1,12,17,17.28
5116,22,1,30,35,23.98
5121,22,2,30,35,11.65
5633,22,2,7,10,14.58
5678,22,2,7,10,15.34
5683,22,2,7,10,11.44
12228,22,1,2,5,20.91
12534,22,1,30,35,37.83
12537,22,2,30,35,14.24
12929,22,2,10,15,9.61
16725,22,2,3,10,12.75
19957,22,2,30,35,10.39
23337,22,3,1,1,36.29
25008,22,3,30,40,63.71
14,23,1,12,17,23.22
15,23,1,12,17,23.73
5512,23,1,30,35,19.75
5668,23,2,7,10,13.44
5673,23,2,7,10,16.89
7040,23,3,2,2,41.22
7047,23,3,2,2,23.14
8028,23,3,2,2,22.69
12221,23,1,30,40,14.60
12226,23,1,2,5,18.70
12610,23,2,8,15,15.66
12925,23,2,5,9,20.13
12927,23,2,5,10,14.76
16908,23,2,4,8,19.12
24902,23,3,1,1,12.94
5226,24,3,6,15,28.83
12531,24,1,30,35,35.58
12532,24,1,30,35,19.22
12533,24,1,30,35,23.70
14955,24,1,30,35,21.50
18018,24,2,2,5,13.54
18019,24,2,2,5,10.43
18020,24,2,2,5,15.35
18021,24,2,2,5,12.11
18028,24,2,2,5,11.07
18029,24,2,2,5,14.88
19952,24,2,30,35,11.69
19956,24,2,30,35,10.93
20013,24,3,16,22,37.50
20014,24,3,16,21,33.67
5230,25,1,30,35,2.21
5231,25,1,30,35,18.21
5633,25,2,7,10,8.69
5683,25,2,7,10,6.66
5718,25,2,7,10,12.02
5723,25,2,7,10,12.43
7008,25,1,30,35,12.93
7010,25,1,30,35,23.68
12538,25,1,30,35,23.55
12539,25,1,30,35,19.42
12922,25,3,10,15,22.81
12927,25,2,5,10,12.00
22441,25,3,2,2,17.13
23222,25,2,2,2,15.98
23337,25,3,1,1,60.06
25008,25,2,15,20,32.22
16,26,1,12,17,27.25
5067,26,1,12,17,27.36
5069,26,1,15,20,25.83
5118,26,1,30,35,19.56
9733,26,2,2,2,13.57
17019,26,2,2,2,14.29
22500,26,2,2,2,18.79
22501,26,2,2,2,17.31
22502,26,2,2,2,25.45
22503,26,2,2,2,10.60
22504,26,3,2,2,32.02
22505,26,3,2,2,17.28
22506,26,3,2,2,17.36
22507,26,3,2,2,21.32
24908,26,3,2,2,12.03
5668,27,2,7,10,11.21
5673,27,2,7,10,10.84
5678,27,2,7,10,14.95
7621,27,1,15,20,32.33
7671,27,1,15,20,25.56
10335,27,2,20,25,11.63
10386,27,1,15,20,42.11
16906,27,2,2,2,14.62
17837,27,2,20,25,10.56
21800,27,2,20,25,12.49
21921,27,3,1,1,24.80
17,28,1,12,17,32.65
18,28,1,12,17,35.06
12925,28,1,5,10,32.29
18011,28,2,2,5,18.72
18018,28,2,2,5,12.96
18019,28,2,2,5,16.73
18020,28,2,2,5,18.35
18022,28,3,3,5,11.71
18023,28,3,3,6,27.87
18024,28,3,3,6,10.04
18025,28,3,3,5,12.56
18026,28,3,3,6,17.86
18027,28,3,3,6,19.97
18028,28,2,2,5,17.83
18029,28,2,2,5,15.41
5069,29,1,15,20,19.59
5118,29,1,30,35,18.48
5121,29,2,30,35,21.76
7009,29,1,15,20,23.37
7589,29,1,30,35,15.35
9360,29,1,15,20,23.22
9733,29,2,2,2,14.90
12657,29,2,2,2,17.65
16706,29,2,6,14,16.55
17019,29,2,2,2,16.52
19953,29,2,30,35,12.63
23875,29,3,2,2,63.16
24503,29,3,2,2,36.84
8,30,1,33,43,18.34
9,30,1,33,43,21.16
10,30,1,33,43,2.82
11,30,1,33,43,21.82
12,30,1,33,43,2.17
13,30,1,33,43,12.04
10099,30,2,4,5,23.96
12226,30,1,2,5,2.72
12228,30,1,2,5,16.55
12230,30,1,2,5,2.37
19962,30,2,15,20,25.94
19964,30,2,15,20,26.71
19967,30,2,15,20,23.39
23875,30,3,2,2,37.44
24490,30,3,2,2,37.50
24505,30,3,2,2,25.05
5,32,1,55,65,19.74
11,32,1,33,43,23.27
5232,32,1,30,35,14.09
12532,32,1,30,35,18.63
12926,32,1,5,10,24.28
18018,32,2,2,5,16.95
18021,32,2,2,5,18.93
18028,32,2,2,5,15.92
20791,32,2,6,7,23.77
26528,32,3,5,10,41.97
26531,32,3,30,40,58.03
27696,32,2,30,35,9.86
27801,32,2,30,35,14.57
4,33,1,55,65,16.43
10,33,1,33,43,19.50
5392,33,2,2,13,18.76
5395,33,2,30,35,18.19
12226,33,2,2,5,24.66
12230,33,2,2,5,10.92
12924,33,1,5,10,41.96
19932,33,1,30,35,22.11
23875,33,2,1,2,11.71
26528,33,3,5,10,42.04
26529,33,3,30,40,57.96
27683,33,2,30,35,15.76
7,34,1,55,65,20.32
13,34,1,33,43,46.59
5120,34,2,30,35,10.29
12538,34,2,30,35,15.03
12920,34,3,10,15,24.05
12921,34,3,10,15,17.65
12923,34,1,5,10,19.26
18019,34,2,2,5,15.20
18020,34,2,2,5,16.87
18029,34,2,2,5,17.04
25187,34,3,3,6,25.15
25189,34,3,3,6,33.15
26531,34,2,15,20,12.97
27696,34,1,30,35,13.83
27697,34,2,30,35,12.60
2,35,1,55,65,20.27
8,35,1,33,43,46.46
5391,35,1,30,35,19.33
5392,35,2,3,13,8.71
12920,35,3,10,15,24.66
12921,35,3,10,15,17.74
14957,35,2,3,13,17.04
25186,35,3,3,6,33.05
25188,35,3,3,6,24.55
26528,35,2,4,7,15.26
26529,35,2,15,20,16.56
27683,35,1,30,35,13.94
27684,35,2,30,35,12.38
27685,35,2,30,35,16.43
27697,35,2,30,35,13.62
6,36,1,55,65,19.40
12,36,1,33,43,23.42
5116,36,1,30,35,13.74
12224,36,1,30,40,24.42
12531,36,1,30,35,19.02
14151,36,2,3,13,23.22
22441,36,3,2,2,54.74
23222,36,2,2,2,26.40
25198,36,3,3,6,14.89
26802,36,3,1,1,30.37
27698,36,2,30,35,26.58
27699,36,2,30,35,23.79
5226,37,2,3,13,14.79
5384,37,1,30,35,19.29
12221,37,1,30,40,47.18
12578,37,1,30,35,19.95
19933,37,1,30,35,13.57
19934,37,3,2,14,49.44
24902,37,3,1,1,16.76
25190,37,3,3,6,33.80
26528,37,2,4,7,40.64
27684,37,2,30,35,15.71
27685,37,2,30,35,12.49
27686,37,2,30,35,16.38
5512,38,1,30,35,20.06
8028,38,3,2,2,29.74
10099,38,2,4,5,23.08
12220,38,1,30,40,46.66
12223,38,1,30,40,13.80
12610,38,2,20,25,21.61
12922,38,3,10,15,35.83
12927,38,1,5,10,19.47
16908,38,2,2,15,16.61
19980,38,2,15,20,19.09
24490,38,2,1,2,19.61
24902,38,3,1,1,34.43
5066,39,1,30,35,19.99
5118,39,1,20,30,43.06
9360,39,1,15,20,36.95
19967,39,2,15,20,17.21
22500,39,2,2,2,14.04
22501,39,2,2,2,15.31
22502,39,2,2,2,16.74
22503,39,2,2,2,15.07
22504,39,2,2,2,4.35
22505,39,2,2,2,3.66
22506,39,2,2,2,6.97
22507,39,2,2,2,6.66
24503,39,3,2,2,59.11
24908,39,3,2,2,40.89
5113,40,1,30,35,15.60
7588,40,1,20,30,21.63
12224,40,1,30,40,42.92
12520,40,1,15,20,19.85
19938,40,2,15,20,8.22
24505,40,3,2,2,42.32
25008,40,2,20,25,15.58
25197,40,3,3,6,35.49
26529,40,2,15,20,18.57
26531,40,2,15,20,16.61
26802,40,3,1,1,22.20
27698,40,2,30,35,13.48
27699,40,2,30,35,12.34
27700,40,2,30,35,15.21
14,41,2,30,35,10.41
15,41,2,30,35,9.05
16,41,2,30,35,12.40
17,41,2,30,35,10.41
18,41,2,30,35,8.01
19,41,2,30,35,13.56
12537,41,1,30,35,26.75
12544,41,2,20,25,8.48
12926,41,1,5,10,41.32
19967,41,3,20,25,23.56
27287,41,3,2,2,41.50
27293,41,3,2,2,34.94
27701,41,2,30,35,8.78
27801,41,1,30,35,31.93
27803,41,2,30,35,18.90
10,42,1,33,43,13.53
12221,42,1,30,40,67.23
12606,42,2,2,4,14.73
19930,42,1,30,35,19.24
19933,42,2,30,35,16.76
20270,42,2,1,2,9.86
25188,42,3,4,13,16.93
25197,42,3,4,13,24.16
26529,42,2,15,20,29.50
26802,42,3,1,1,58.91
27683,42,2,30,35,13.88
27684,42,2,30,35,15.26
13,43,1,33,43,14.78
10099,43,2,4,5,6.55
12226,43,2,6,6,10.58
12228,43,2,6,6,7.93
12230,43,2,6,6,12.95
19967,43,2,15,20,10.57
25187,43,3,4,13,24.81
25198,43,3,4,13,17.88
26531,43,2,15,20,29.46
27287,43,3,2,2,57.31
27697,43,1,30,35,19.43
27701,43,2,30,35,9.24
27801,43,1,30,35,65.78
27803,43,2,30,35,12.74
9,44,1,33,43,19.55
5226,44,2,2,13,14.22
5563,44,1,2,6,61.05
17837,44,2,20,25,16.28
25190,44,3,4,13,23.01
26528,44,2,4,7,30.14
26531,44,3,30,40,74.71
27696,44,1,30,35,19.40
27699,44,2,30,35,13.71
27700,44,2,30,35,9.30
27702,44,2,30,35,16.35
28621,44,3,1,1,2.27
11,45,1,33,43,17.34
5564,45,1,2,6,62.33
14957,45,2,2,13,12.05
17837,45,2,20,25,17.50
25186,45,3,4,13,21.13
26528,45,2,4,7,25.36
26529,45,3,30,40,73.50
27683,45,1,30,35,20.33
27685,45,2,30,35,17.12
27686,45,2,30,35,12.93
27687,45,2,30,35,15.04
28621,45,3,1,1,5.37
12,46,1,33,43,46.46
5067,46,1,15,20,19.35
5069,46,1,15,20,20.19
5118,46,1,30,35,14.00
24503,46,2,2,2,14.52
24908,46,2,2,2,9.08
25189,46,3,8,12,35.75
27293,46,3,2,2,32.60
27708,46,2,15,20,10.04
27709,46,2,16,20,11.74
27995,46,2,4,12,18.32
27996,46,2,4,12,19.80
27998,46,2,4,11,16.51
28136,46,3,2,2,31.65
11,47,1,40,50,42.22
19934,47,1,13,13,25.28
24490,47,3,2,2,58.26
26528,47,2,4,7,24.59
26529,47,2,15,20,31.27
27683,47,1,30,35,32.50
27685,47,2,30,35,11.76
27686,47,2,30,35,16.66
27687,47,2,30,35,15.72
28621,47,3,1,1,33.55
30093,47,3,1,1,8.19
8,48,1,33,43,21.41
5232,48,1,30,35,43.84
12537,48,1,30,35,15.06
24902,48,2,1,1,22.10
27287,48,2,2,2,27.30
27701,48,1,30,35,19.68
29590,48,2,5,7,50.60
10,49,1,33,43,19.40
22441,49,2,2,2,17.17
25197,49,3,4,6,19.80
25198,49,3,4,6,13.94
26802,49,3,1,1,17.03
27293,49,3,2,2,6.70
27736,49,2,30,35,22.95
27753,49,1,30,35,32.81
27759,49,2,30,35,21.96
27773,49,2,30,35,18.27
27774,49,2,30,35,19.66
27817,49,1,30,35,47.80
28980,49,3,2,2,42.53
13,50,1,33,43,19.40
12531,50,1,30,35,48.06
12534,50,2,30,35,22.62
21921,50,3,1,1,29.59
24503,50,2,2,2,27.38
24908,50,2,2,2,26.78
25186,50,3,4,5,10.61
25190,50,3,4,6,23.30
27702,50,1,30,35,32.53
27703,50,2,30,35,23.22
30034,50,3,2,2,36.50
12,51,1,33,43,19.52
12230,51,2,6,6,11.97
12922,51,2,10,15,23.34
12924,51,1,5,10,48.25
12926,51,1,5,10,32.23
22442,51,3,2,2,38.46
24505,51,3,2,2,30.59
25187,51,2,4,6,14.69
25188,51,2,4,6,16.04
25189,51,2,4,6,14.82
26528,51,2,4,7,19.15
28136,51,3,2,2,30.95
12923,53,2,5,10,36.16
20791,53,2,6,7,30.82
24902,53,3,1,1,100.00
26529,53,2,15,20,33.02
27683,53,1,30,35,65.13
27684,53,1,30,35,34.87
12230,54,2,6,6,34.83
22442,54,3,2,2,100.00
27696,54,1,30,35,64.41
27699,54,1,30,35,35.59
29590,54,2,5,7,34.43
30034,54,2,2,2,30.74
12921,55,2,10,15,33.12
12924,55,2,5,10,35.86
21921,55,3,1,1,100.00
27293,55,2,2,2,31.02
27700,55,1,30,35,65.08
27702,55,1,30,35,34.92
12226,56,1,6,6,24.92
12228,56,1,6,6,24.90
12922,56,2,10,15,29.61
12925,56,2,5,10,37.23
26531,56,2,15,20,33.17
27697,56,1,30,35,24.71
27698,56,1,30,35,25.47
30093,56,3,1,1,100.00
12920,57,2,10,15,33.06
12926,57,2,5,10,36.61
27685,57,1,30,35,65.44
27686,57,1,30,35,34.56
28136,57,2,2,2,30.33
28621,57,3,1,1,100.00
12230,58,1,6,6,33.41
12927,58,2,5,10,36.97
17019,58,2,2,2,30.30
27701,58,1,30,35,33.51
27703,58,1,30,35,33.08
29590,58,2,5,7,32.72
31322,58,3,1,1,100.00
23222,59,2,2,2,30.25
26528,59,2,5,10,37.08
27696,59,1,30,35,64.86
27699,59,1,30,35,35.14
29590,59,2,5,7,32.67
31671,59,3,1,1,100.00
12929,60,2,10,15,36.51
24503,60,2,2,2,30.20
27686,60,1,30,35,64.09
27687,60,1,30,35,35.91
29590,60,2,5,7,33.29
30386,60,3,2,2,100.00
12230,61,2,6,6,49.71
12922,61,2,10,15,50.29
27699,61,1,30,35,33.86
27702,61,1,30,35,32.26
27703,61,1,30,35,33.89
32205,61,3,2,2,100.00
12226,62,2,6,6,49.96
23222,62,2,2,2,50.04
27698,62,1,30,35,34.36
27700,62,1,30,35,31.99
27701,62,1,30,35,33.65
32214,62,3,2,2,100.00
5118,63,1,30,35,34.32
26528,63,2,5,10,50.59
26531,63,2,15,20,49.41
27696,63,1,30,35,33.36
27697,63,1,30,35,32.32
33120,63,3,2,2,100.00
19934,64,1,13,13,33.92
20791,64,2,6,7,51.68
26529,64,2,15,20,48.32
27685,64,1,30,35,32.39
27686,64,1,30,35,33.69
32223,64,3,2,2,63.09
32248,64,3,2,2,36.91
27683,65,1,30,35,31.98
27684,65,1,30,35,34.27
27687,65,1,30,35,33.75
29590,65,2,5,7,49.67
30034,65,2,2,2,50.33
32848,65,3,2,2,100.00
26531,66,2,15,20,50.08
27683,66,1,35,40,31.85
27684,66,1,35,40,34.37
27687,66,1,35,40,33.78
29590,66,2,5,7,49.92
33872,66,3,2,2,100.00
27698,67,1,35,40,34.60
27700,67,1,35,40,32.32
27701,67,1,35,40,33.08
28980,67,2,2,2,50.60
32223,67,2,2,2,49.40
33848,67,3,2,2,100.00
27683,68,1,35,40,32.09
27684,68,1,35,40,34.16
27687,68,1,35,40,33.75
28621,68,2,2,2,49.97
31322,68,2,2,2,50.03
32248,68,3,2,2,100.00
26529,69,2,16,20,49.21
27699,69,1,35,40,33.55
27702,69,1,35,40,32.70
27703,69,1,35,40,33.75
29590,69,2,5,7,50.79
33871,69,3,2,2,100.00
19934,70,1,35,40,34.25
27685,70,1,35,40,32.14
27686,70,1,35,40,33.61
32214,70,2,2,2,49.74
32848,70,2,2,2,50.26
33873,70,3,2,2,100.00
27699,71,1,35,40,33.21
27702,71,1,35,40,32.45
27703,71,1,35,40,34.35
31671,71,2,2,2,47.36
33120,71,2,2,2,52.64
33287,71,3,0,0,100.00
5118,72,1,35,40,34.44
27696,72,1,35,40,33.27
27697,72,1,35,40,32.30
30093,72,2,2,2,48.84
32205,72,2,2,2,51.16
33695,72,3,2,2,100.00
29590,74,2,5,7,36.08
30034,74,2,2,2,63.92
33848,74,3,2,2,100.00
36086,74,1,35,40,34.53
36087,74,1,35,40,33.61
36094,74,1,35,40,31.86
28621,75,2,2,2,63.73
29590,75,2,5,7,36.27
33873,75,3,2,2,100.00
36089,75,1,35,40,32.15
36096,75,1,35,40,33.85
36097,75,1,35,40,34.00
26528,76,2,5,10,35.93
30093,76,2,2,2,64.07
36175,76,1,35,40,34.02
36180,76,1,35,40,33.79
36181,76,1,35,40,32.20
37490,76,3,2,2,100.00
26528,77,2,5,10,36.77
30386,77,2,2,2,63.23
36190,77,1,35,40,33.24
36193,77,1,35,40,32.41
36194,77,1,35,40,34.35
44261,77,3,2,2,100.00
32248,78,2,2,2,50.33
33695,78,2,2,2,49.67
36174,78,1,35,40,33.46
36177,78,1,35,40,32.33
36178,78,1,35,40,34.21
37489,78,3,0,0,100.00
24505,79,2,2,2,49.71
31322,79,2,2,2,50.29
36083,79,1,35,40,34.18
36205,79,1,35,40,33.57
36206,79,1,35,40,32.26
37485,79,3,2,2,100.00
36164,80,1,35,40,41.01
36165,80,1,35,40,16.23
36176,80,1,35,40,42.77
37083,80,2,5,7,100.00
26802,81,2,2,2,49.11
33848,81,2,2,2,50.89
36086,81,1,35,40,34.35
36087,81,1,35,40,33.23
36094,81,1,35,40,32.42
38684,81,3,0,0,100.00
21921,82,2,2,2,48.68
36164,82,1,35,40,32.70
36165,82,1,35,40,34.11
36176,82,1,35,40,33.20
37485,82,2,2,2,51.32
38580,82,3,0,0,100.00
28980,83,2,2,2,48.98
36174,83,1,35,40,33.39
36177,83,1,35,40,32.13
36178,83,1,35,40,34.48
37489,83,2,2,2,51.02
38685,83,3,2,2,100.00
32848,84,2,2,2,50.31
33873,84,2,2,2,49.69
36089,84,1,35,40,32.47
36096,84,1,35,40,33.49
36097,84,1,35,40,34.04
38607,84,3,2,2,100.00
36190,85,1,35,40,33.60
36193,85,1,35,40,32.39
36194,85,1,35,40,34.01
37083,85,2,5,7,49.48
37490,85,2,2,2,50.52
38608,85,3,2,2,100.00
24503,86,2,2,2,51.23
36175,86,1,35,40,33.85
36180,86,1,35,40,32.09
36181,86,1,35,40,34.06
38619,86,3,2,2,100.00
44261,86,2,2,2,48.77
36190,87,1,35,40,32.97
36193,87,1,35,40,33.05
36194,87,1,35,40,33.97
37485,87,2,2,2,51.11
39382,87,3,2,2,64.86
39587,87,3,2,2,35.14
44261,87,2,2,2,48.89
36086,88,1,35,40,34.05
36087,88,1,35,40,33.33
36094,88,1,35,40,32.62
38684,88,2,2,2,49.61
38685,88,2,2,2,50.39
39387,88,3,2,2,100.00
36174,89,1,35,40,33.67
36177,89,1,35,40,32.29
36178,89,1,35,40,34.04
38580,89,2,2,2,51.76
38607,89,2,2,2,48.24
39585,89,3,2,2,100.00
36164,90,1,35,40,34.11
36165,90,1,35,40,33.59
36176,90,1,35,40,32.31
38608,90,2,2,2,49.05
38619,90,2,2,2,50.95
39588,90,3,2,2,100.00
33873,91,2,2,2,48.47
36083,91,1,35,40,33.65
36205,91,1,35,40,33.48
36206,91,1,35,40,32.88
37489,91,2,2,2,51.53
39586,91,3,2,2,100.00
33287,92,2,2,2,51.82
33848,92,2,2,2,48.18
36175,92,1,35,40,33.75
36180,92,1,35,40,32.57
36181,92,1,35,40,33.68
39476,92,3,2,2,100.00
33871,93,2,2,2,49.71
36089,93,1,35,40,32.83
36096,93,1,35,40,33.06
36097,93,1,35,40,34.11
37083,93,2,5,7,50.29
39618,93,3,2,2,100.00
36175,95,1,35,40,33.89
36180,95,1,35,40,33.07
36181,95,1,35,40,33.04
37489,95,2,2,2,49.97
38607,95,2,2,2,50.03
40638,95,3,0,0,100.00
36086,96,1,35,40,33.94
36087,96,1,35,40,33.57
36094,96,1,35,40,32.48
37485,96,2,2,2,49.51
37490,96,2,2,2,50.49
40699,96,3,2,2,100.00
36190,97,1,35,40,33.04
36193,97,1,35,40,33.31
36194,97,1,35,40,33.66
39387,97,2,2,2,50.69
39618,97,2,2,2,49.31
40698,97,3,2,2,100.00
36089,98,1,35,40,33.01
36096,98,1,35,40,33.37
36097,98,1,35,40,33.63
38580,98,2,2,2,50.81
39585,98,2,2,2,49.19
40659,98,3,2,2,100.00
36083,99,1,35,40,33.91
36205,99,1,35,40,33.29
36206,99,1,35,40,32.80
38684,99,2,2,2,49.87
38685,99,2,2,2,50.13
40697,99,3,0,0,100.00
36164,100,1,35,40,33.40
36165,100,1,35,40,33.69
36176,100,1,35,40,32.90
39586,100,2,2,2,51.23
39588,100,2,2,2,48.77
40696,100,3,2,2,100.00
36174,101,1,35,40,32.76
36177,101,1,35,40,33.22
36178,101,1,35,40,34.02
37083,101,2,5,7,50.91
39476,101,2,2,2,49.09
40381,101,3,2,2,100.00
36174,102,1,35,40,32.59
36177,102,1,35,40,33.56
36178,102,1,35,40,33.85
37083,102,2,5,7,49.72
41652,102,3,0,0,100.00
44261,102,2,2,2,50.28
36164,103,1,35,40,33.85
36165,103,1,35,40,33.89
36176,103,1,35,40,32.26
38607,103,2,2,2,50.44
40699,103,2,2,2,49.56
41427,103,3,2,2,100.00
36086,104,1,35,40,33.67
36087,104,1,35,40,32.65
36094,104,1,35,40,33.68
40659,104,2,2,2,49.95
40698,104,2,2,2,50.05
41103,104,3,2,2,100.00
36164,105,1,35,40,34.36
36165,105,1,35,40,33.27
36176,105,1,35,40,32.37
38580,105,2,2,2,50.14
40638,105,2,2,2,49.86
41651,105,3,0,0,100.00
36190,106,1,35,40,32.03
36193,106,1,35,40,34.80
36194,106,1,35,40,33.17
38608,106,2,2,2,51.02
40697,106,2,2,2,48.98
41664,106,3,2,2,100.00
36083,107,1,35,40,33.47
36205,107,1,35,40,31.71
36206,107,1,35,40,34.82
39587,107,2,2,2,50.23
40381,107,2,2,2,49.77
41665,107,3,0,0,100.00
37083,108,2,5,7,58.65
41143,108,3,0,0,100.00
41427,108,2,2,2,41.35
43978,108,1,35,40,37.09
43981,108,1,35,40,34.50
43988,108,1,35,40,28.40
39476,109,2,2,2,58.43
40696,109,2,2,2,41.57
41821,109,3,0,0,100.00
43992,109,1,35,40,36.40
43993,109,1,35,40,28.67
44002,109,1,35,40,34.93
33873,110,2,2,2,43.43
38607,110,2,2,2,56.57
41818,110,3,0,0,100.00
44014,110,1,35,40,34.98
44015,110,1,35,40,35.97
44016,110,1,35,40,29.05
38608,111,2,2,2,42.86
40699,111,2,2,2,57.14
41806,111,3,0,0,100.00
43985,111,1,35,40,34.93
43986,111,1,35,40,36.47
43987,111,1,35,40,28.60
41651,112,2,2,2,42.70
41664,112,2,2,2,57.30
44003,112,1,35,40,35.52
44004,112,1,35,40,35.17
44006,112,1,35,40,29.31
44326,112,3,0,0,100.00
40698,113,2,2,2,58.56
41103,113,2,0,0,41.44
41820,113,3,0,0,100.00
44024,113,1,35,40,35.63
44025,113,1,35,40,34.72
44026,113,1,35,40,29.64
41652,114,2,2,2,42.81
41665,114,2,2,2,57.19
43994,114,1,35,40,35.36
43995,114,1,35,40,34.74
44007,114,1,35,40,29.89
44327,114,3,0,0,100.00
41820,116,2,2,2,30.03
43974,116,2,18,20,19.82
43976,116,2,8,20,21.03
43977,116,2,8,20,15.94
43979,116,1,35,40,34.88
43981,116,1,35,40,29.03
43982,116,1,35,40,36.09
44261,116,2,2,2,13.18
45037,116,3,2,2,100.00
37485,117,2,2,2,12.95
41143,117,2,2,2,29.11
43992,117,1,35,40,36.07
43993,117,1,35,40,34.20
43994,117,1,35,40,29.73
43997,117,2,7,8,16.94
43998,117,2,7,8,20.74
43999,117,2,7,8,20.26
45073,117,3,2,2,100.00
38580,118,2,2,2,12.57
41821,118,2,2,2,28.79
44024,118,1,35,40,34.73
44025,118,1,35,40,34.86
44026,118,1,35,40,30.42
44029,118,2,7,8,16.56
44030,118,2,7,8,21.41
44031,118,2,7,8,20.68
44486,118,3,2,2,100.00
33873,119,2,0,0,11.91
44003,119,1,35,40,34.69
44004,119,1,35,40,34.13
44006,119,1,35,40,31.18
44009,119,2,13,14,17.21
44010,119,2,0,0,20.74
44012,119,2,13,13,20.17
44326,119,2,2,2,29.98
44900,119,3,0,0,100.00
32205,120,2,0,0,12.20
44053,120,1,35,40,34.27
44054,120,1,35,40,34.67
44055,120,1,35,40,31.06
44058,120,2,10,11,17.02
44059,120,2,10,10,21.16
44060,120,2,11,11,20.68
44327,120,2,0,0,28.94
44911,120,3,0,0,100.00
38608,121,2,2,2,12.74
41818,121,2,2,2,28.47
44016,121,1,35,40,34.60
44017,121,1,35,40,34.65
44018,121,1,35,40,30.75
44021,121,2,7,8,16.46
44022,121,2,7,8,21.26
44023,121,2,7,8,21.07
44488,121,3,2,2,100.00
31322,122,2,2,2,12.19
41806,122,2,2,2,29.35
43995,122,1,35,40,34.37
43996,122,1,35,40,30.97
44000,122,2,7,8,17.17
44001,122,2,7,8,20.83
44005,122,1,35,40,34.66
44011,122,2,7,8,20.47
44895,122,3,2,2,100.00
24503,123,2,2,2,18.35
44053,123,1,35,40,35.35
44054,123,1,35,40,35.38
44055,123,1,35,40,29.27
44058,123,2,10,10,16.17
44059,123,2,10,11,22.38
44060,123,2,11,11,19.27
45073,123,2,2,2,23.83
48102,123,3,0,0,100.00
41806,124,2,0,0,21.77
43974,124,2,18,20,21.07
43976,124,2,20,20,19.65
43977,124,2,18,20,17.73
43979,124,1,35,40,34.47
43981,124,1,35,40,30.09
43982,124,1,35,40,35.44
44488,124,2,2,2,19.77
48099,124,3,0,0,100.00
30093,125,2,2,2,19.37
32214,125,2,2,2,22.86
44003,125,1,35,40,35.20
44004,125,1,35,40,35.09
44006,125,1,35,40,29.71
44009,125,2,14,14,16.83
44010,125,2,13,13,20.73
44012,125,2,0,0,20.21
48131,125,3,0,0,100.00
38608,126,2,2,2,21.49
43992,126,1,35,40,35.70
43993,126,1,35,40,34.62
43994,126,1,35,40,29.68
43997,126,2,0,0,18.43
43998,126,2,0,0,19.83
43999,126,2,8,8,20.01
44486,126,2,2,2,20.24
48731,126,3,0,0,100.00
44024,127,1,35,40,32.99
44025,127,1,35,40,34.28
44026,127,1,35,40,32.74
44029,127,2,0,0,17.23
44030,127,2,0,0,20.64
44031,127,2,0,0,20.84
44261,127,2,0,0,18.33
44326,127,2,0,0,22.96
48149,127,3,0,0,100.00
33873,128,2,0,0,18.53
44016,128,1,35,40,33.61
44017,128,1,35,40,34.08
44018,128,1,35,40,32.30
44021,128,2,7,8,15.53
44022,128,2,0,0,21.60
44023,128,2,7,7,21.15
45037,128,2,0,0,23.18
48224,128,3,0,0,100.00
