BNpcBaseId,BNpcNameId,TerritoryTypeId,Position,Subtype
3758096384,8329,1250,21.4;-7.3786975E+17;-3.689349E+19,0
3758096384,11307,1250,21.4;-7.3786975E+17;-3.689349E+19,0
3758096384,10369,1250,21.4;-7.3786975E+17;-3.689349E+19,0
3758096384,12024,1250,21.4;-7.3786975E+17;-3.689349E+19,0
3758096384,4785,1185,13.3;-7.3786975E+17;-3.689349E+19,0
3758096384,4785,1185,13.3;-7.3786975E+17;-3.689349E+19,0
3758096384,4785,1185,13.3;-7.3786975E+17;-3.689349E+19,0
3758096384,4785,1185,13.3;-7.3786975E+17;-3.689349E+19,0
3758096384,4785,1185,13.3;-7.3786975E+17;-3.689349E+19,0
3758096384,4785,1185,13.3;-7.3786975E+17;-3.689349E+19,0
3758096384,4785,1185,13.3;-7.3786975E+17;-3.689349E+19,0
3758096384,4785,1185,13.3;-7.3786975E+17;-3.689349E+19,0
3758096384,5229,1185,13.3;-7.3786975E+17;-3.689349E+19,0
3758096384,5229,1185,13.3;-7.3786975E+17;-3.689349E+19,0
3758096384,5229,1185,13.3;-7.3786975E+17;-3.689349E+19,0
3758096384,5229,1185,13.3;-7.3786975E+17;-3.689349E+19,0
3758096384,5229,1185,13.3;-7.3786975E+17;-3.689349E+19,0
3758096384,5229,1185,13.3;-7.3786975E+17;-3.689349E+19,0
3758096384,5229,1185,13.3;-7.3786975E+17;-3.689349E+19,0
3758096384,5332,1185,13.3;-7.3786975E+17;-3.689349E+19,0
3758096384,5332,1185,13.3;-7.3786975E+17;-3.689349E+19,0
3758096384,1669,1185,13.3;-7.3786975E+17;-3.689349E+19,0
3758096384,1669,1185,13.3;-7.3786975E+17;-3.689349E+19,0
3758096384,1669,1185,13.3;-7.3786975E+17;-3.689349E+19,0
3758096384,1669,1185,13.3;-7.3786975E+17;-3.689349E+19,0
3758096384,1860,1185,13.3;-7.3786975E+17;-3.689349E+19,0
3758096384,1819,1185,13.3;-7.3786975E+17;-3.689349E+19,0
3758096384,4824,1185,13.3;-7.3786975E+17;-3.689349E+19,0
3758096384,5496,340,11.2;-7.3786975E+17;-3.689349E+19,0
3758096384,8025,340,11.2;-7.3786975E+17;-3.689349E+19,0
3758096384,8329,340,11.2;-7.3786975E+17;-3.689349E+19,0
3758096384,8329,340,11.2;-7.3786975E+17;-3.689349E+19,0
3758096384,11307,340,11.2;-7.3786975E+17;-3.689349E+19,0
3758096384,10141,340,11.2;-7.3786975E+17;-3.689349E+19,0
3758096384,10141,340,11.2;-7.3786975E+17;-3.689349E+19,0
3758096384,4824,340,11.2;-7.3786975E+17;-3.689349E+19,0
3758096384,8037,1186,12.3;-7.3786975E+17;-3.689349E+19,0
3758096384,8037,1186,12.3;-7.3786975E+17;-3.689349E+19,0
3758096384,8218,1186,12.3;-7.3786975E+17;-3.689349E+19,0
3758096384,8295,1186,12.3;-7.3786975E+17;-3.689349E+19,0
3758096384,8025,1186,12.3;-7.3786975E+17;-3.689349E+19,0
3758096384,8205,1186,12.3;-7.3786975E+17;-3.689349E+19,0
3758096384,9424,1186,12.3;-7.3786975E+17;-3.689349E+19,0
3758096384,9703,1186,12.3;-7.3786975E+17;-3.689349E+19,0
3758096384,9703,1186,12.3;-7.3786975E+17;-3.689349E+19,0
3758096384,9504,1186,12.3;-7.3786975E+17;-3.689349E+19,0
3758096384,9504,1186,12.3;-7.3786975E+17;-3.689349E+19,0
3758096384,9504,1186,12.3;-7.3786975E+17;-3.689349E+19,0
3758096384,9504,1186,12.3;-7.3786975E+17;-3.689349E+19,0
3758096384,697,129,11.2;-7.3786975E+17;-3.689349E+19,0
3758096384,697,129,11.2;-7.3786975E+17;-3.689349E+19,0
3758096384,697,129,11.2;-7.3786975E+17;-3.689349E+19,0
3758096384,697,129,11.2;-7.3786975E+17;-3.689349E+19,0
3758096384,697,129,11.2;-7.3786975E+17;-3.689349E+19,0
3758096384,766,129,11.2;-7.3786975E+17;-3.689349E+19,0
3758096384,9504,129,11.2;-7.3786975E+17;-3.689349E+19,0
3758096384,10408,128,11.2;-7.3786975E+17;-3.689349E+19,0
3758096384,10408,128,11.2;-7.3786975E+17;-3.689349E+19,0
3758096384,10408,128,11.2;-7.3786975E+17;-3.689349E+19,0
3758096384,10408,128,11.2;-7.3786975E+17;-3.689349E+19,0
3758096384,10408,128,11.2;-7.3786975E+17;-3.689349E+19,0
3758096384,10408,128,11.2;-7.3786975E+17;-3.689349E+19,0
3758096384,10408,128,11.2;-7.3786975E+17;-3.689349E+19,0
3758096384,10408,128,11.2;-7.3786975E+17;-3.689349E+19,0
3758096384,10847,128,11.2;-7.3786975E+17;-3.689349E+19,0
3758096384,5496,628,11.2;-7.3786975E+17;-3.689349E+19,0
3758096384,5367,418,11.2;-7.3786975E+17;-3.689349E+19,0
3758096384,5367,418,11.2;-7.3786975E+17;-3.689349E+19,0
3758096384,6014,418,11.2;-7.3786975E+17;-3.689349E+19,0
3758096384,6477,418,11.2;-7.3786975E+17;-3.689349E+19,0
3758096384,6477,419,11.2;-7.3786975E+17;-3.689349E+19,0
3758096384,6477,419,11.2;-7.3786975E+17;-3.689349E+19,0
3758096384,6477,419,11.2;-7.3786975E+17;-3.689349E+19,0
3758096384,8025,419,11.2;-7.3786975E+17;-3.689349E+19,0
3758096384,8025,419,11.2;-7.3786975E+17;-3.689349E+19,0
3758096384,8025,419,11.2;-7.3786975E+17;-3.689349E+19,0
3758096384,8025,419,11.2;-7.3786975E+17;-3.689349E+19,0
3758096384,8025,419,11.2;-7.3786975E+17;-3.689349E+19,0
3758096384,8037,419,11.2;-7.3786975E+17;-3.689349E+19,0
3758096384,6196,1062,11.2;-7.3786975E+17;-3.689349E+19,0
3758096384,6196,1062,11.2;-7.3786975E+17;-3.689349E+19,0
3758096384,6465,1062,11.2;-7.3786975E+17;-3.689349E+19,0
3758096384,5871,1062,11.2;-7.3786975E+17;-3.689349E+19,0
3758096384,6493,1062,11.2;-7.3786975E+17;-3.689349E+19,0
3758096384,6493,1062,11.2;-7.3786975E+17;-3.689349E+19,0
3758096384,6493,1062,11.2;-7.3786975E+17;-3.689349E+19,0
3758096384,6493,1062,11.2;-7.3786975E+17;-3.689349E+19,0
3758096384,6375,1062,11.2;-7.3786975E+17;-3.689349E+19,0
3758096384,6308,1062,11.2;-7.3786975E+17;-3.689349E+19,0
3758096384,3540,172,11.2;-7.3786975E+17;-3.689349E+19,0
3758096384,3723,172,11.2;-7.3786975E+17;-3.689349E+19,0
3758096384,6405,436,6.1;-7.3786975E+17;-3.689349E+19,0
3758096384,6707,436,6.1;-7.3786975E+17;-3.689349E+19,0
3758096384,6707,436,6.1;-7.3786975E+17;-3.689349E+19,0
3758096384,6707,436,6.1;-7.3786975E+17;-3.689349E+19,0
3758096384,10211,436,6.1;-7.3786975E+17;-3.689349E+19,0
3758096384,6556,436,6.1;-7.3786975E+17;-3.689349E+19,0
3758096384,6480,436,6.1;-7.3786975E+17;-3.689349E+19,0
3758096384,8205,398,22.5;-7.3786975E+17;-3.689349E+19,0
3758096384,8025,398,22.5;-7.3786975E+17;-3.689349E+19,0
3758096384,8025,400,22.5;-7.3786975E+17;-3.689349E+19,0
3758096384,8512,400,22.5;-7.3786975E+17;-3.689349E+19,0
3758096384,9663,442,11.2;-7.3786975E+17;-3.689349E+19,0
3758096384,9663,442,11.2;-7.3786975E+17;-3.689349E+19,0
3758096384,9663,442,11.2;-7.3786975E+17;-3.689349E+19,0
3758096384,9663,442,11.2;-7.3786975E+17;-3.689349E+19,0
3758096384,9663,442,11.2;-7.3786975E+17;-3.689349E+19,0
3758096384,7810,442,11.2;-7.3786975E+17;-3.689349E+19,0
3758096384,10205,442,11.2;-7.3786975E+17;-3.689349E+19,0
3758096384,10205,442,11.2;-7.3786975E+17;-3.689349E+19,0
3758096384,10089,442,11.2;-7.3786975E+17;-3.689349E+19,0
3758096384,11546,442,11.2;-7.3786975E+17;-3.689349E+19,0
3758096384,11546,442,11.2;-7.3786975E+17;-3.689349E+19,0
3758096384,11546,442,11.2;-7.3786975E+17;-3.689349E+19,0
3758096384,11546,442,11.2;-7.3786975E+17;-3.689349E+19,0
3758096384,11546,442,11.2;-7.3786975E+17;-3.689349E+19,0
3758096384,11546,442,11.2;-7.3786975E+17;-3.689349E+19,0
3758096384,11675,442,11.2;-7.3786975E+17;-3.689349E+19,0
3758096384,11675,442,11.2;-7.3786975E+17;-3.689349E+19,0
3758096384,11675,442,11.2;-7.3786975E+17;-3.689349E+19,0
3758096384,11623,442,11.2;-7.3786975E+17;-3.689349E+19,0
3758096384,11623,442,11.2;-7.3786975E+17;-3.689349E+19,0
3758096384,10282,442,11.2;-7.3786975E+17;-3.689349E+19,0
3758096384,10282,442,11.2;-7.3786975E+17;-3.689349E+19,0
3758096384,10282,442,11.2;-7.3786975E+17;-3.689349E+19,0
3758096384,10282,442,11.2;-7.3786975E+17;-3.689349E+19,0
3758096384,10617,442,11.2;-7.3786975E+17;-3.689349E+19,0
3758096384,10617,442,11.2;-7.3786975E+17;-3.689349E+19,0
3758096384,10617,442,11.2;-7.3786975E+17;-3.689349E+19,0
3758096384,11387,442,11.2;-7.3786975E+17;-3.689349E+19,0
3758096384,11387,442,11.2;-7.3786975E+17;-3.689349E+19,0
3758096384,11387,442,11.2;-7.3786975E+17;-3.689349E+19,0
3758096384,11387,442,11.2;-7.3786975E+17;-3.689349E+19,0
3758096384,11387,442,11.2;-7.3786975E+17;-3.689349E+19,0
3758096384,11632,442,11.2;-7.3786975E+17;-3.689349E+19,0
3758096384,10501,442,11.2;-7.3786975E+17;-3.689349E+19,0
3758096384,8329,250,4.5;-7.3786975E+17;-3.689349E+19,0
3758096384,697,132,11.2;-7.3786975E+17;-3.689349E+19,0
3758096384,697,132,11.2;-7.3786975E+17;-3.689349E+19,0
3758096384,6207,1063,11.2;-7.3786975E+17;-3.689349E+19,0
3758096384,6655,1063,11.2;-7.3786975E+17;-3.689349E+19,0
3758096384,8850,1063,11.2;-7.3786975E+17;-3.689349E+19,0
3758096384,6567,1109,11.2;-7.3786975E+17;-3.689349E+19,0
3758096384,6567,1109,11.2;-7.3786975E+17;-3.689349E+19,0
3758096384,7741,1109,11.2;-7.3786975E+17;-3.689349E+19,0
3758096384,6412,1109,11.2;-7.3786975E+17;-3.689349E+19,0
3758096384,6412,1109,11.2;-7.3786975E+17;-3.689349E+19,0
3758096384,4494,377,6.1;-7.3786975E+17;-3.689349E+19,0
3758096384,4494,377,6.1;-7.3786975E+17;-3.689349E+19,0
3758096384,4494,377,6.1;-7.3786975E+17;-3.689349E+19,0
3758096384,4494,377,6.1;-7.3786975E+17;-3.689349E+19,0
3758096384,4695,377,6.1;-7.3786975E+17;-3.689349E+19,0
3758096384,4695,377,6.1;-7.3786975E+17;-3.689349E+19,0
3758096384,4695,377,6.1;-7.3786975E+17;-3.689349E+19,0
3758096384,4695,377,6.1;-7.3786975E+17;-3.689349E+19,0
3758096384,4695,377,6.1;-7.3786975E+17;-3.689349E+19,0
3758096384,6162,377,6.1;-7.3786975E+17;-3.689349E+19,0
3758096384,5636,377,6.1;-7.3786975E+17;-3.689349E+19,0
3758096384,5636,377,6.1;-7.3786975E+17;-3.689349E+19,0
3758096384,5636,377,6.1;-7.3786975E+17;-3.689349E+19,0
3758096384,5636,377,6.1;-7.3786975E+17;-3.689349E+19,0
3758096384,5636,377,6.1;-7.3786975E+17;-3.689349E+19,0
3758096384,5636,377,6.1;-7.3786975E+17;-3.689349E+19,0
3758096384,5950,377,6.1;-7.3786975E+17;-3.689349E+19,0
3758096384,5950,377,6.1;-7.3786975E+17;-3.689349E+19,0
3758096384,5950,377,6.1;-7.3786975E+17;-3.689349E+19,0
3758096384,5950,377,6.1;-7.3786975E+17;-3.689349E+19,0
3758096384,9167,377,6.1;-7.3786975E+17;-3.689349E+19,0
3758096384,6538,377,6.1;-7.3786975E+17;-3.689349E+19,0
3758096384,5913,377,6.1;-7.3786975E+17;-3.689349E+19,0
3758096384,5913,377,6.1;-7.3786975E+17;-3.689349E+19,0
3758096384,5913,377,6.1;-7.3786975E+17;-3.689349E+19,0
3758096384,6104,377,6.1;-7.3786975E+17;-3.689349E+19,0
3758096384,6048,377,6.1;-7.3786975E+17;-3.689349E+19,0
3758096384,6048,377,6.1;-7.3786975E+17;-3.689349E+19,0
3758096384,12367,691,6.1;-7.3786975E+17;-3.689349E+19,0
3758096384,13381,691,6.1;-7.3786975E+17;-3.689349E+19,0
3758096384,11427,612,21.4;-7.3786975E+17;-3.689349E+19,0
3758096384,10610,612,21.4;-7.3786975E+17;-3.689349E+19,0
3758096384,10141,612,21.4;-7.3786975E+17;-3.689349E+19,0
3758096384,10141,612,21.4;-7.3786975E+17;-3.689349E+19,0
3758096384,10141,612,21.4;-7.3786975E+17;-3.689349E+19,0
3758096384,10141,612,21.4;-7.3786975E+17;-3.689349E+19,0
3758096384,10248,612,21.4;-7.3786975E+17;-3.689349E+19,0
3758096384,4527,362,11.2;-7.3786975E+17;-3.689349E+19,0
3758096384,4527,362,11.2;-7.3786975E+17;-3.689349E+19,0
3758096384,4740,362,11.2;-7.3786975E+17;-3.689349E+19,0
3758096384,7230,362,11.2;-7.3786975E+17;-3.689349E+19,0
3758096384,630,1045,6.1;6.1;2.0106943,0
3758096384,559,1045,6.1;-7.3786975E+17;-3.689349E+19,0
3758096384,6165,174,11.2;-7.3786975E+17;-3.689349E+19,0
3758096384,6165,174,11.2;-7.3786975E+17;-3.689349E+19,0
3758096384,6165,174,11.2;-7.3786975E+17;-3.689349E+19,0
3758096384,6165,174,11.2;-7.3786975E+17;-3.689349E+19,0
3758096384,6165,174,11.2;-7.3786975E+17;-3.689349E+19,0
3758096384,6501,174,11.2;-7.3786975E+17;-3.689349E+19,0
3758096384,6501,174,11.2;-7.3786975E+17;-3.689349E+19,0
3758096384,6501,174,11.2;-7.3786975E+17;-3.689349E+19,0
3758096384,6501,174,11.2;-7.3786975E+17;-3.689349E+19,0
3758096384,6501,174,11.2;-7.3786975E+17;-3.689349E+19,0
3758096384,6501,174,11.2;-7.3786975E+17;-3.689349E+19,0
3758096384,6501,174,11.2;-7.3786975E+17;-3.689349E+19,0
3758096384,6501,174,11.2;-7.3786975E+17;-3.689349E+19,0
3758096384,6501,174,11.2;-7.3786975E+17;-3.689349E+19,0
3758096384,6476,174,11.2;-7.3786975E+17;-3.689349E+19,0
3758096384,6476,174,11.2;-7.3786975E+17;-3.689349E+19,0
3758096384,7400,174,11.2;-7.3786975E+17;-3.689349E+19,0
3758096384,7493,174,11.2;-7.3786975E+17;-3.689349E+19,0
3758096384,7493,174,11.2;-7.3786975E+17;-3.689349E+19,0
3758096384,7493,174,11.2;-7.3786975E+17;-3.689349E+19,0
3758096384,7493,174,11.2;-7.3786975E+17;-3.689349E+19,0
3758096384,7912,174,11.2;-7.3786975E+17;-3.689349E+19,0
3758096384,7912,174,11.2;-7.3786975E+17;-3.689349E+19,0
3758096384,7912,174,11.2;-7.3786975E+17;-3.689349E+19,0
3758096384,7912,174,11.2;-7.3786975E+17;-3.689349E+19,0
3758096384,7912,174,11.2;-7.3786975E+17;-3.689349E+19,0
3758096384,7912,174,11.2;-7.3786975E+17;-3.689349E+19,0
3758096384,7912,174,11.2;-7.3786975E+17;-3.689349E+19,0
3758096384,7912,174,11.2;-7.3786975E+17;-3.689349E+19,0
3758096384,7912,174,11.2;-7.3786975E+17;-3.689349E+19,0
3758096384,7912,174,11.2;-7.3786975E+17;-3.689349E+19,0
3758096384,7912,174,11.2;-7.3786975E+17;-3.689349E+19,0
3758096384,7912,174,11.2;-7.3786975E+17;-3.689349E+19,0
3758096384,7912,174,11.2;-7.3786975E+17;-3.689349E+19,0
3758096384,7912,174,11.2;-7.3786975E+17;-3.689349E+19,0
3758096384,7912,174,11.2;-7.3786975E+17;-3.689349E+19,0
3758096384,7912,174,11.2;-7.3786975E+17;-3.689349E+19,0
3758096384,7912,174,11.2;-7.3786975E+17;-3.689349E+19,0
3758096384,7912,174,11.2;-7.3786975E+17;-3.689349E+19,0
3758096384,7912,174,11.2;-7.3786975E+17;-3.689349E+19,0
3758096384,7912,174,11.2;-7.3786975E+17;-3.689349E+19,0
3758096384,7912,174,11.2;-7.3786975E+17;-3.689349E+19,0
3758096384,7912,174,11.2;-7.3786975E+17;-3.689349E+19,0
3758096384,7912,174,11.2;-7.3786975E+17;-3.689349E+19,0
3758096384,7834,174,11.2;-7.3786975E+17;-3.689349E+19,0
3758096384,7834,174,11.2;-7.3786975E+17;-3.689349E+19,0
3758096384,7834,174,11.2;-7.3786975E+17;-3.689349E+19,0
3758096384,3217,1044,11.2;11.2;2.0110877,0
3758096384,3183,1044,11.2;11.2;2.0110877,0
3758096384,9766,511,12;-7.3786975E+17;-3.689349E+19,0
3758096384,9766,511,12;-7.3786975E+17;-3.689349E+19,0
3758096384,1336,478,6.1;-7.3786975E+17;-3.689349E+19,0
3758096384,1336,478,6.1;-7.3786975E+17;-3.689349E+19,0
3758096384,1336,478,6.1;-7.3786975E+17;-3.689349E+19,0
3758096384,1336,478,6.1;-7.3786975E+17;-3.689349E+19,0
3758096384,4876,478,6.1;-7.3786975E+17;-3.689349E+19,0
3758096384,4876,478,6.1;-7.3786975E+17;-3.689349E+19,0
3758096384,4876,478,6.1;-7.3786975E+17;-3.689349E+19,0
3758096384,4876,478,6.1;-7.3786975E+17;-3.689349E+19,0
3758096384,5503,478,6.1;-7.3786975E+17;-3.689349E+19,0
3758096384,5263,478,6.1;-7.3786975E+17;-3.689349E+19,0
3758096384,10408,478,6.1;-7.3786975E+17;-3.689349E+19,0
3758096384,12417,478,6.1;-7.3786975E+17;-3.689349E+19,0
3758096384,11911,478,6.1;-7.3786975E+17;-3.689349E+19,0
3758096384,11911,478,6.1;-7.3786975E+17;-3.689349E+19,0
3758096384,11911,478,6.1;-7.3786975E+17;-3.689349E+19,0
3758096384,11911,478,6.1;-7.3786975E+17;-3.689349E+19,0
3758096384,12399,478,6.1;-7.3786975E+17;-3.689349E+19,0
3758096384,12024,478,6.1;-7.3786975E+17;-3.689349E+19,0
3758096384,12024,478,6.1;-7.3786975E+17;-3.689349E+19,0
3758096384,8764,1205,7.7;-7.3786975E+17;-3.689349E+19,0
3758096384,8764,1205,7.7;-7.3786975E+17;-3.689349E+19,0
3758096384,8764,1205,7.7;-7.3786975E+17;-3.689349E+19,0
3758096384,8764,1205,7.7;-7.3786975E+17;-3.689349E+19,0
3758096384,8764,1205,7.7;-7.3786975E+17;-3.689349E+19,0
3758096384,8764,1205,7.7;-7.3786975E+17;-3.689349E+19,0
3758096384,8764,1205,7.7;-7.3786975E+17;-3.689349E+19,0
3758096384,8764,1205,7.7;-7.3786975E+17;-3.689349E+19,0
3758096384,8764,1205,7.7;-7.3786975E+17;-3.689349E+19,0
3758096384,9715,1205,7.7;-7.3786975E+17;-3.689349E+19,0
3758096384,9715,1205,7.7;-7.3786975E+17;-3.689349E+19,0
3758096384,9715,1205,7.7;-7.3786975E+17;-3.689349E+19,0
3758096384,9715,1205,7.7;-7.3786975E+17;-3.689349E+19,0
3758096384,11340,582,11.2;-7.3786975E+17;-3.689349E+19,0
3758096384,11340,582,11.2;-7.3786975E+17;-3.689349E+19,0
3758096384,11340,582,11.2;-7.3786975E+17;-3.689349E+19,0
3758096384,11340,582,11.2;-7.3786975E+17;-3.689349E+19,0
3758096384,11340,582,11.2;-7.3786975E+17;-3.689349E+19,0
3758096384,11082,582,11.2;-7.3786975E+17;-3.689349E+19,0
3758096384,11082,582,11.2;-7.3786975E+17;-3.689349E+19,0
3758096384,11082,582,11.2;-7.3786975E+17;-3.689349E+19,0
3758096384,11082,582,11.2;-7.3786975E+17;-3.689349E+19,0
3758096384,11082,582,11.2;-7.3786975E+17;-3.689349E+19,0
3758096384,11082,582,11.2;-7.3786975E+17;-3.689349E+19,0
3758096384,11082,582,11.2;-7.3786975E+17;-3.689349E+19,0
3758096384,11559,582,11.2;-7.3786975E+17;-3.689349E+19,0
3758096384,11559,582,11.2;-7.3786975E+17;-3.689349E+19,0
3758096384,11559,582,11.2;-7.3786975E+17;-3.689349E+19,0
3758096384,11559,582,11.2;-7.3786975E+17;-3.689349E+19,0
3758096384,11443,582,11.2;-7.3786975E+17;-3.689349E+19,0
3758096384,11443,582,11.2;-7.3786975E+17;-3.689349E+19,0
3758096384,6370,372,11.2;-7.3786975E+17;-3.689349E+19,0
3758096384,6370,372,11.2;-7.3786975E+17;-3.689349E+19,0
3758096384,6370,372,11.2;-7.3786975E+17;-3.689349E+19,0
3758096384,6370,372,11.2;-7.3786975E+17;-3.689349E+19,0
3758096384,6370,372,11.2;-7.3786975E+17;-3.689349E+19,0
3758096384,6370,372,11.2;-7.3786975E+17;-3.689349E+19,0
3758096384,6650,372,11.2;-7.3786975E+17;-3.689349E+19,0
3758096384,6650,372,11.2;-7.3786975E+17;-3.689349E+19,0
3758096384,6650,372,11.2;-7.3786975E+17;-3.689349E+19,0
3758096384,6650,372,11.2;-7.3786975E+17;-3.689349E+19,0
3758096384,6650,372,11.2;-7.3786975E+17;-3.689349E+19,0
3758096384,6650,372,11.2;-7.3786975E+17;-3.689349E+19,0
3758096384,6650,372,11.2;-7.3786975E+17;-3.689349E+19,0
3758096384,6650,372,11.2;-7.3786975E+17;-3.689349E+19,0
3758096384,6650,372,11.2;-7.3786975E+17;-3.689349E+19,0
3758096384,6650,372,11.2;-7.3786975E+17;-3.689349E+19,0
3758096384,6650,372,11.2;-7.3786975E+17;-3.689349E+19,0
3758096384,6650,372,11.2;-7.3786975E+17;-3.689349E+19,0
3758096384,6650,372,11.2;-7.3786975E+17;-3.689349E+19,0
3758096384,6650,372,11.2;-7.3786975E+17;-3.689349E+19,0
3758096384,6650,372,11.2;-7.3786975E+17;-3.689349E+19,0
3758096384,6650,372,11.2;-7.3786975E+17;-3.689349E+19,0
3758096384,6650,372,11.2;-7.3786975E+17;-3.689349E+19,0
3758096384,6650,372,11.2;-7.3786975E+17;-3.689349E+19,0
3758096384,6650,372,11.2;-7.3786975E+17;-3.689349E+19,0
3758096384,6650,372,11.2;-7.3786975E+17;-3.689349E+19,0
3758096384,6650,372,11.2;-7.3786975E+17;-3.689349E+19,0
3758096384,6599,372,11.2;-7.3786975E+17;-3.689349E+19,0
3758096384,8308,437,6.1;-7.3786975E+17;-3.689349E+19,0
3758096384,8308,437,6.1;-7.3786975E+17;-3.689349E+19,0
3758096384,8308,437,6.1;-7.3786975E+17;-3.689349E+19,0
3758096384,8682,437,6.1;-7.3786975E+17;-3.689349E+19,0
3758096384,8682,437,6.1;-7.3786975E+17;-3.689349E+19,0
3758096384,8682,437,6.1;-7.3786975E+17;-3.689349E+19,0
3758096384,8682,437,6.1;-7.3786975E+17;-3.689349E+19,0
3758096384,8682,437,6.1;-7.3786975E+17;-3.689349E+19,0
3758096384,8592,437,6.1;-7.3786975E+17;-3.689349E+19,0
3758096384,11224,437,6.1;-7.3786975E+17;-3.689349E+19,0
3758096384,1387,1046,6.1;-7.3786975E+17;-3.689349E+19,0
3758096384,1387,1046,6.1;-7.3786975E+17;-3.689349E+19,0
3758096384,1387,1046,6.1;-7.3786975E+17;-3.689349E+19,0
3758096384,1387,1046,6.1;-7.3786975E+17;-3.689349E+19,0
3758096384,1387,1046,6.1;-7.3786975E+17;-3.689349E+19,0
3758096384,1067,1046,6.1;-7.3786975E+17;-3.689349E+19,0
3758096384,1067,1046,6.1;-7.3786975E+17;-3.689349E+19,0
3758096384,1067,1046,6.1;-7.3786975E+17;-3.689349E+19,0
3758096384,1067,1046,6.1;-7.3786975E+17;-3.689349E+19,0
3758096384,1121,1046,6.1;6.1;2.0024786,0
3758096384,1103,1046,6.1;6.1;2.0024683,0
3758096384,8036,350,11.2;-7.3786975E+17;-3.689349E+19,0
3758096384,8036,350,11.2;-7.3786975E+17;-3.689349E+19,0
3758096384,8036,350,11.2;-7.3786975E+17;-3.689349E+19,0
3758096384,8036,350,11.2;-7.3786975E+17;-3.689349E+19,0
3758096384,13070,1142,11.2;-7.3786975E+17;-3.689349E+19,0
3758096384,11266,1142,11.2;-7.3786975E+17;-3.689349E+19,0
3758096384,10997,1142,11.2;-7.3786975E+17;-3.689349E+19,0
3758096384,8330,1032,6.1;-7.3786975E+17;-3.689349E+19,0
3758096384,9440,1032,6.1;-7.3786975E+17;-3.689349E+19,0
3758096384,9840,1032,6.1;-7.3786975E+17;-3.689349E+19,0
3758096384,10063,517,6.1;-7.3786975E+17;-3.689349E+19,0
3758096384,10063,517,6.1;-7.3786975E+17;-3.689349E+19,0
3758096384,10063,517,6.1;-7.3786975E+17;-3.689349E+19,0
3758096384,10063,517,6.1;-7.3786975E+17;-3.689349E+19,0
3758096384,10063,517,6.1;-7.3786975E+17;-3.689349E+19,0
3758096384,10063,517,6.1;-7.3786975E+17;-3.689349E+19,0
3758096384,10063,517,6.1;-7.3786975E+17;-3.689349E+19,0
3758096384,10514,517,6.1;-7.3786975E+17;-3.689349E+19,0
3758096384,10514,517,6.1;-7.3786975E+17;-3.689349E+19,0
3758096384,10514,517,6.1;-7.3786975E+17;-3.689349E+19,0
3758096384,10514,517,6.1;-7.3786975E+17;-3.689349E+19,0
3758096384,10514,517,6.1;-7.3786975E+17;-3.689349E+19,0
3758096384,10398,517,6.1;-7.3786975E+17;-3.689349E+19,0
3758096384,13942,719,6.1;-7.3786975E+17;-3.689349E+19,0
3758096384,13942,719,6.1;-7.3786975E+17;-3.689349E+19,0
3758096384,12204,576,6.1;-7.3786975E+17;-3.689349E+19,0
3758096384,12204,576,6.1;-7.3786975E+17;-3.689349E+19,0
3758096384,12875,576,6.1;-7.3786975E+17;-3.689349E+19,0
3758096384,12875,576,6.1;-7.3786975E+17;-3.689349E+19,0
3758096384,12875,576,6.1;-7.3786975E+17;-3.689349E+19,0
3758096384,10617,576,6.1;-7.3786975E+17;-3.689349E+19,0
3758096384,10398,576,6.1;-7.3786975E+17;-3.689349E+19,0
3758096384,10398,576,6.1;-7.3786975E+17;-3.689349E+19,0
3758096384,12518,900,6.1;-7.3786975E+17;-3.689349E+19,0
3758096384,12518,900,6.1;-7.3786975E+17;-3.689349E+19,0
3758096384,12518,900,6.1;-7.3786975E+17;-3.689349E+19,0
3758096384,1911,1042,11.2;-7.3786975E+17;-3.689349E+19,0
3758096384,1911,1042,11.2;-7.3786975E+17;-3.689349E+19,0
3758096384,2876,1042,11.2;-7.3786975E+17;-3.689349E+19,0
3758096384,2876,1042,11.2;-7.3786975E+17;-3.689349E+19,0
3758096384,2876,1042,11.2;-7.3786975E+17;-3.689349E+19,0
3758096384,2916,1042,11.2;-7.3786975E+17;-3.689349E+19,0
3758096384,11245,627,4.2;-7.3786975E+17;-3.689349E+19,0
3758096384,11245,627,4.2;-7.3786975E+17;-3.689349E+19,0
3758096384,11245,627,4.2;-7.3786975E+17;-3.689349E+19,0
3758096384,11245,627,4.2;-7.3786975E+17;-3.689349E+19,0
3758096384,11245,627,4.2;-7.3786975E+17;-3.689349E+19,0
3758096384,11245,627,4.2;-7.3786975E+17;-3.689349E+19,0
3758096384,11245,627,4.2;-7.3786975E+17;-3.689349E+19,0
3758096384,11541,627,4.2;-7.3786975E+17;-3.689349E+19,0
3758096384,11541,627,4.2;-7.3786975E+17;-3.689349E+19,0
3758096384,11541,627,4.2;-7.3786975E+17;-3.689349E+19,0
3758096384,11541,627,4.2;-7.3786975E+17;-3.689349E+19,0
3758096384,11541,627,4.2;-7.3786975E+17;-3.689349E+19,0
3758096384,11541,627,4.2;-7.3786975E+17;-3.689349E+19,0
3758096384,11541,627,4.2;-7.3786975E+17;-3.689349E+19,0
3758096384,11541,627,4.2;-7.3786975E+17;-3.689349E+19,0
3758096384,11541,627,4.2;-7.3786975E+17;-3.689349E+19,0
3758096384,11541,627,4.2;-7.3786975E+17;-3.689349E+19,0
3758096384,11541,627,4.2;-7.3786975E+17;-3.689349E+19,0
3758096384,11541,627,4.2;-7.3786975E+17;-3.689349E+19,0
3758096384,11541,627,4.2;-7.3786975E+17;-3.689349E+19,0
3758096384,11541,627,4.2;-7.3786975E+17;-3.689349E+19,0
3758096384,11541,627,4.2;-7.3786975E+17;-3.689349E+19,0
3758096384,11541,627,4.2;-7.3786975E+17;-3.689349E+19,0
3758096384,11541,627,4.2;-7.3786975E+17;-3.689349E+19,0
3758096384,11541,627,4.2;-7.3786975E+17;-3.689349E+19,0
3758096384,11541,627,4.2;-7.3786975E+17;-3.689349E+19,0
3758096384,11541,627,4.2;-7.3786975E+17;-3.689349E+19,0
3758096384,11541,627,4.2;-7.3786975E+17;-3.689349E+19,0
3758096384,11541,627,4.2;-7.3786975E+17;-3.689349E+19,0
3758096384,11541,627,4.2;-7.3786975E+17;-3.689349E+19,0
3758096384,11541,627,4.2;-7.3786975E+17;-3.689349E+19,0
3758096384,11541,627,4.2;-7.3786975E+17;-3.689349E+19,0
3758096384,11541,627,4.2;-7.3786975E+17;-3.689349E+19,0
3758096384,11541,627,4.2;-7.3786975E+17;-3.689349E+19,0
3758096384,11541,627,4.2;-7.3786975E+17;-3.689349E+19,0
3758096384,11541,627,4.2;-7.3786975E+17;-3.689349E+19,0
3758096384,11541,627,4.2;-7.3786975E+17;-3.689349E+19,0
3758096384,11425,627,4.2;-7.3786975E+17;-3.689349E+19,0
3758096384,11425,627,4.2;-7.3786975E+17;-3.689349E+19,0
3758096384,11180,627,4.2;-7.3786975E+17;-3.689349E+19,0
3758096384,2471,1047,6.1;-7.3786975E+17;-3.689349E+19,0
3758096384,2471,1047,6.1;-7.3786975E+17;-3.689349E+19,0
3758096384,2471,1047,6.1;-7.3786975E+17;-3.689349E+19,0
3758096384,2471,1047,6.1;-7.3786975E+17;-3.689349E+19,0
3758096384,2471,1047,6.1;-7.3786975E+17;-3.689349E+19,0
3758096384,960,1040,11.2;-7.3786975E+17;-3.689349E+19,0
3758096384,960,1040,11.2;-7.3786975E+17;-3.689349E+19,0
3758096384,960,1040,11.2;-7.3786975E+17;-3.689349E+19,0
3758096384,912,1040,11.2;-7.3786975E+17;-3.689349E+19,0
3758096384,912,1040,11.2;-7.3786975E+17;-3.689349E+19,0
3758096384,912,1040,11.2;-7.3786975E+17;-3.689349E+19,0
3758096384,12272,420,11.2;-7.3786975E+17;-3.689349E+19,0
3758096384,12272,420,11.2;-7.3786975E+17;-3.689349E+19,0
3758096384,12815,420,11.2;-7.3786975E+17;-3.689349E+19,0
3758096384,12675,420,11.2;-7.3786975E+17;-3.689349E+19,0
3758096384,1450,1267,11.2;-7.3786975E+17;-3.689349E+19,0
3758096384,1450,1267,11.2;-7.3786975E+17;-3.689349E+19,0
3758096384,1450,1267,11.2;-7.3786975E+17;-3.689349E+19,0
3758096384,1523,1267,11.2;-7.3786975E+17;-3.689349E+19,0
3758096384,1505,1267,11.2;-7.3786975E+17;-3.689349E+19,0
3758096384,1558,1267,11.2;-7.3786975E+17;-3.689349E+19,0
3758096384,1558,1267,11.2;-7.3786975E+17;-3.689349E+19,0
3758096384,1558,1267,11.2;-7.3786975E+17;-3.689349E+19,0
3758096384,1558,1267,11.2;-7.3786975E+17;-3.689349E+19,0
3758096384,1576,1267,11.2;-7.3786975E+17;-3.689349E+19,0
3758096384,1426,1267,11.2;11.2;2.0096743,0
3758096384,5759,294,6.1;-7.3786975E+17;-3.689349E+19,0
3758096384,5759,294,6.1;-7.3786975E+17;-3.689349E+19,0
3758096384,5759,294,6.1;-7.3786975E+17;-3.689349E+19,0
3758096384,5759,294,6.1;-7.3786975E+17;-3.689349E+19,0
3758096384,5770,294,6.1;-7.3786975E+17;-3.689349E+19,0
3758096384,5770,294,6.1;-7.3786975E+17;-3.689349E+19,0
3758096384,5770,294,6.1;-7.3786975E+17;-3.689349E+19,0
3758096384,5882,294,6.1;-7.3786975E+17;-3.689349E+19,0
3758096384,5882,294,6.1;-7.3786975E+17;-3.689349E+19,0
3758096384,9152,294,6.1;-7.3786975E+17;-3.689349E+19,0
3758096384,6202,294,6.1;-7.3786975E+17;-3.689349E+19,0
3758096384,6202,294,6.1;-7.3786975E+17;-3.689349E+19,0
3758096384,6202,294,6.1;-7.3786975E+17;-3.689349E+19,0
3758096384,6202,294,6.1;-7.3786975E+17;-3.689349E+19,0
3758096384,6202,294,6.1;-7.3786975E+17;-3.689349E+19,0
3758096384,6202,294,6.1;-7.3786975E+17;-3.689349E+19,0
3758096384,6202,294,6.1;-7.3786975E+17;-3.689349E+19,0
3758096384,6470,294,6.1;-7.3786975E+17;-3.689349E+19,0
3758096384,6470,294,6.1;-7.3786975E+17;-3.689349E+19,0
3758096384,6470,294,6.1;-7.3786975E+17;-3.689349E+19,0
3758096384,6470,294,6.1;6.1;2.0003157,0
3758096384,5625,294,6.1;-7.3786975E+17;-3.689349E+19,0
3758096384,5625,294,6.1;-7.3786975E+17;-3.689349E+19,0
3758096384,5625,294,6.1;-7.3786975E+17;-3.689349E+19,0
3758096384,5625,294,6.1;-7.3786975E+17;-3.689349E+19,0
3758096384,4983,294,6.1;-7.3786975E+17;-3.689349E+19,0
3758096384,5938,294,6.1;-7.3786975E+17;-3.689349E+19,0
3758096384,5938,294,6.1;-7.3786975E+17;-3.689349E+19,0
3758096384,11507,580,12.7;-7.3786975E+17;-3.689349E+19,0
3758096384,11507,580,12.7;-7.3786975E+17;-3.689349E+19,0
3758096384,11507,580,12.7;-7.3786975E+17;-3.689349E+19,0
3758096384,11507,580,12.7;-7.3786975E+17;-3.689349E+19,0
3758096384,11507,580,12.7;-7.3786975E+17;-3.689349E+19,0
3758096384,11507,580,12.7;-7.3786975E+17;-3.689349E+19,0
3758096384,11507,580,12.7;-7.3786975E+17;-3.689349E+19,0
3758096384,11507,580,12.7;11.5;2.000113,0
3758096384,11507,580,12.7;-7.3786975E+17;-3.689349E+19,0
3758096384,11752,580,12.7;-7.3786975E+17;-3.689349E+19,0
3758096384,11752,580,12.7;-7.3786975E+17;-3.689349E+19,0
3758096384,11752,580,12.7;-7.3786975E+17;-3.689349E+19,0
3758096384,11752,580,12.7;-7.3786975E+17;-3.689349E+19,0
3758096384,11752,580,12.7;-7.3786975E+17;-3.689349E+19,0
3758096384,11752,580,12.7;-7.3786975E+17;-3.689349E+19,0
3758096384,10101,556,10.4;-7.3786975E+17;-3.689349E+19,0
3758096384,10101,556,10.4;-7.3786975E+17;-3.689349E+19,0
3758096384,10101,556,10.4;-7.3786975E+17;-3.689349E+19,0
3758096384,10101,556,10.4;-7.3786975E+17;-3.689349E+19,0
3758096384,10101,556,10.4;-7.3786975E+17;-3.689349E+19,0
3758096384,10656,556,10.4;-7.3786975E+17;-3.689349E+19,0
3758096384,10656,556,10.4;-7.3786975E+17;-3.689349E+19,0
3758096384,10656,556,10.4;-7.3786975E+17;-3.689349E+19,0
3758096384,10656,556,10.4;-7.3786975E+17;-3.689349E+19,0
3758096384,10656,556,10.4;-7.3786975E+17;-3.689349E+19,0
3758096384,10656,556,10.4;-7.3786975E+17;-3.689349E+19,0
3758096384,10656,556,10.4;-7.3786975E+17;-3.689349E+19,0
3758096384,10656,556,10.4;-7.3786975E+17;-3.689349E+19,0
3758096384,10656,556,10.4;-7.3786975E+17;-3.689349E+19,0
3758096384,10656,556,10.4;-7.3786975E+17;-3.689349E+19,0
3758096384,10553,556,10.4;-7.3786975E+17;-3.689349E+19,0
3758096384,10553,556,10.4;-7.3786975E+17;-3.689349E+19,0
3758096384,10437,556,10.4;-7.3786975E+17;-3.689349E+19,0
3758096384,11335,556,10.4;-7.3786975E+17;-3.689349E+19,0
3758096384,11335,556,10.4;-7.3786975E+17;-3.689349E+19,0
3758096384,11335,556,10.4;-7.3786975E+17;-3.689349E+19,0
3758096384,11825,556,10.4;-7.3786975E+17;-3.689349E+19,0
3758096384,11825,556,10.4;-7.3786975E+17;-3.689349E+19,0
3758096384,11825,556,10.4;-7.3786975E+17;-3.689349E+19,0
3758096384,494,1245,11.2;-7.3786975E+17;-3.689349E+19,0
3758096384,494,1245,11.2;-7.3786975E+17;-3.689349E+19,0
3758096384,494,1245,11.2;-7.3786975E+17;-3.689349E+19,0
3758096384,513,1245,11.2;-7.3786975E+17;-3.689349E+19,0
3758096384,506,1245,11.2;-7.3786975E+17;-3.689349E+19,0
3758096384,633,1245,11.2;-7.3786975E+17;-3.689349E+19,0
3758096384,633,1245,11.2;-7.3786975E+17;-3.689349E+19,0
3758096384,620,1245,11.2;-7.3786975E+17;-3.689349E+19,0
3758096384,646,1245,11.2;-7.3786975E+17;-3.689349E+19,0
3758096384,550,1245,11.2;-7.3786975E+17;-3.689349E+19,0
3758096384,12217,1144,11.2;-7.3786975E+17;-3.689349E+19,0
3758096384,12079,1144,11.2;-7.3786975E+17;-3.689349E+19,0
3758096384,6202,1067,6.1;-7.3786975E+17;-3.689349E+19,0
3758096384,6202,1067,6.1;-7.3786975E+17;-3.689349E+19,0
3758096384,6202,1067,6.1;-7.3786975E+17;-3.689349E+19,0
3758096384,6202,1067,6.1;-7.3786975E+17;-3.689349E+19,0
3758096384,6202,1067,6.1;-7.3786975E+17;-3.689349E+19,0
3758096384,6202,1067,6.1;-7.3786975E+17;-3.689349E+19,0
3758096384,6202,1067,6.1;-7.3786975E+17;-3.689349E+19,0
3758096384,6470,1067,6.1;-7.3786975E+17;-3.689349E+19,0
3758096384,6470,1067,6.1;-7.3786975E+17;-3.689349E+19,0
3758096384,6470,1067,6.1;-7.3786975E+17;-3.689349E+19,0
3758096384,6470,1067,6.1;-7.3786975E+17;-3.689349E+19,0
3758096384,6403,1067,6.1;-7.3786975E+17;-3.689349E+19,0
3758096384,5636,426,6.1;-7.3786975E+17;-3.689349E+19,0
3758096384,5636,426,6.1;-7.3786975E+17;-3.689349E+19,0
3758096384,5636,426,6.1;-7.3786975E+17;-3.689349E+19,0
3758096384,5636,426,6.1;-7.3786975E+17;-3.689349E+19,0
3758096384,5636,426,6.1;-7.3786975E+17;-3.689349E+19,0
3758096384,5636,426,6.1;-7.3786975E+17;-3.689349E+19,0
3758096384,5636,426,6.1;-7.3786975E+17;-3.689349E+19,0
3758096384,5882,426,6.1;-7.3786975E+17;-3.689349E+19,0
3758096384,5882,426,6.1;-7.3786975E+17;-3.689349E+19,0
3758096384,5882,426,6.1;-7.3786975E+17;-3.689349E+19,0
3758096384,5882,426,6.1;-7.3786975E+17;-3.689349E+19,0
3758096384,5882,426,6.1;-7.3786975E+17;-3.689349E+19,0
3758096384,6403,426,6.1;-7.3786975E+17;-3.689349E+19,0
3758096384,10076,508,17;-7.3786975E+17;-3.689349E+19,0
3758096384,10076,508,17;-7.3786975E+17;-3.689349E+19,0
3758096384,10076,508,17;-7.3786975E+17;-3.689349E+19,0
3758096384,10076,508,17;-7.3786975E+17;-3.689349E+19,0
3758096384,10527,508,17;-7.3786975E+17;-3.689349E+19,0
3758096384,10527,508,17;-7.3786975E+17;-3.689349E+19,0
3758096384,10527,508,17;-7.3786975E+17;-3.689349E+19,0
3758096384,10527,508,17;-7.3786975E+17;-3.689349E+19,0
3758096384,10527,508,17;-7.3786975E+17;-3.689349E+19,0
3758096384,10527,508,17;-7.3786975E+17;-3.689349E+19,0
3758096384,10527,508,17;-7.3786975E+17;-3.689349E+19,0
3758096384,10527,508,17;-7.3786975E+17;-3.689349E+19,0
3758096384,10527,508,17;-7.3786975E+17;-3.689349E+19,0
3758096384,10527,508,17;-7.3786975E+17;-3.689349E+19,0
3758096384,10527,508,17;-7.3786975E+17;-3.689349E+19,0
3758096384,10527,508,17;-7.3786975E+17;-3.689349E+19,0
3758096384,10527,508,17;-7.3786975E+17;-3.689349E+19,0
3758096384,10527,508,17;-7.3786975E+17;-3.689349E+19,0
3758096384,10527,508,17;-7.3786975E+17;-3.689349E+19,0
3758096384,10527,508,17;-7.3786975E+17;-3.689349E+19,0
3758096384,10527,508,17;-7.3786975E+17;-3.689349E+19,0
3758096384,10527,508,17;-7.3786975E+17;-3.689349E+19,0
3758096384,10527,508,17;-7.3786975E+17;-3.689349E+19,0
3758096384,10527,508,17;-7.3786975E+17;-3.689349E+19,0
3758096384,10411,508,17;-7.3786975E+17;-3.689349E+19,0
3758096384,10295,508,17;-7.3786975E+17;-3.689349E+19,0
3758096384,10295,508,17;-7.3786975E+17;-3.689349E+19,0
3758096384,11391,508,17;11.2;2.0010417,0
3758096384,5647,367,11.2;-7.3786975E+17;-3.689349E+19,0
3758096384,5647,367,11.2;-7.3786975E+17;-3.689349E+19,0
3758096384,5871,367,11.2;-7.3786975E+17;-3.689349E+19,0
3758096384,5871,367,11.2;-7.3786975E+17;-3.689349E+19,0
3758096384,12587,581,11.2;-7.3786975E+17;-3.689349E+19,0
3758096384,12587,581,11.2;-7.3786975E+17;-3.689349E+19,0
3758096384,12587,581,11.2;-7.3786975E+17;-3.689349E+19,0
3758096384,12587,581,11.2;-7.3786975E+17;-3.689349E+19,0
3758096384,12587,581,11.2;-7.3786975E+17;-3.689349E+19,0
3758096384,12587,581,11.2;-7.3786975E+17;-3.689349E+19,0
3758096384,11220,581,11.2;-7.3786975E+17;-3.689349E+19,0
3758096384,12845,581,11.2;-7.3786975E+17;-3.689349E+19,0
3758096384,12845,581,11.2;-7.3786975E+17;-3.689349E+19,0
3758096384,12845,581,11.2;-7.3786975E+17;-3.689349E+19,0
3758096384,12845,581,11.2;-7.3786975E+17;-3.689349E+19,0
3758096384,11391,581,11.2;-7.3786975E+17;-3.689349E+19,0
3758096384,10514,581,11.2;-7.3786975E+17;-3.689349E+19,0
3758096384,10979,581,11.2;-7.3786975E+17;-3.689349E+19,0
3758096384,10979,581,11.2;-7.3786975E+17;-3.689349E+19,0
3758096384,11675,581,11.2;-7.3786975E+17;-3.689349E+19,0
3758096384,11675,581,11.2;-7.3786975E+17;-3.689349E+19,0
3758096384,11546,581,11.2;-7.3786975E+17;-3.689349E+19,0
3758096384,11417,581,11.2;-7.3786975E+17;-3.689349E+19,0
3758096384,11133,523,11.2;-7.3786975E+17;-3.689349E+19,0
3758096384,11133,523,11.2;-7.3786975E+17;-3.689349E+19,0
3758096384,11133,523,11.2;-7.3786975E+17;-3.689349E+19,0
3758096384,11133,523,11.2;-7.3786975E+17;-3.689349E+19,0
3758096384,11133,523,11.2;-7.3786975E+17;-3.689349E+19,0
3758096384,11133,523,11.2;-7.3786975E+17;-3.689349E+19,0
3758096384,11133,523,11.2;-7.3786975E+17;-3.689349E+19,0
3758096384,11623,523,11.2;-7.3786975E+17;-3.689349E+19,0
3758096384,11623,523,11.2;-7.3786975E+17;-3.689349E+19,0
3758096384,11494,523,11.2;-7.3786975E+17;-3.689349E+19,0
3758096384,11494,523,11.2;-7.3786975E+17;-3.689349E+19,0
3758096384,11494,523,11.2;-7.3786975E+17;-3.689349E+19,0
3758096384,11494,523,11.2;-7.3786975E+17;-3.689349E+19,0
3758096384,5636,387,11.2;-7.3786975E+17;-3.689349E+19,0
3758096384,5636,387,11.2;-7.3786975E+17;-3.689349E+19,0
3758096384,6409,387,11.2;-7.3786975E+17;-3.689349E+19,0
3758096384,6342,387,11.2;-7.3786975E+17;-3.689349E+19,0
3758096384,4684,167,11.2;-7.3786975E+17;-3.689349E+19,0
3758096384,4740,167,11.2;-7.3786975E+17;-3.689349E+19,0
3758096384,4740,167,11.2;-7.3786975E+17;-3.689349E+19,0
3758096384,4404,349,11.2;-7.3786975E+17;-3.689349E+19,0
3758096384,4404,349,11.2;-7.3786975E+17;-3.689349E+19,0
3758096384,4404,349,11.2;-7.3786975E+17;-3.689349E+19,0
3758096384,4404,349,11.2;-7.3786975E+17;-3.689349E+19,0
3758096384,4606,349,11.2;-7.3786975E+17;-3.689349E+19,0
3758096384,4550,349,11.2;-7.3786975E+17;-3.689349E+19,0
3758096384,11572,617,13.8;-7.3786975E+17;-3.689349E+19,0
3758096384,989,1041,11.2;-7.3786975E+17;-3.689349E+19,0
3758096384,989,1041,11.2;-7.3786975E+17;-3.689349E+19,0
3758096384,989,1041,11.2;-7.3786975E+17;-3.689349E+19,0
3758096384,989,1041,11.2;11.2;2.008821,0
3758096384,1006,1041,11.2;-7.3786975E+17;-3.689349E+19,0
3758096384,4639,365,11.2;-7.3786975E+17;-3.689349E+19,0
3758096384,4639,365,11.2;-7.3786975E+17;-3.689349E+19,0
3758096384,7214,365,11.2;-7.3786975E+17;-3.689349E+19,0
3758096384,7214,365,11.2;-7.3786975E+17;-3.689349E+19,0
3758096384,6557,396,11.2;-7.3786975E+17;-3.689349E+19,0
3758096384,6557,396,11.2;-7.3786975E+17;-3.689349E+19,0
3758096384,6557,396,11.2;-7.3786975E+17;-3.689349E+19,0
3758096384,6557,396,11.2;-7.3786975E+17;-3.689349E+19,0
3758096384,6557,396,11.2;-7.3786975E+17;-3.689349E+19,0
3758096384,6839,396,11.2;-7.3786975E+17;-3.689349E+19,0
3758096384,7301,396,11.2;-7.3786975E+17;-3.689349E+19,0
3758096384,7301,396,11.2;-7.3786975E+17;-3.689349E+19,0
3758096384,7216,396,11.2;-7.3786975E+17;-3.689349E+19,0
3758096384,7216,396,11.2;-7.3786975E+17;-3.689349E+19,0
3758096384,5361,396,11.2;11.2;2.0044463,0
3758096384,11172,444,11.2;-7.3786975E+17;-3.689349E+19,0
3758096384,11172,444,11.2;-7.3786975E+17;-3.689349E+19,0
3758096384,11675,444,11.2;-7.3786975E+17;-3.689349E+19,0
3758096384,11675,444,11.2;-7.3786975E+17;-3.689349E+19,0
3758096384,11675,444,11.2;-7.3786975E+17;-3.689349E+19,0
3758096384,10437,519,12.5;-7.3786975E+17;-3.689349E+19,0
3758096384,10437,519,12.5;-7.3786975E+17;-3.689349E+19,0
3758096384,10437,519,12.5;-7.3786975E+17;-3.689349E+19,0
3758096384,10437,519,12.5;-7.3786975E+17;-3.689349E+19,0
3758096384,7419,1066,11.2;-7.3786975E+17;-3.689349E+19,0
3758096384,7419,1066,11.2;-7.3786975E+17;-3.689349E+19,0
3758096384,7419,1066,11.2;-7.3786975E+17;-3.689349E+19,0
3758096384,7646,1066,11.2;-7.3786975E+17;-3.689349E+19,0
3758096384,7570,1066,11.2;-7.3786975E+17;-3.689349E+19,0
3758096384,5083,292,6.1;6.1;2.0046492,0
3758096384,6675,151,11.2;-7.3786975E+17;-3.689349E+19,0
3758096384,6675,151,11.2;-7.3786975E+17;-3.689349E+19,0
3758096384,6675,151,11.2;-7.3786975E+17;-3.689349E+19,0
3758096384,6675,151,11.2;-7.3786975E+17;-3.689349E+19,0
3758096384,6675,151,11.2;-7.3786975E+17;-3.689349E+19,0
3758096384,6675,151,11.2;-7.3786975E+17;-3.689349E+19,0
3758096384,6675,151,11.2;-7.3786975E+17;-3.689349E+19,0
3758096384,7011,151,11.2;-7.3786975E+17;-3.689349E+19,0
3758096384,7011,151,11.2;-7.3786975E+17;-3.689349E+19,0
3758096384,7011,151,11.2;-7.3786975E+17;-3.689349E+19,0
3758096384,7011,151,11.2;-7.3786975E+17;-3.689349E+19,0
3758096384,7011,151,11.2;-7.3786975E+17;-3.689349E+19,0
3758096384,7011,151,11.2;-7.3786975E+17;-3.689349E+19,0
3758096384,7011,151,11.2;-7.3786975E+17;-3.689349E+19,0
3758096384,7011,151,11.2;-7.3786975E+17;-3.689349E+19,0
3758096384,7011,151,11.2;-7.3786975E+17;-3.689349E+19,0
3758096384,7011,151,11.2;11.2;2.0008447,0
3758096384,6944,151,11.2;11.2;2.0008447,0
3758096384,6876,151,11.2;11.2;2.0006864,0
